date,sh600026_daily,sh600115_daily,sh601186_daily,sh601766_daily,sh601919_daily,sh688009_daily,sh688015_daily,sh688033_daily,sh688510_daily,sh688569_daily,sz000008_daily,sz000088_daily,sz000089_daily,sz000099_daily,sz000429_daily,sz000507_daily,sz000520_daily,sz300011_daily
2023-04-21,23.89,7.23,15.13,9.15,19.37,7.29,25.57,19.04,16.0,42.28,63.47,43.07,54.06,29.76,32.98,31.39,23.18,57.3
2023-04-24,23.61,7.17,15.33,9.01,19.33,7.19,24.97,18.58,16.15,40.99,61.85,42.83,53.18,28.94,32.81,31.06,23.4,61.34
2023-04-25,23.21,7.07,15.12,9.06,19.18,7.46,23.58,18.76,15.74,43.55,60.51,43.15,52.74,28.59,32.72,31.0,22.97,59.41
2023-04-28,23.08,7.19,15.81,9.27,18.92,7.25,20.87,19.45,18.81,44.06,63.74,43.32,53.62,29.45,33.63,31.61,23.18,62.18
2023-05-08,22.08,6.96,16.64,9.34,19.21,6.92,20.26,18.68,19.06,44.08,67.23,45.02,54.35,31.63,37.01,32.72,23.62,65.21
2023-05-09,21.64,7.02,15.9,9.15,19.35,6.86,20.01,18.26,18.53,39.35,66.96,44.86,54.2,32.18,36.67,32.56,23.4,63.28
2023-05-10,21.32,6.87,15.46,8.89,19.09,6.6,20.14,19.07,18.31,39.76,66.43,44.45,53.25,31.63,35.54,32.61,23.18,60.08
2023-05-11,21.34,6.87,15.62,8.75,19.3,6.59,19.91,18.69,18.36,39.31,67.5,44.21,53.18,31.98,35.84,32.61,23.18,60.16
2023-05-12,20.96,6.81,14.6,8.59,19.13,6.48,19.7,18.14,18.03,37.42,66.43,44.37,53.03,31.79,36.28,32.56,22.97,57.3
2023-05-15,21.47,6.85,14.61,8.74,19.38,6.39,20.05,18.12,18.75,37.17,66.43,43.8,53.25,32.22,36.15,32.84,23.11,57.05
2023-05-17,21.27,6.78,14.05,8.7,18.79,6.35,20.14,17.97,19.31,38.63,65.89,43.07,52.66,33.0,35.84,32.45,23.04,59.15
2023-05-18,20.87,6.84,14.35,8.91,18.8,6.42,20.35,17.81,19.07,38.08,66.43,42.67,52.59,32.88,36.02,32.22,22.97,59.32
2023-05-19,20.73,6.87,13.97,8.71,18.92,6.39,20.45,17.8,19.15,37.54,65.62,41.86,52.37,32.37,35.32,31.89,22.75,58.9
2023-05-23,20.71,6.77,13.59,8.54,18.97,6.27,20.51,17.79,18.66,36.57,63.2,40.64,51.78,31.44,34.67,31.45,22.61,55.96
2023-05-24,20.39,6.58,13.04,8.36,18.55,6.12,20.65,17.95,18.71,37.7,62.39,40.15,50.68,31.05,34.28,31.06,22.39,56.29
2023-05-25,19.99,6.55,13.08,8.39,18.53,6.17,20.75,18.03,19.15,39.12,62.66,39.75,50.68,31.12,33.93,31.06,22.25,56.8
2023-05-26,20.02,6.55,12.95,8.42,18.7,6.23,20.77,17.35,19.24,38.53,62.12,39.91,50.76,31.05,33.93,31.17,22.11,56.54
2023-06-28,21.38,6.73,12.93,8.54,18.34,6.37,17.78,19.05,19.62,45.07,62.66,39.46,50.98,37.64,33.8,30.79,20.96,61.17
2023-06-29,21.34,6.55,12.95,8.69,18.24,6.44,18.54,19.1,20.03,44.3,63.2,39.37,50.68,37.75,33.72,30.79,20.96,61.26
2023-06-30,22.24,6.6,13.08,8.62,18.36,6.45,18.51,19.34,20.01,43.52,63.47,39.7,50.98,36.82,33.98,31.13,21.1,61.93
2023-07-03,24.19,6.98,13.58,8.77,18.57,6.63,18.42,19.09,20.25,44.74,63.74,39.95,52.15,37.36,33.76,31.24,21.39,61.51
2023-07-04,24.18,7.05,13.55,8.82,19.78,6.52,18.65,19.79,20.38,44.09,63.74,39.87,52.22,39.24,33.76,31.13,21.39,62.1
2023-07-05,23.59,6.98,13.56,8.83,19.84,6.53,18.34,19.85,20.17,44.86,64.01,39.95,52.15,38.3,33.59,31.07,21.25,61.76
2023-07-06,24.44,6.98,13.5,8.74,19.45,6.56,18.29,19.84,20.24,41.31,64.28,39.7,52.15,38.88,33.72,30.96,21.17,61.51
2023-07-07,24.7,6.98,13.63,8.79,19.55,6.65,18.07,19.48,19.73,41.3,64.01,40.11,52.3,40.29,33.8,31.07,21.17,61.42
2023-07-10,24.25,6.98,13.76,8.78,19.37,6.58,18.08,19.79,19.82,43.91,64.54,40.11,52.81,39.63,33.46,31.13,21.32,64.96
2023-07-11,23.95,7.05,13.72,8.81,19.28,6.57,18.24,19.59,20.21,44.03,63.2,40.27,52.59,37.72,33.37,31.24,21.39,64.37
2023-07-12,24.09,6.62,13.27,8.55,19.02,6.52,17.87,19.23,19.74,44.68,62.39,39.87,52.22,36.66,33.33,30.96,21.1,62.43
2023-07-13,24.76,6.56,13.59,8.75,19.06,6.54,18.12,19.3,19.53,44.65,62.66,40.03,52.15,36.86,33.41,31.24,21.25,62.18
2023-07-14,25.81,6.53,13.64,8.82,18.96,6.54,18.16,18.85,19.42,44.71,63.2,40.19,51.93,37.02,33.82,31.24,21.17,63.44
2023-07-17,25.67,6.52,13.66,8.87,18.89,6.58,18.13,18.91,19.24,46.07,62.66,40.19,52.22,37.05,34.23,31.24,21.03,61.0
2023-07-18,25.24,6.64,13.58,8.79,19.22,6.7,18.12,18.94,19.72,45.39,62.93,40.36,52.88,36.35,34.69,31.24,21.53,60.92
2023-07-19,25.78,6.53,13.59,8.73,19.45,6.72,18.02,18.47,19.48,45.69,62.66,40.36,52.74,36.39,34.42,31.47,21.46,59.49
2023-07-20,24.98,6.52,13.36,8.63,19.35,6.74,17.76,18.37,19.1,43.39,62.39,40.19,52.37,35.13,34.14,31.13,21.39,59.07
2023-07-21,24.92,6.52,13.2,8.58,19.35,6.72,17.69,18.37,19.12,43.41,62.66,40.44,53.03,35.05,34.37,31.24,21.39,59.07
2023-07-24,24.98,6.58,13.34,8.57,19.24,6.7,17.64,18.52,19.35,43.35,62.39,40.36,52.74,35.45,34.83,31.35,21.53,59.07
2023-07-25,25.48,6.69,13.75,8.73,19.33,6.82,18.08,18.83,19.39,45.32,63.47,40.85,53.1,35.72,34.55,31.69,21.89,60.16
2023-08-10,25.97,6.76,14.18,8.77,19.37,6.82,18.05,18.58,17.57,36.89,65.35,41.17,53.76,34.5,34.05,31.69,22.32,58.48
2023-08-11,25.01,6.59,13.76,8.62,18.98,6.73,17.78,18.13,17.28,37.16,64.28,40.85,53.03,33.56,33.59,31.13,22.04,56.96
2023-08-14,24.96,6.53,14.02,8.56,18.81,6.76,17.83,17.75,17.26,37.73,64.54,40.85,53.18,33.91,34.09,31.3,22.68,57.81
2023-08-15,24.52,6.44,13.94,8.63,18.89,6.8,17.71,17.52,17.25,38.3,64.81,41.01,52.81,33.44,34.37,31.52,22.25,57.3
2023-08-16,24.14,6.45,13.8,8.48,18.61,6.73,17.53,17.23,17.05,36.98,64.81,40.77,52.74,33.48,34.09,31.13,21.96,56.96
2023-08-17,24.55,6.44,13.98,8.55,18.67,6.83,17.94,17.54,17.96,37.75,65.35,41.01,53.32,33.95,34.55,31.3,22.32,57.81
2023-08-18,24.94,6.31,13.65,8.41,18.69,6.88,17.99,17.53,17.99,38.21,68.04,41.01,52.88,33.64,34.64,31.35,22.68,58.14
2023-08-21,23.73,6.09,13.62,8.3,18.26,6.7,17.67,17.28,17.45,38.18,66.43,40.68,51.27,33.4,35.06,31.3,22.39,58.73
2023-08-22,24.12,6.13,13.98,8.44,18.32,6.82,17.51,17.33,17.82,37.9,65.35,40.36,50.9,34.07,35.79,30.85,21.68,57.3
2023-08-23,23.4,6.05,13.52,8.34,18.22,6.78,16.81,16.95,17.4,36.49,63.74,40.27,50.02,33.09,35.75,30.51,21.17,55.62
2023-08-24,23.24,6.05,12.18,8.06,18.51,6.17,16.49,16.96,17.32,35.49,62.39,39.78,49.95,33.36,35.33,30.23,20.96,54.19
2023-08-25,23.04,5.99,12.06,8.12,18.34,6.04,16.04,16.56,16.97,34.94,62.39,40.27,50.32,31.44,35.38,30.23,20.89,53.6
2023-08-28,23.75,6.01,12.07,8.45,18.63,6.2,16.22,16.59,17.3,33.57,63.2,40.85,51.05,31.52,34.83,30.73,21.39,54.95
2023-08-29,24.25,6.08,12.23,8.36,18.63,6.41,17.61,17.39,17.85,35.55,64.28,40.77,51.27,32.58,36.07,30.85,21.46,56.38
2023-08-30,24.14,6.06,11.95,8.23,19.1,6.49,18.1,17.7,18.36,36.05,63.47,40.03,50.54,32.07,34.74,30.96,21.1,56.71
2023-08-31,23.56,6.02,12.0,8.12,19.14,6.42,17.89,17.74,18.09,37.13,63.47,40.27,49.8,31.87,34.87,30.51,20.82,56.12
2023-09-01,24.3,6.05,12.17,8.16,19.26,6.54,17.89,17.96,17.55,37.47,64.28,40.85,49.88,32.27,36.11,30.73,21.1,55.87
2023-09-04,24.84,6.1,12.38,8.4,19.43,6.51,18.14,17.99,17.67,39.07,66.43,41.5,50.83,32.74,36.16,31.3,21.39,57.55
2023-09-05,24.11,6.08,12.21,8.29,19.41,6.49,18.41,17.96,17.6,38.3,66.43,41.34,50.54,32.5,35.98,31.24,21.32,57.13
2023-09-06,22.4,5.99,12.15,8.22,19.22,6.37,18.52,17.82,18.36,38.61,65.62,40.93,50.68,32.54,35.52,31.07,21.32,57.89
2023-09-07,22.24,5.95,12.06,8.1,19.12,6.3,18.02,17.19,17.77,37.0,64.54,40.6,50.46,31.83,35.7,30.79,21.03,56.46
2023-09-08,22.28,5.91,12.02,8.07,19.0,6.21,18.15,17.18,18.15,36.26,64.81,40.44,50.32,32.11,36.02,30.62,21.25,56.96
2023-09-18,22.45,6.3,11.84,7.97,19.3,6.32,18.17,16.88,17.0,34.85,66.16,41.26,51.2,32.15,37.31,31.13,21.32,54.61
2023-09-19,22.67,6.31,11.87,7.99,19.31,6.28,18.23,16.47,16.53,34.56,65.62,41.42,51.05,31.91,37.63,31.24,21.32,54.02
2023-09-20,22.79,6.26,11.84,7.97,19.41,6.25,18.21,16.28,16.03,33.98,65.35,41.34,50.61,31.4,37.63,31.07,21.25,53.6
2023-09-21,24.14,6.2,11.7,7.89,19.49,6.24,18.27,16.08,16.06,33.58,65.62,41.09,50.61,31.09,38.41,31.02,21.32,53.43
2023-09-22,24.92,6.16,12.03,8.11,19.55,6.33,18.44,16.42,16.16,34.67,65.62,41.34,50.54,31.79,38.54,31.18,21.32,55.11
2023-09-25,25.21,6.16,11.78,8.03,19.69,6.06,18.16,16.76,15.9,33.77,64.81,41.17,49.8,30.97,38.59,31.13,21.32,54.52
2023-09-26,25.01,6.09,11.67,7.92,19.37,6.05,18.19,17.3,15.87,34.37,66.43,41.17,49.14,30.85,38.77,31.18,21.1,59.74
2023-09-27,24.69,6.13,11.87,7.95,19.18,6.1,18.15,17.95,16.71,35.37,65.35,41.17,49.36,31.13,38.59,30.9,21.03,60.41
2023-10-20,24.05,5.59,10.81,7.33,18.67,5.48,17.66,18.3,16.16,28.87,62.66,38.88,47.6,30.07,37.21,29.1,20.17,55.87
2023-10-23,23.31,5.45,10.64,7.25,18.55,5.46,17.27,18.28,16.1,27.94,61.85,38.23,46.87,29.6,37.17,28.48,19.52,53.77
2023-10-24,23.47,5.59,10.73,7.28,18.57,5.46,17.85,18.38,16.19,28.93,62.39,39.05,47.23,29.91,37.63,29.1,20.31,54.52
2023-10-25,23.4,5.69,10.9,7.36,18.96,5.47,18.87,18.41,16.51,29.09,63.47,39.54,47.89,30.42,37.58,29.55,20.6,55.53
2023-10-26,23.11,5.77,10.91,7.41,18.96,5.56,18.79,18.8,16.53,29.22,63.2,40.03,48.41,30.89,38.36,29.72,20.6,56.71
2023-10-27,24.05,5.88,11.01,7.55,19.0,5.54,18.86,19.19,16.8,29.43,63.47,40.85,49.0,31.17,38.32,29.89,20.82,56.71
2023-10-30,25.19,6.03,10.88,7.43,18.98,5.41,19.36,19.19,16.98,29.31,63.47,40.19,49.66,31.32,36.85,29.89,20.74,57.05
2023-10-31,25.64,6.05,10.94,7.3,19.08,5.38,19.23,18.44,18.34,29.03,63.47,40.36,49.66,31.21,37.08,30.06,20.89,57.89
2023-11-01,25.46,5.95,10.84,7.26,18.87,5.32,19.36,18.21,18.41,28.94,63.74,40.44,49.58,31.09,37.21,29.95,20.96,58.4
2023-11-02,25.72,5.94,10.77,7.23,19.06,5.33,19.15,17.73,18.16,28.63,63.2,40.52,49.29,30.62,37.26,29.78,20.96,57.64
2023-11-03,25.76,5.91,10.76,7.32,19.16,5.3,19.49,18.21,18.32,29.43,63.74,40.11,49.29,31.17,36.89,29.78,20.96,58.9
2023-11-06,25.85,5.9,10.95,7.34,18.89,5.34,19.78,18.83,18.81,30.25,64.28,40.27,49.36,31.56,36.2,30.17,21.1,58.98
2023-11-07,25.4,5.83,10.81,7.26,18.79,5.32,19.88,18.67,18.52,30.15,64.54,40.27,49.0,31.64,36.85,30.06,22.04,60.67
2023-11-08,24.6,5.8,10.8,7.23,18.89,5.31,19.61,18.61,18.41,29.92,64.01,40.19,48.7,31.48,37.12,29.83,24.26,62.85
2023-11-09,24.76,5.84,10.84,7.3,18.83,5.31,19.53,18.46,18.24,29.8,63.74,40.11,48.48,31.25,37.44,29.61,24.4,61.42
2023-11-10,25.16,5.78,10.68,7.17,18.94,5.29,19.23,18.53,18.2,29.4,62.93,40.36,48.41,31.32,37.31,30.68,22.11,61.26
2023-11-13,24.3,5.81,10.81,7.25,18.98,5.37,19.58,18.82,18.77,29.87,64.01,40.44,48.7,31.95,37.21,30.34,22.61,62.52
2023-11-14,24.62,5.81,10.86,7.26,18.96,5.37,19.9,18.95,18.6,30.13,64.28,40.27,48.78,31.91,37.21,30.4,22.83,64.37
2023-11-15,24.53,5.83,10.88,7.32,19.06,5.4,19.91,18.73,18.74,30.76,64.28,40.36,48.92,31.99,37.03,30.68,22.25,64.45
2023-11-16,24.57,5.83,10.79,7.26,19.02,5.35,19.71,18.6,18.46,30.15,64.28,40.11,48.63,31.95,37.26,31.02,21.82,65.04
2023-11-17,24.62,5.84,10.73,7.26,18.92,5.34,19.93,18.7,18.38,30.12,64.28,39.95,48.85,32.11,37.26,30.85,21.89,64.2
2023-11-20,24.07,5.95,10.73,7.29,18.87,5.31,20.19,19.23,18.68,30.33,65.08,39.87,49.44,32.34,36.98,30.79,21.89,64.37
2023-11-21,24.59,5.95,10.75,7.29,19.02,5.3,20.1,19.21,18.39,29.95,65.62,40.27,49.58,31.99,37.12,30.85,22.04,63.44
2023-11-22,24.76,5.94,10.64,7.22,18.92,5.23,19.82,18.08,18.22,29.28,65.08,41.67,49.66,31.87,37.35,30.9,21.61,62.35
2023-11-23,24.89,5.95,10.66,7.26,19.2,5.26,20.15,18.31,18.23,29.54,65.62,41.83,49.95,32.19,37.12,31.02,21.82,63.36
2023-11-24,24.2,5.94,10.6,7.19,19.26,5.24,19.83,17.6,17.91,28.74,65.89,41.99,49.58,31.76,37.21,30.96,21.82,62.77
2023-11-27,24.23,5.94,10.43,7.11,19.31,5.14,20.01,17.32,18.27,29.05,65.89,41.83,49.88,31.68,36.8,31.13,21.96,63.28
2023-11-28,23.77,5.81,10.42,7.13,19.12,5.13,20.59,17.38,18.27,29.24,66.7,41.83,49.73,31.68,36.76,31.13,21.75,64.03
2023-11-29,23.72,5.74,10.23,7.07,19.24,5.06,20.53,17.55,18.17,28.78,66.7,41.83,49.36,31.4,36.76,31.13,21.68,64.03
2023-12-08,22.31,5.69,10.31,7.08,19.39,5.06,19.39,16.99,17.21,27.93,64.54,41.58,48.78,30.58,38.36,30.73,21.17,67.23
2023-12-11,22.33,5.69,10.31,7.17,19.51,5.07,19.63,17.19,17.53,28.56,65.89,42.24,49.29,31.01,39.28,31.07,21.39,66.81
2023-12-12,21.78,5.69,10.42,7.17,19.73,5.05,19.73,16.75,17.38,28.91,66.96,42.4,49.51,31.32,39.74,31.24,21.17,65.46
2023-12-13,20.69,5.53,10.27,7.11,19.63,4.99,19.81,16.62,17.35,28.44,66.7,42.32,49.36,32.5,40.61,31.3,21.17,64.79
2023-12-14,20.71,5.52,10.27,7.07,19.73,5.0,19.64,16.54,17.19,28.41,66.16,42.24,49.36,32.31,41.67,31.35,21.39,65.3
2023-12-15,20.55,5.48,10.26,7.02,19.59,4.97,19.35,16.32,17.09,28.09,66.16,41.83,48.85,32.31,39.55,31.02,21.03,64.87
2023-12-18,22.61,5.4,10.15,6.97,20.76,4.93,19.18,16.11,16.94,27.55,65.35,42.08,48.33,31.79,39.51,31.02,22.68,63.44
2023-12-19,22.2,5.35,10.08,6.95,20.68,4.87,19.27,16.2,17.0,27.88,64.81,41.67,48.19,31.72,39.33,30.51,22.04,63.53
2023-12-20,23.0,5.27,10.05,6.91,20.56,4.83,19.05,15.88,17.0,27.35,64.01,41.34,47.89,31.13,39.23,30.4,21.39,62.85
2023-12-21,22.54,5.33,10.13,7.0,20.62,4.85,19.15,16.16,17.06,27.66,63.74,41.26,48.11,31.56,38.82,30.34,21.53,63.28
2023-12-22,22.58,5.33,10.2,7.08,20.91,4.83,18.92,16.17,17.11,27.3,63.2,41.09,47.82,31.91,38.91,30.28,22.04,61.68
2023-12-25,21.72,5.35,10.16,7.11,20.09,4.9,18.88,16.03,17.09,27.15,62.66,40.6,47.6,32.27,39.0,30.85,21.03,61.85
2023-12-27,22.35,5.27,10.26,7.1,19.94,4.94,18.85,15.99,16.8,27.01,62.93,40.19,46.65,32.27,39.46,29.5,20.17,61.68
2023-12-28,21.67,5.4,10.41,7.18,19.74,5.0,19.4,16.82,17.39,27.96,63.2,40.19,47.67,33.56,38.59,29.83,20.24,64.37
2024-01-02,22.74,5.34,10.34,7.18,20.21,5.02,19.88,16.62,18.14,29.11,64.01,40.36,47.01,34.46,39.42,30.23,20.53,67.74
2024-01-03,23.2,5.33,10.41,7.21,20.33,5.03,19.76,16.43,17.64,28.93,63.47,40.6,47.31,34.42,40.2,30.45,20.31,67.65
2024-01-04,23.16,5.22,10.35,7.17,20.66,4.98,19.54,16.25,17.7,28.36,63.2,40.85,47.01,33.76,40.56,30.57,20.38,67.23
2024-01-05,22.72,5.19,10.43,7.13,20.54,4.97,19.23,15.79,17.24,27.85,62.66,40.6,46.72,33.01,40.47,30.34,19.74,66.14
2024-01-08,23.11,5.1,10.2,7.07,20.44,4.85,18.81,15.0,16.89,26.87,61.85,39.78,45.99,32.54,40.75,29.72,19.31,64.54
2024-01-09,22.24,5.19,10.24,7.14,19.92,4.91,19.01,15.5,17.04,26.63,62.12,40.11,46.43,33.17,41.07,30.06,19.52,64.54
2024-01-10,21.92,5.16,10.2,7.11,19.18,4.91,18.97,15.55,16.7,26.32,61.85,39.78,46.35,33.36,40.89,29.95,19.38,63.36
2024-01-11,22.15,5.2,10.19,7.1,19.08,4.92,19.19,16.15,16.77,26.02,62.39,39.78,46.43,35.37,40.29,29.89,19.6,64.96
2024-01-12,23.18,5.27,10.23,7.22,19.47,5.0,19.07,16.02,16.91,27.45,62.39,39.62,46.72,35.29,40.84,30.06,19.6,63.61
2024-01-15,25.05,5.29,10.26,7.32,20.11,5.0,18.92,15.7,16.64,27.17,62.12,39.29,47.23,35.25,41.16,30.0,19.81,63.78
2024-01-16,24.96,5.37,10.3,7.32,19.94,5.06,18.87,16.13,16.67,26.93,62.12,38.56,48.04,36.54,41.44,30.0,19.45,63.28
2024-01-17,23.8,5.23,10.16,7.25,19.55,4.95,18.35,15.32,15.76,25.88,61.05,37.74,47.45,34.46,41.21,29.38,19.02,61.85
2024-01-18,24.44,5.24,10.08,7.29,19.57,4.86,17.91,15.38,15.43,25.79,59.97,36.92,47.31,35.09,40.89,28.6,18.81,60.16
2024-01-19,23.63,5.26,10.06,7.21,19.59,4.83,17.75,14.93,15.53,25.28,59.7,37.0,46.79,33.88,40.93,28.37,18.66,59.07
2024-01-22,22.68,5.12,9.89,7.13,19.25,4.65,16.71,13.19,14.18,23.9,57.01,35.28,44.81,31.83,40.33,26.74,17.73,53.26
2024-01-23,22.88,5.15,9.87,7.06,19.49,4.63,16.27,13.6,14.42,24.13,57.82,35.85,45.47,31.87,40.33,26.74,17.66,53.01
2024-01-24,23.5,5.27,10.61,7.37,19.98,4.83,16.33,13.28,14.67,24.96,59.7,37.08,46.87,35.05,40.84,27.81,18.3,54.27
2024-01-25,24.21,5.41,11.51,7.75,20.62,5.37,17.4,13.58,15.1,29.64,61.32,37.98,47.75,37.09,40.52,28.71,18.73,56.96
2024-01-26,24.18,5.48,11.54,7.73,20.93,5.26,17.12,13.07,14.77,28.35,61.85,39.13,48.33,36.9,41.62,29.61,19.16,56.38
2024-01-29,24.43,5.42,11.81,7.88,20.85,5.4,16.36,12.45,14.21,30.07,60.78,38.96,48.41,36.54,41.8,29.16,18.95,55.03
2024-01-30,23.88,5.31,12.02,7.82,20.56,5.27,15.66,12.26,13.72,28.09,59.17,38.23,46.57,35.99,41.76,29.66,18.23,53.26
2024-01-31,23.43,5.19,11.73,7.78,20.42,5.31,14.74,11.6,13.1,25.9,57.28,37.49,45.4,36.07,41.94,27.53,17.59,49.81
2024-02-01,22.99,5.09,11.26,7.7,20.31,5.18,14.55,11.44,12.79,24.73,56.21,37.57,44.74,34.39,41.99,27.3,17.15,48.63
2024-02-02,22.65,5.05,11.28,7.73,20.21,5.17,13.75,10.77,11.98,24.82,55.13,36.43,44.45,34.78,42.9,26.4,16.44,45.86
2024-02-05,21.62,5.01,10.91,7.82,20.27,4.98,12.07,9.83,11.07,20.92,52.17,35.36,44.08,31.64,44.74,24.54,14.86,40.39
2024-02-06,22.1,5.2,11.31,8.03,20.6,5.15,12.19,10.37,11.74,22.04,54.32,37.82,46.43,32.11,43.87,25.5,14.64,40.56
2024-02-07,22.93,5.2,11.44,8.01,20.62,5.19,11.96,11.08,11.92,21.49,53.79,38.96,49.0,33.17,43.87,25.27,13.71,38.29
2024-02-08,23.18,5.24,11.43,8.06,20.64,5.27,13.3,12.45,13.55,24.13,55.67,39.46,49.14,34.5,43.59,26.51,14.79,42.83
2024-02-19,24.96,5.27,11.61,8.14,21.09,5.29,13.8,11.77,13.42,24.57,56.48,39.78,47.97,35.88,44.51,26.91,15.29,44.43
2024-02-20,25.1,5.24,11.55,8.19,21.19,5.23,13.86,11.79,13.73,24.74,56.21,39.78,47.67,35.56,45.47,26.85,15.22,45.18
2024-02-21,24.89,5.35,11.91,8.27,21.48,5.29,14.22,11.87,13.94,25.17,56.74,39.54,47.89,38.0,45.38,27.08,15.58,46.19
2024-02-22,25.14,5.38,11.95,8.3,22.02,5.32,14.57,12.16,14.26,25.52,57.01,39.54,48.11,38.15,45.98,27.13,15.79,48.13
2024-02-23,24.37,5.33,11.93,8.26,22.08,5.27,15.13,12.34,14.27,25.64,57.82,39.54,47.82,38.15,45.34,27.36,16.08,49.73
2024-02-26,24.25,5.29,11.57,8.59,21.48,5.47,15.75,12.05,14.54,26.23,58.09,39.21,47.31,38.62,43.55,27.64,16.37,50.91
2024-02-27,24.3,5.33,11.63,8.6,21.63,5.51,15.93,12.4,14.9,26.37,58.63,39.62,47.89,38.51,43.68,28.31,16.8,52.59
2024-02-28,23.66,5.24,11.77,8.48,21.36,5.42,14.6,11.75,13.79,25.3,56.74,39.05,47.38,37.33,44.65,27.47,15.72,47.29
2024-02-29,24.5,5.29,11.84,8.73,21.54,5.58,15.21,12.32,14.2,25.93,57.82,39.46,47.97,39.41,44.14,28.2,16.22,49.31
2024-03-01,24.04,5.2,11.72,8.96,21.38,5.82,15.83,12.36,14.63,26.06,58.09,39.21,47.67,38.78,44.14,27.58,16.15,50.82
2024-03-04,25.17,5.15,11.48,9.09,21.42,5.79,15.84,12.38,14.54,26.9,57.82,38.8,47.53,39.76,44.28,27.24,16.01,51.66
2024-03-05,25.08,5.1,11.63,9.3,21.5,5.9,15.3,11.97,14.43,26.01,57.28,38.56,47.16,41.25,44.97,26.74,15.58,49.64
2024-03-06,25.33,5.09,11.48,9.27,21.4,6.03,15.33,12.22,14.55,25.65,57.28,38.39,47.09,41.65,45.38,26.74,15.93,50.82
2024-03-07,25.85,5.05,11.44,9.38,21.4,6.24,17.03,11.75,14.19,27.84,62.93,38.47,47.01,39.84,46.21,26.68,15.93,54.78
2024-03-08,25.96,5.02,11.55,9.41,21.87,6.41,16.53,11.99,14.54,29.67,69.12,38.72,46.94,41.22,46.53,26.79,16.08,53.26
2024-03-11,26.15,5.1,11.63,9.3,21.91,6.38,16.91,12.39,15.83,29.34,76.11,38.8,47.16,42.04,44.97,27.08,16.58,53.85
2024-03-12,25.19,5.19,11.46,8.92,21.46,6.06,17.01,13.07,16.89,28.9,77.99,38.64,47.67,46.24,44.28,27.24,16.65,54.95
2024-03-13,25.1,5.09,11.22,8.86,21.26,5.93,16.68,13.0,16.97,28.87,72.07,38.56,47.16,50.87,44.05,27.02,16.58,54.86
2024-03-14,25.53,5.1,11.39,8.89,21.56,5.98,16.37,12.51,16.61,29.11,77.99,38.96,47.6,46.83,44.23,29.72,16.65,53.43
2024-03-15,25.39,5.16,11.33,8.9,21.4,6.05,16.61,10.64,16.87,28.73,73.96,39.13,48.04,48.32,44.33,28.99,16.8,54.02
2024-03-18,26.52,5.26,11.61,8.88,21.54,6.24,17.22,11.37,18.26,29.31,74.76,39.46,48.7,52.6,44.6,28.88,17.08,56.12
2024-03-19,26.9,5.2,11.47,8.81,21.05,6.18,17.15,11.03,18.06,28.66,73.42,38.96,48.33,51.46,44.05,28.48,17.01,56.21
2024-03-20,28.34,5.27,11.57,8.81,21.17,6.12,17.53,11.0,18.0,28.85,72.88,39.05,48.26,52.52,44.28,28.43,17.3,58.48
2024-03-21,28.78,5.26,11.61,8.83,21.19,6.02,17.98,11.43,18.17,28.4,70.19,38.8,48.19,52.4,44.05,28.26,17.3,57.64
2024-03-22,28.8,5.15,11.52,8.85,21.01,6.01,18.49,10.96,17.85,27.5,70.46,38.47,47.82,49.18,44.28,27.86,16.87,56.71
2024-03-25,29.07,5.1,11.55,8.85,20.97,5.96,17.03,10.46,17.32,25.85,65.89,38.39,47.6,46.91,44.79,27.98,16.58,54.44
2024-03-26,29.01,5.09,11.73,8.96,20.93,6.09,16.84,10.52,17.32,25.74,65.62,38.64,47.45,46.36,45.34,28.2,16.58,54.86
2024-03-27,28.44,5.05,11.63,8.96,21.11,6.27,16.51,9.98,16.59,24.0,63.47,38.15,47.16,50.99,44.88,27.64,16.22,52.17
2024-03-28,28.36,5.06,11.59,9.05,21.3,6.28,17.92,10.5,17.48,24.05,64.81,38.39,49.29,56.09,45.06,27.86,16.44,53.77
2024-03-29,29.92,5.05,11.69,9.33,21.24,6.44,17.85,10.4,17.44,24.82,66.7,38.8,48.04,61.71,45.93,28.26,16.58,55.28
2024-04-01,29.74,5.15,11.87,9.4,21.32,6.45,17.87,10.65,17.61,25.47,66.7,39.21,50.1,67.87,45.66,28.43,16.8,56.12
2024-04-02,30.26,5.09,11.76,9.45,21.69,6.37,17.55,10.8,17.65,25.04,65.35,39.54,49.73,66.22,45.52,28.43,17.15,56.46
2024-04-08,30.36,4.9,11.62,9.4,21.83,6.26,17.45,10.38,16.79,23.67,63.47,39.7,50.1,58.76,46.02,28.14,17.59,50.65
2024-04-09,28.8,4.95,11.4,9.22,21.61,6.25,17.31,10.64,17.17,24.08,64.54,39.54,50.02,56.92,45.47,28.2,17.51,50.99
2024-04-10,28.64,4.95,11.26,9.12,21.65,6.25,17.01,10.31,17.28,23.77,66.43,39.13,50.02,62.61,46.12,27.92,17.23,49.98
2024-04-11,28.09,4.91,11.28,9.26,21.71,6.5,17.1,10.25,16.98,24.35,65.08,39.87,49.66,60.84,46.62,28.14,17.37,49.81
2024-04-12,28.73,4.79,11.07,9.27,21.81,6.62,17.55,9.99,16.96,24.54,64.01,39.78,49.14,59.19,46.76,28.09,18.3,49.48
2024-04-15,29.72,4.84,11.88,10.2,22.18,6.88,18.22,9.63,17.03,26.15,62.93,40.27,50.32,65.12,48.23,27.92,16.87,46.53
2024-04-16,28.12,4.73,11.77,10.48,22.0,6.77,16.41,8.9,16.2,25.2,57.82,39.87,49.95,65.67,47.58,26.62,18.59,41.9
2024-04-17,28.84,4.86,11.96,10.78,22.3,6.88,17.33,9.37,17.09,26.05,60.24,40.36,50.17,72.23,48.36,27.53,18.3,46.53
2024-04-18,28.46,4.92,11.87,10.63,22.26,6.8,20.79,9.51,18.41,26.21,59.43,40.44,50.61,79.45,48.36,27.36,20.17,45.86
2024-04-19,30.12,4.84,11.89,10.67,22.53,6.94,22.56,9.28,18.35,27.08,61.05,40.93,50.02,87.38,48.92,27.53,22.18,45.86
2024-04-22,29.35,4.97,11.82,10.16,22.65,6.69,19.28,9.16,18.72,25.93,59.43,40.36,50.24,80.55,48.59,27.24,19.95,46.03
2024-04-24,28.75,5.02,11.73,9.94,22.88,6.58,20.35,9.2,19.24,25.56,59.7,40.27,49.88,86.28,48.78,27.47,17.51,47.63
2024-04-25,28.57,5.08,11.67,9.94,23.25,6.5,19.76,8.29,19.11,25.8,59.17,40.44,52.59,85.96,49.19,27.64,18.3,47.63
2024-05-14,31.93,5.31,12.03,10.04,28.64,6.67,19.79,7.72,19.71,25.28,61.32,41.26,51.93,79.13,47.77,28.48,21.25,48.8
2024-05-15,31.77,5.29,11.87,9.83,29.3,6.57,20.72,7.63,19.61,24.82,60.24,40.77,51.93,80.08,47.77,28.09,21.68,48.38
2024-05-16,30.22,5.26,12.1,9.72,28.93,6.57,20.38,7.63,19.14,25.11,60.24,40.68,51.56,82.43,46.85,28.14,20.53,48.63
2024-05-17,30.26,5.47,12.27,9.72,28.85,6.89,24.46,7.89,19.72,25.0,60.78,41.01,52.37,83.73,47.26,28.31,19.95,48.8
2024-05-20,31.38,5.56,12.17,9.68,29.55,6.68,25.54,7.8,20.16,24.95,60.78,41.34,53.1,82.59,47.17,28.48,21.96,49.31
2024-05-21,31.64,5.53,12.11,9.68,29.26,6.73,26.18,7.62,19.91,24.62,59.97,41.34,52.74,85.59,47.4,28.26,21.68,47.88
2024-05-22,30.75,5.62,12.29,9.57,28.72,6.52,25.96,7.89,19.67,24.77,60.24,41.19,53.32,83.5,47.49,28.26,21.46,47.96
2024-05-23,30.58,5.49,12.04,9.37,28.99,6.36,24.15,7.63,19.57,24.17,59.17,40.51,52.3,83.5,47.26,28.2,21.82,46.62
2024-05-24,30.61,5.48,11.97,9.35,29.01,6.43,22.24,7.38,19.31,24.28,58.63,40.42,52.0,75.23,47.4,27.64,20.82,46.53
2024-05-27,31.75,5.53,12.06,9.63,30.86,6.51,21.8,7.23,19.4,24.65,58.63,41.27,52.3,74.48,47.77,27.92,22.9,46.7
2024-05-28,32.37,5.49,11.89,9.53,31.86,6.4,21.37,7.14,19.52,24.35,57.55,40.68,51.71,71.68,47.72,27.81,24.05,46.62
2024-06-13,30.15,5.47,11.44,9.6,30.82,6.83,20.07,6.86,19.33,23.73,54.06,38.81,49.0,69.2,46.85,25.79,19.88,42.74
2024-06-14,29.1,5.48,11.48,9.45,31.21,6.57,19.69,6.71,18.73,23.59,54.32,38.64,49.73,68.05,47.13,25.67,20.1,43.0
2024-06-17,28.2,5.51,11.47,9.26,30.82,6.4,19.24,6.68,19.22,23.37,54.59,38.72,48.55,67.34,47.54,25.45,18.95,42.66
2024-06-18,28.5,5.52,11.72,9.67,31.95,6.51,20.51,6.81,19.04,23.61,55.4,39.23,48.63,69.47,48.64,25.67,19.38,44.01
2024-06-19,28.27,5.51,11.77,9.7,31.97,6.51,21.33,6.65,19.05,23.05,54.32,38.89,48.19,71.09,48.32,25.45,18.59,44.09
2024-06-20,29.19,5.47,11.61,9.72,33.38,6.59,21.35,6.52,18.86,22.95,53.52,38.89,47.67,67.03,48.23,25.05,18.81,42.74
2024-06-24,28.18,5.47,11.5,9.7,32.55,6.56,19.13,6.09,17.8,20.96,51.64,37.87,46.79,64.51,47.31,24.43,17.08,39.97
2024-06-26,27.52,5.51,11.55,9.85,32.26,6.67,19.05,6.26,18.05,22.43,52.17,38.98,47.38,64.51,47.03,25.0,16.94,42.16
2024-06-27,27.06,5.52,11.54,9.82,31.28,6.62,18.47,6.11,17.59,21.54,51.64,37.96,47.09,61.99,47.45,24.77,16.44,41.65
2024-06-28,27.75,5.56,11.69,10.27,32.26,6.86,19.21,6.07,18.71,21.81,51.9,38.47,47.61,64.0,47.77,25.0,16.58,41.99
2024-07-02,28.11,5.56,11.8,10.49,33.42,6.89,18.86,5.96,18.18,22.19,52.98,39.06,48.5,63.36,48.78,25.56,18.66,43.0
2024-07-03,27.47,5.53,11.8,10.59,32.22,6.86,18.53,5.93,17.78,21.62,52.44,39.15,48.8,62.77,49.79,25.56,18.16,42.58
2024-07-04,27.79,5.33,11.69,10.52,32.34,6.78,17.74,5.7,17.46,21.11,51.37,38.72,47.61,60.88,50.61,25.17,17.8,41.15
2024-07-05,27.73,5.3,11.55,10.48,31.93,6.72,17.59,5.73,17.46,20.89,51.9,38.64,47.76,60.92,51.26,25.22,17.73,41.57
2024-07-08,26.93,5.33,11.22,10.53,29.99,6.93,17.22,5.49,16.99,19.94,51.1,37.87,47.16,59.7,50.93,24.77,17.01,39.97
2024-07-09,26.51,5.33,11.28,10.68,30.24,7.27,17.96,5.52,17.48,20.27,50.83,38.47,48.43,62.62,52.08,25.05,16.87,41.23
2024-07-10,25.88,5.17,11.16,10.48,29.93,7.15,17.96,5.42,17.81,19.77,48.68,37.79,48.06,62.3,51.07,24.83,16.65,40.39
2024-07-11,25.9,5.45,11.32,10.59,29.57,7.38,18.47,5.7,18.45,20.65,50.02,38.47,49.25,62.81,50.02,25.33,16.72,42.07
2024-07-12,25.23,5.41,11.33,10.42,28.2,7.08,18.36,5.63,18.48,20.41,49.75,38.72,49.47,62.5,50.57,25.45,16.87,42.07
2024-07-15,24.82,5.4,11.35,10.49,28.07,7.09,18.15,5.42,18.25,20.07,49.21,38.3,49.25,62.66,50.41,25.22,16.37,41.15
2024-07-16,25.35,5.48,11.44,10.49,28.05,7.04,18.3,5.39,17.89,20.17,49.21,38.04,49.03,63.48,50.12,25.28,16.51,41.4
2024-07-18,25.95,5.52,11.54,10.63,27.64,7.21,17.8,5.33,17.97,20.16,50.02,38.55,49.1,59.78,50.21,25.22,16.08,43.25
2024-07-19,25.99,5.59,11.63,10.89,27.47,7.16,18.44,5.37,18.17,21.62,55.13,38.55,49.4,58.79,49.68,25.17,15.93,48.3
2024-07-22,26.17,5.63,11.61,10.72,27.34,7.11,18.42,5.37,18.38,21.42,54.59,38.64,48.95,59.54,49.06,25.17,15.79,45.94
2024-07-23,27.25,5.53,11.52,10.67,27.28,6.99,18.25,5.24,18.05,21.22,58.63,38.38,48.28,57.69,48.77,24.94,16.08,46.78
2024-07-24,26.85,5.47,11.69,10.87,27.2,7.07,17.8,5.1,18.57,21.24,54.59,38.55,48.13,57.37,49.35,25.0,15.5,44.01
2024-08-08,26.24,5.53,11.65,10.38,25.86,6.8,18.93,5.65,15.69,21.04,56.21,38.72,48.88,68.41,50.99,25.62,16.15,44.76
2024-08-09,26.41,5.4,11.75,10.38,25.64,6.83,18.78,5.5,15.6,21.0,55.94,38.72,48.65,66.99,50.26,25.56,15.93,44.51
2024-08-12,26.95,5.29,11.62,10.34,25.76,6.66,18.29,5.32,15.45,20.74,54.86,38.47,48.28,65.65,50.84,25.62,15.79,43.67
2024-08-13,26.88,5.26,11.68,10.48,26.01,6.77,18.58,5.35,15.53,20.76,55.94,38.47,48.5,66.16,51.76,25.62,16.37,44.18
2024-08-14,26.01,5.22,11.73,10.42,25.55,6.68,18.59,5.25,15.27,20.34,55.4,38.21,48.28,64.82,52.73,25.5,15.86,44.6
2024-08-15,26.43,5.22,11.85,10.7,25.99,6.83,18.37,5.36,15.32,20.41,55.94,38.47,48.58,64.82,53.69,25.56,16.15,45.86
2024-08-16,27.08,5.23,11.85,10.7,26.39,6.82,18.01,5.21,15.32,20.31,55.94,38.04,47.61,62.46,53.45,25.33,16.01,45.27
2024-08-19,27.7,5.24,11.92,11.26,26.45,7.03,18.69,5.12,15.11,20.75,57.28,38.47,47.54,62.93,53.84,25.5,16.01,54.36
2024-08-20,27.15,5.17,11.82,11.12,25.84,6.97,17.82,4.93,14.81,20.27,55.13,37.87,46.72,60.49,53.74,25.05,15.58,49.22
2024-08-21,27.15,5.16,11.73,11.15,26.07,6.84,17.5,4.96,14.83,20.03,54.59,37.87,45.9,59.74,54.27,24.94,15.58,49.64
2024-08-22,27.3,5.15,11.79,11.3,26.18,6.9,17.32,4.89,14.98,19.73,53.79,37.7,45.45,59.42,55.24,24.83,15.72,47.54
2024-08-23,26.77,5.17,11.76,11.36,25.76,6.93,16.97,4.84,14.7,19.67,53.52,37.53,45.67,58.2,55.38,24.54,15.15,48.97
2024-08-26,26.59,5.23,11.81,10.78,26.01,6.47,17.32,4.95,14.78,19.59,53.52,37.45,45.82,62.93,54.37,24.66,15.22,49.56
2024-08-27,27.3,5.2,11.53,10.46,25.91,6.26,16.79,4.85,14.56,19.67,52.71,37.45,45.23,59.7,54.8,24.66,14.86,49.48
2024-08-28,26.75,5.16,11.34,10.28,25.78,6.2,16.79,4.85,14.82,20.03,52.98,37.11,44.93,57.41,54.95,24.54,15.0,49.81
2024-08-29,26.74,5.27,11.08,10.19,25.3,6.05,17.12,4.98,15.07,20.2,52.71,36.35,45.15,60.33,54.37,24.43,15.15,49.56
2024-08-30,26.61,5.26,11.18,10.03,26.07,6.12,17.43,5.07,15.28,20.49,53.79,36.52,45.75,60.92,53.3,24.71,15.29,51.16
2024-09-02,26.28,5.19,10.48,9.7,25.86,5.87,16.57,4.86,14.32,19.95,52.44,36.52,45.3,58.56,54.66,25.17,14.93,49.06
2024-10-15,24.91,5.08,13.13,11.42,31.32,7.5,18.99,5.99,16.15,24.06,59.7,40.93,50.37,72.31,52.53,27.48,22.61,72.78
2024-10-16,24.91,5.05,13.23,11.36,31.09,7.46,18.71,5.91,15.96,23.85,60.24,41.36,50.74,72.35,53.35,27.59,21.46,71.1
2024-10-17,23.51,4.94,12.79,11.21,30.29,7.31,18.66,5.84,16.05,23.6,59.43,40.42,49.99,73.22,52.92,27.2,22.47,68.83
2024-10-18,23.69,5.02,13.1,11.47,30.7,7.59,19.64,6.17,16.91,24.5,61.05,41.19,50.66,76.01,52.53,27.54,23.18,71.61
2024-11-06,23.82,5.47,13.53,12.16,32.38,7.91,22.93,7.03,18.22,24.79,74.76,42.54,53.87,118.34,53.4,28.49,45.15,69.67
2024-12-13,22.57,5.9,13.04,11.28,30.79,7.48,22.9,6.95,17.94,23.55,84.44,42.46,52.23,106.36,59.29,32.84,45.79,72.62
2024-12-16,22.33,5.73,13.1,11.23,31.67,7.51,22.6,6.89,17.56,23.4,85.52,42.71,52.23,104.86,61.8,31.71,43.28,71.94
2024-12-18,22.01,5.66,13.27,11.57,32.32,7.61,21.72,6.5,16.86,23.06,81.22,42.03,52.01,101.08,62.53,30.53,40.91,67.9
2024-12-19,21.51,5.66,13.24,11.43,31.93,7.58,21.8,6.46,16.84,22.98,80.41,41.78,51.86,100.09,63.44,30.53,41.49,68.32
2024-12-20,20.99,5.59,13.14,11.35,31.24,7.38,22.05,6.51,17.22,23.28,80.95,41.53,51.41,102.1,63.93,29.85,42.42,68.49
2025-02-17,22.33,5.19,12.09,10.6,31.95,6.7,21.28,6.02,17.42,21.34,75.03,39.83,50.44,110.42,64.41,28.55,35.1,64.2
2025-02-18,22.08,5.09,11.95,10.6,31.56,6.63,20.53,5.86,16.98,21.09,72.34,39.49,50.22,103.36,65.91,28.04,35.75,61.42
2025-02-19,22.12,5.08,11.98,10.6,31.35,6.72,21.06,6.02,17.59,21.64,79.6,39.57,50.22,105.45,67.02,28.04,35.53,63.44
2025-03-11,20.97,5.35,11.66,10.39,29.77,6.72,23.21,6.23,19.26,22.22,75.57,39.91,49.84,100.64,63.88,27.82,35.1,73.63
2025-03-12,20.88,5.26,11.72,10.29,30.42,6.71,22.44,6.17,18.71,22.19,76.38,40.0,50.22,100.68,63.83,27.93,36.03,74.13
2025-03-13,20.69,5.19,11.71,10.22,30.31,6.59,22.52,6.04,18.71,21.98,74.49,39.83,49.99,97.37,64.89,27.99,35.17,72.7
2025-03-14,20.97,5.26,11.89,10.56,30.68,6.7,22.85,6.21,18.69,22.29,75.3,40.17,50.37,99.85,64.17,28.33,35.75,72.62
2025-03-31,20.81,5.04,11.26,9.91,31.39,6.63,22.64,5.55,17.83,23.14,68.85,40.34,49.62,93.86,68.47,29.17,31.01,65.8
2025-04-01,20.81,5.13,11.44,9.8,31.35,6.57,22.47,5.65,18.4,23.68,69.12,40.85,50.37,93.0,68.95,29.34,31.22,66.56
2025-04-02,20.73,5.12,11.45,9.73,31.48,6.51,22.86,5.65,18.18,24.06,68.58,40.68,50.37,92.6,67.45,29.06,31.58,68.49
2025-04-03,20.38,5.23,11.52,9.7,30.55,6.56,22.28,5.62,17.77,25.15,75.57,41.1,50.96,91.46,66.39,29.51,32.52,69.5
2025-04-22,18.58,5.24,11.51,9.82,30.57,6.31,20.07,5.29,19.26,23.41,73.42,39.57,49.84,85.75,66.34,32.05,30.94,60.5
2025-04-23,18.65,5.19,11.45,9.82,30.79,6.29,20.47,5.33,18.83,23.3,73.42,39.49,50.14,91.26,65.96,30.92,31.08,62.27
2025-04-25,19.12,5.16,11.42,9.84,31.02,6.29,20.37,5.23,18.46,22.9,72.34,39.23,50.59,89.33,66.34,31.32,30.65,60.58
2025-04-28,19.6,5.13,11.29,9.87,31.15,6.26,19.9,5.14,18.09,22.63,71.54,39.15,50.81,86.54,66.82,31.43,30.22,59.66
2025-05-06,19.9,5.4,11.18,9.9,31.41,6.0,20.9,5.53,18.55,22.05,73.69,38.72,51.26,89.88,66.2,30.07,32.08,60.58
2025-05-07,19.8,5.26,11.28,10.04,31.93,6.1,21.17,5.6,19.96,22.3,74.23,38.98,50.96,92.17,66.97,30.13,32.01,61.17
2025-05-08,19.47,5.23,11.25,10.17,31.65,6.11,22.01,5.9,20.28,22.37,75.57,38.98,50.89,92.68,67.79,30.07,32.44,63.53
2025-05-09,19.32,5.17,11.17,10.12,32.17,6.04,21.28,5.8,19.56,22.11,73.96,38.81,51.04,90.87,69.43,29.74,32.37,61.85
2025-05-12,19.53,5.23,11.28,10.25,32.9,6.15,21.91,5.99,20.22,22.54,80.68,39.49,51.63,92.88,68.22,29.91,33.23,64.71
2025-05-13,19.62,5.29,11.44,10.28,33.81,6.15,21.72,5.94,19.53,22.4,77.72,40.17,51.86,91.5,68.32,31.82,36.54,63.02
2025-05-14,20.43,5.29,11.53,10.34,35.32,6.13,21.59,5.95,18.96,22.27,77.18,41.53,52.3,91.42,68.42,33.23,40.2,62.6
2025-05-15,19.9,5.23,11.48,10.32,34.65,6.07,21.39,5.95,18.49,22.17,75.84,42.54,52.97,89.29,68.22,32.39,39.48,61.09
2025-06-24,19.47,5.59,11.36,9.87,34.93,6.05,22.03,6.38,22.62,21.97,74.23,39.57,52.15,83.33,65.04,31.69,37.97,62.35
2025-06-25,19.28,5.65,11.42,9.94,34.7,6.07,22.17,6.35,23.18,22.04,75.3,39.65,52.45,85.03,65.81,31.58,36.18,62.52
2025-06-26,19.19,5.65,11.42,9.93,34.56,6.04,22.17,6.42,22.71,21.99,74.76,39.57,52.01,85.03,65.13,31.35,36.97,61.85
2025-06-27,19.1,5.69,11.39,9.9,34.65,6.04,22.42,6.38,23.68,21.98,74.76,39.57,52.46,85.15,64.27,31.35,36.68,61.85
2025-06-30,19.16,5.59,11.39,9.89,34.65,6.05,22.54,6.52,24.86,22.11,75.03,39.57,52.31,86.3,64.36,31.35,36.75,62.85
2025-07-01,19.12,5.53,11.35,9.86,35.11,6.05,22.46,6.48,24.11,22.11,74.76,39.65,52.23,85.58,65.04,31.58,37.18,62.52
2025-07-09,19.03,5.3,11.69,10.15,35.09,6.29,22.67,6.75,24.11,22.33,76.65,39.83,53.37,85.07,66.87,31.8,35.75,63.61
2025-07-10,19.06,5.31,11.78,10.14,35.07,6.31,22.61,6.74,24.04,22.43,76.91,40.18,53.45,85.27,67.4,32.03,35.67,63.78
2025-07-11,19.14,5.33,11.78,10.12,35.09,6.32,22.66,6.8,23.88,22.51,76.91,40.09,53.67,85.94,67.6,32.03,35.89,63.61
2025-07-14,19.12,5.3,11.86,10.56,35.32,6.39,22.91,6.79,23.66,22.7,77.18,40.09,53.75,86.02,65.2,32.2,36.54,64.71
2025-07-15,19.04,5.3,11.81,10.53,35.37,6.33,22.53,6.73,23.89,22.42,75.03,39.65,53.14,86.14,64.25,31.63,36.68,64.62
2025-07-16,19.01,5.3,11.73,10.49,35.46,6.27,22.7,6.93,23.72,22.48,74.76,39.74,53.52,86.89,64.35,31.52,36.25,64.87
2025-07-17,19.04,5.3,11.76,10.49,34.95,6.26,23.16,6.97,24.79,22.49,75.03,39.65,53.45,88.83,63.95,31.52,36.1,64.79
2025-07-18,19.04,5.3,11.85,10.59,35.23,6.29,23.27,7.15,24.94,22.72,75.03,39.83,53.45,88.44,64.05,31.46,36.18,64.29
2025-07-22,19.4,5.38,12.98,10.88,37.28,6.59,23.48,7.3,23.71,23.32,77.72,40.53,54.28,89.27,64.35,32.2,35.53,65.88
2025-07-23,19.4,5.42,12.42,10.78,37.12,6.56,23.46,7.11,23.23,23.38,77.45,40.18,54.05,88.12,64.6,32.03,34.88,64.96
2025-07-24,19.63,5.51,12.46,10.81,37.65,6.65,23.36,7.19,23.36,23.57,77.99,40.7,54.96,89.39,64.55,32.43,35.53,65.8
2025-07-25,19.65,5.45,12.17,10.64,37.85,6.59,23.38,7.17,23.5,23.39,76.65,40.35,54.36,88.44,64.15,32.15,35.1,66.14
