date,sh600028_daily,sh600075_daily,sh600078_daily,sh600096_daily,sh600121_daily,sh600123_daily,sh600133_daily,sh600135_daily,sh600141_daily,sh600157_daily,sh600160_daily,sh600165_daily,sh600188_daily,sh600309_daily,sh600547_daily,sh601212_daily,sh601225_daily,sh601857_daily,sh601899_daily,sh688019_daily,sh688028_daily,sh688106_daily,sh688129_daily,sh688133_daily,sh688146_daily,sh688196_daily,sh688268_daily,sh688357_daily,sh688388_daily,sh688571_daily,sh688585_daily,sh688669_daily,sh688707_daily,sh688722_daily,sh688778_daily,sz000059_daily,sz000060_daily,sz000096_daily,sz000301_daily,sz000420_daily,sz000422_daily,sz000506_daily,sz000510_daily,sz000523_daily,sz000525_daily,sz300019_daily,sz300037_daily,sz300041_daily,sz300054_daily,sz300057_daily,sz300082_daily,sz300107_daily,sz300109_daily,sz300121_daily
2023-04-21,24.53,56.55,77.93,48.21,22.57,107.67,26.15,20.6,85.0,77.87,186.69,20.68,128.62,3668.63,564.28,2.95,27.01,11.16,27.21,365.51,33.25,28.58,13.76,120.38,49.09,57.77,98.46,97.3,40.65,8.09,8.37,24.24,36.98,17.62,69.06,12.41,196.11,22.87,29.11,26.27,175.14,16.46,69.78,21.01,67.87,121.25,323.77,88.09,374.41,19.93,69.39,50.01,113.76,67.36
2023-04-24,24.81,56.88,74.12,46.83,21.98,108.68,27.64,20.83,83.63,76.86,181.89,20.73,126.37,3599.6,549.76,2.9,26.65,11.21,25.98,353.39,30.74,28.64,13.8,117.29,51.0,56.54,90.16,94.74,40.18,7.93,8.31,23.86,36.44,17.84,64.29,12.27,192.17,22.9,28.4,25.73,171.75,15.11,69.09,20.88,64.52,124.45,324.02,89.73,374.54,19.8,70.8,50.98,113.04,68.55
2023-04-25,25.63,55.55,70.45,45.37,21.58,105.48,27.07,20.46,81.69,76.35,173.36,19.84,125.13,3738.84,559.88,2.88,26.53,11.67,26.37,348.87,29.34,27.63,13.55,114.51,45.4,53.05,87.15,96.95,38.39,7.9,8.09,23.51,33.81,17.23,62.2,12.14,189.41,22.58,28.33,25.53,165.51,15.35,66.25,20.61,61.55,125.57,310.42,86.63,364.23,19.19,65.66,46.6,110.03,58.37
2023-04-28,26.34,56.55,66.98,47.2,22.32,107.08,27.6,20.98,84.31,77.36,165.5,21.68,129.03,3656.73,565.38,2.92,26.83,12.08,26.26,378.83,32.22,28.35,13.95,130.06,53.11,54.86,86.1,114.09,39.12,8.17,8.35,23.95,35.38,18.23,63.22,12.48,199.67,23.27,29.06,26.68,168.9,14.21,69.43,21.34,65.14,127.43,309.79,96.35,341.68,18.96,66.74,48.45,110.25,59.56
2023-05-08,27.04,57.1,63.37,46.65,22.77,108.59,28.91,21.3,82.61,78.89,162.22,20.73,132.07,3546.84,582.98,3.03,28.63,13.14,25.92,336.42,29.72,27.5,13.82,123.24,45.48,52.75,78.65,104.89,38.7,8.33,8.2,23.49,32.9,17.88,62.06,12.44,202.03,24.01,28.58,27.16,171.21,14.0,69.09,21.88,61.24,128.09,293.58,94.59,320.04,18.49,66.41,47.67,114.79,59.12
2023-05-09,26.73,57.76,60.7,46.18,22.57,108.43,27.81,21.27,81.14,78.38,157.85,20.19,131.73,3560.33,564.72,3.04,28.64,12.39,25.08,325.06,29.39,26.27,13.63,114.29,45.7,52.08,78.19,99.71,37.91,8.27,8.04,22.79,31.83,17.9,61.21,12.16,200.85,24.1,28.23,26.55,169.44,13.42,66.48,21.54,58.2,125.28,284.43,92.22,317.59,18.1,65.0,46.99,110.34,58.99
2023-05-10,25.4,57.76,59.7,47.66,22.57,107.25,27.81,21.33,82.78,77.87,158.94,20.68,130.19,3565.88,558.12,3.01,28.02,11.9,24.73,319.75,29.55,26.05,13.63,112.76,43.9,52.43,75.17,99.3,39.01,8.33,7.98,22.98,32.44,17.45,62.49,12.37,200.45,23.75,28.49,26.41,185.04,13.06,67.39,21.54,55.31,126.04,303.12,94.59,317.98,18.67,66.16,47.19,109.58,58.81
2023-05-11,24.85,57.54,62.23,47.22,22.92,107.75,27.51,21.73,81.45,78.38,154.68,20.73,132.52,3530.58,547.56,2.99,27.98,11.68,23.91,317.97,29.43,26.06,13.77,114.19,43.48,52.95,75.14,101.13,39.39,8.41,8.18,23.25,32.56,17.47,64.82,12.23,198.88,23.72,28.44,26.55,176.9,13.15,67.5,21.81,56.56,124.37,300.76,93.68,311.79,18.54,66.99,47.97,110.39,58.93
2023-05-12,24.89,57.32,62.3,46.55,22.92,105.98,27.33,21.18,79.88,78.89,151.74,20.33,127.9,3480.99,527.76,2.94,27.61,11.49,22.48,318.7,29.01,25.1,13.73,108.53,41.68,51.83,73.55,98.58,38.8,8.41,8.06,23.13,31.94,17.15,63.76,11.96,190.59,23.78,27.06,25.87,172.43,12.85,66.59,21.88,53.75,122.1,300.0,92.04,306.0,18.25,66.33,47.58,114.52,58.3
2023-05-15,25.04,57.1,62.37,47.89,23.07,107.42,27.29,21.56,80.9,78.38,153.48,20.83,133.16,3512.73,530.84,2.94,28.09,11.44,22.74,328.67,29.8,25.49,14.18,111.3,43.92,52.67,77.9,100.21,39.47,8.37,8.22,23.44,33.12,17.42,71.67,12.12,195.72,23.61,27.57,26.07,174.33,13.09,66.93,24.08,51.1,124.07,313.54,95.14,313.08,18.59,67.24,47.77,115.42,58.68
2023-05-17,25.32,56.88,60.83,47.99,23.17,107.58,26.72,21.91,79.09,78.38,150.42,20.93,130.79,3470.68,527.32,2.88,27.64,11.44,22.52,317.86,31.09,25.45,14.18,110.82,44.47,53.64,81.66,99.0,39.18,8.46,8.37,23.7,33.22,18.08,71.07,11.62,193.75,23.55,27.23,26.75,170.8,12.88,64.89,23.41,52.19,123.99,317.51,94.95,328.8,18.83,66.91,48.06,115.42,59.12
2023-05-18,25.87,56.55,59.63,47.49,23.26,107.67,26.72,21.85,78.55,77.87,148.35,20.63,131.02,3455.6,546.46,2.88,28.09,11.81,22.72,320.54,31.4,25.31,14.27,109.09,44.2,53.7,82.56,98.9,38.62,8.68,8.45,23.81,32.56,17.94,69.08,11.39,194.14,23.38,26.61,26.48,168.76,13.06,65.91,22.88,54.76,122.55,306.72,94.71,333.05,18.83,66.66,48.36,113.17,59.37
2023-05-19,25.16,56.21,60.77,47.36,23.17,107.08,26.33,21.68,77.66,77.36,148.24,20.93,131.81,3451.24,540.74,2.86,27.83,11.53,22.29,330.51,31.68,25.88,14.2,109.74,45.25,53.52,86.96,97.49,38.88,8.7,8.45,24.11,32.33,18.06,68.47,11.19,192.17,23.18,26.49,26.27,168.22,13.12,66.82,22.54,57.5,123.77,313.21,94.29,344.39,18.75,66.66,48.45,114.74,59.43
2023-05-23,24.45,56.1,63.7,46.97,22.77,105.65,25.93,21.91,78.92,76.35,151.19,21.33,127.64,3482.97,530.4,2.79,27.2,11.26,21.84,318.18,32.7,24.95,14.24,108.57,43.4,53.6,83.99,98.35,38.95,8.59,8.51,24.29,32.41,18.19,68.2,10.98,186.25,22.87,27.19,25.46,167.68,12.28,68.07,22.94,63.42,125.51,314.3,93.42,339.36,18.83,66.24,48.74,114.74,60.44
2023-05-24,23.9,55.66,60.63,46.4,22.42,104.21,25.76,21.56,77.97,76.35,153.05,20.98,125.77,3479.4,539.2,2.81,26.45,11.06,21.88,329.98,32.79,25.5,14.47,105.11,46.73,53.76,87.34,99.62,38.63,8.43,8.55,24.36,32.03,18.22,67.61,10.98,183.88,22.73,27.39,24.98,168.09,12.64,68.53,22.21,64.13,125.81,311.79,94.45,352.25,18.8,66.16,48.55,120.76,60.38
2023-05-25,23.9,55.33,60.63,45.36,22.32,102.44,25.76,21.41,76.6,76.35,151.84,20.83,123.14,3440.13,529.96,2.78,25.72,10.96,21.54,334.61,32.8,26.23,14.4,104.31,46.77,53.56,86.21,100.95,38.66,8.43,8.49,24.29,31.95,18.16,68.05,11.05,181.12,22.73,27.46,24.98,164.94,12.28,67.84,21.81,64.52,126.49,313.27,96.36,349.8,18.64,65.58,48.45,119.5,59.69
2023-05-26,24.26,55.44,60.83,45.02,21.98,99.75,25.97,21.41,75.47,76.86,148.68,20.68,117.36,3486.61,546.9,2.79,24.58,10.89,22.11,343.99,32.79,26.78,14.34,105.67,45.59,53.36,86.62,97.35,37.54,8.45,8.53,24.25,30.87,18.12,68.44,11.1,183.49,22.84,26.91,24.71,166.85,12.22,68.75,21.94,66.31,127.71,315.45,94.29,349.8,19.12,65.25,49.13,118.92,59.94
2023-06-28,25.6,52.45,67.02,44.13,23.76,98.54,26.13,21.44,80.29,72.78,146.27,19.19,111.25,3586.84,519.62,2.73,24.81,11.88,24.28,296.26,31.28,26.79,13.84,92.79,41.05,49.61,78.69,92.15,36.81,8.46,8.07,23.38,30.43,18.03,68.38,11.31,187.79,22.9,26.68,23.21,155.91,11.62,70.12,21.21,72.4,125.66,331.89,91.5,314.33,19.88,62.27,46.78,108.54,59.05
2023-06-29,25.52,52.56,63.72,43.51,24.06,96.63,28.73,21.53,77.83,71.77,144.2,19.69,109.78,3552.48,525.34,2.71,24.54,11.77,23.63,294.63,32.38,26.88,14.06,87.29,41.14,50.45,79.01,94.02,37.13,8.67,8.22,23.94,30.5,18.19,67.66,11.26,186.18,22.9,26.65,23.96,153.86,11.68,70.0,21.21,72.79,126.42,327.59,92.7,316.66,20.8,61.85,47.37,111.7,60.08
2023-06-30,25.76,53.01,64.93,44.42,23.26,97.59,29.49,21.88,79.29,72.27,150.53,20.53,112.26,3550.06,516.54,2.74,24.94,11.77,23.67,301.51,32.92,28.14,14.32,85.46,42.2,50.44,81.78,94.87,39.1,8.71,8.32,23.95,31.67,18.54,70.24,11.48,191.42,22.9,27.35,25.25,157.01,11.89,70.12,21.61,74.27,129.22,333.11,93.97,319.24,22.12,62.77,48.15,113.85,61.36
2023-07-03,26.45,53.35,65.6,44.86,23.51,99.73,32.44,21.97,80.82,73.29,148.57,22.57,114.44,3539.55,528.42,2.78,25.44,12.33,24.84,299.79,32.48,27.77,14.61,91.27,42.38,50.77,82.37,94.87,39.79,8.68,8.35,24.03,32.95,18.28,69.75,11.59,194.64,23.07,27.65,24.91,159.61,12.07,69.43,21.94,77.31,130.13,327.52,95.17,313.69,22.96,63.35,48.45,113.49,62.71
2023-07-04,26.33,53.24,65.2,45.07,23.22,99.5,31.01,22.11,80.64,72.78,145.95,24.21,115.07,3532.28,523.36,2.77,25.75,12.28,24.57,303.65,33.27,27.99,14.82,93.12,42.68,50.22,81.16,94.94,39.1,8.72,8.39,24.11,34.04,18.19,69.76,11.55,193.84,23.24,27.69,25.05,160.84,11.86,68.41,21.88,77.0,130.13,327.39,95.65,308.53,22.86,63.68,48.55,112.11,62.39
2023-07-05,26.25,53.24,64.59,44.73,23.36,100.21,30.92,22.14,80.72,72.27,143.98,22.82,118.67,3489.03,526.66,2.83,26.08,12.28,24.57,296.39,32.64,27.78,14.83,90.42,42.09,49.85,79.86,94.97,38.76,8.71,8.35,24.19,34.2,18.19,68.4,11.64,212.38,22.98,27.58,25.18,161.25,12.19,67.5,21.68,80.82,129.37,320.53,94.05,301.55,23.2,63.51,48.35,112.3,62.2
2023-07-06,26.29,53.01,62.24,44.45,23.51,100.45,31.32,22.37,81.82,72.27,143.43,22.72,119.88,3472.46,520.28,2.82,26.2,12.22,24.17,290.84,32.55,27.55,14.84,89.37,42.2,49.42,78.79,94.88,39.19,8.75,8.34,24.38,33.8,18.03,67.87,11.55,207.54,23.1,27.42,24.98,159.61,11.68,67.84,22.41,81.99,127.4,319.37,93.73,306.2,22.67,64.42,48.55,112.57,61.81
2023-07-07,26.53,53.13,61.97,44.19,24.06,101.17,33.52,22.23,79.75,73.29,143.11,22.87,124.15,3451.85,516.32,2.84,26.23,12.18,24.05,287.92,32.11,26.85,14.78,89.26,41.34,48.92,78.69,94.63,37.38,8.81,8.34,24.07,32.86,17.89,67.33,11.53,207.54,23.36,27.28,24.98,159.33,11.59,68.18,21.94,80.82,126.72,316.48,93.18,302.97,22.93,64.09,48.74,112.43,61.81
2023-07-10,26.08,54.14,61.29,45.41,23.61,101.88,34.5,22.14,82.82,72.78,152.39,22.32,126.03,3528.24,527.54,2.83,26.31,12.03,24.03,290.52,31.88,26.5,14.83,87.99,41.49,50.02,78.9,94.21,37.62,8.82,8.3,23.9,34.06,17.72,68.7,11.55,207.94,23.5,27.65,24.64,163.57,11.53,67.62,22.48,80.74,127.4,319.05,94.21,296.39,22.12,63.76,48.84,112.57,62.32
2023-07-11,26.12,54.36,61.5,44.73,23.26,101.17,33.74,22.52,80.07,72.78,151.08,22.77,120.14,3617.15,548.66,2.84,26.1,12.04,24.65,290.84,32.7,27.54,14.91,94.13,42.68,51.16,79.93,95.45,37.88,8.89,8.47,24.24,34.49,18.15,68.99,11.66,207.54,23.99,27.76,24.71,162.07,11.77,67.62,22.41,78.25,128.01,320.85,94.53,304.78,22.12,64.5,49.34,111.7,62.65
2023-07-12,26.25,54.03,60.42,45.44,22.97,100.93,33.87,22.11,84.85,72.78,157.85,22.42,123.89,3671.71,554.38,2.84,26.03,12.26,24.88,282.19,32.32,28.01,14.9,92.25,41.84,51.12,76.57,94.62,37.51,8.79,8.39,24.12,33.69,17.82,68.13,11.51,205.53,24.04,27.83,24.3,164.39,11.53,66.25,22.21,78.64,128.54,323.86,94.21,295.36,21.12,64.5,49.04,105.93,62.9
2023-07-13,26.93,54.81,59.68,45.72,23.17,101.05,32.89,22.08,85.46,72.78,160.86,22.37,123.97,3704.04,563.18,2.86,25.89,12.99,26.07,282.72,32.64,27.39,14.88,94.52,43.86,51.18,78.25,96.73,37.8,9.17,8.3,24.38,33.97,18.16,69.06,11.55,209.15,24.16,27.9,24.64,165.76,12.67,66.59,22.61,78.56,129.3,327.39,95.8,302.33,21.3,64.42,48.94,105.43,62.97
2023-07-14,26.97,54.81,59.81,45.36,22.92,102.0,34.19,22.09,84.93,72.78,161.75,22.37,127.08,3683.03,556.58,2.87,25.82,12.99,26.19,287.55,32.48,26.09,15.09,95.66,43.49,51.21,76.8,93.33,36.11,9.04,8.63,24.43,33.08,18.02,68.27,11.55,211.97,24.36,27.65,24.44,163.03,12.7,67.28,22.21,78.56,127.93,322.39,96.84,305.81,21.09,63.68,48.84,104.65,63.48
2023-07-17,26.57,53.46,56.85,45.31,22.62,101.05,36.43,22.09,89.31,72.27,165.87,22.17,120.87,3656.35,561.2,2.85,25.37,12.81,25.69,283.64,31.95,26.12,15.07,92.9,42.63,51.44,76.32,92.49,35.78,9.11,8.66,24.43,32.42,18.25,67.38,11.31,211.17,24.36,27.51,24.71,164.12,12.67,67.16,22.14,77.08,127.55,319.43,94.13,303.49,21.12,64.17,49.24,105.38,63.1
2023-07-18,26.29,54.03,57.05,47.15,22.62,101.05,36.47,22.23,90.67,72.27,166.42,22.27,120.35,3677.77,564.07,2.84,25.1,12.7,25.82,281.3,31.89,26.25,15.11,94.0,42.38,51.81,75.7,92.99,35.18,9.26,9.06,24.53,32.3,17.93,67.11,11.37,212.78,24.67,27.65,24.84,172.33,12.82,66.71,22.14,79.26,128.46,320.14,93.34,300.91,20.8,65.17,49.53,104.33,63.29
2023-07-19,26.45,53.91,56.38,47.54,22.67,101.76,36.11,24.44,88.67,72.27,166.65,22.22,117.97,3683.83,571.34,2.87,25.2,12.83,26.21,282.25,31.48,25.91,15.15,94.61,42.45,52.04,74.54,90.97,34.88,10.19,8.72,24.44,32.02,17.42,65.8,11.3,220.84,24.85,27.53,24.71,170.14,13.79,66.03,22.08,77.93,126.42,317.89,93.89,299.88,20.41,64.67,49.43,103.32,62.84
2023-07-20,25.8,53.8,56.04,49.31,22.57,106.3,35.17,25.08,88.89,72.27,169.88,22.12,117.52,3728.29,564.95,2.86,25.34,12.64,26.26,275.59,31.08,25.35,15.11,94.42,40.18,52.06,74.21,90.45,34.75,9.64,8.52,24.35,32.11,17.26,65.25,11.2,222.45,24.56,27.28,24.57,171.64,13.61,65.0,21.88,77.78,125.89,318.47,91.03,293.42,19.93,64.92,49.34,103.28,62.45
2023-07-21,25.76,54.03,54.63,48.53,22.47,104.15,35.44,23.74,91.74,72.27,176.55,21.93,115.45,3702.42,559.21,2.86,25.07,12.63,26.09,271.6,30.97,25.02,15.03,95.14,40.43,51.75,73.62,90.26,34.8,9.55,8.35,24.12,31.74,17.29,64.88,11.3,227.29,24.64,27.21,24.57,169.59,12.85,64.66,22.41,77.54,122.25,316.8,89.83,292.0,19.7,65.75,49.24,103.69,63.8
2023-07-24,25.76,54.59,53.28,46.68,22.23,102.6,34.1,22.93,88.24,72.27,171.21,21.78,113.52,3718.19,564.07,2.85,24.93,12.55,25.88,271.86,30.45,25.2,15.13,94.27,40.14,52.25,73.23,88.56,34.05,9.42,8.48,24.19,31.66,17.34,64.47,11.24,224.87,24.87,26.79,24.23,164.67,12.61,65.0,22.21,73.64,121.57,309.36,89.12,296.26,19.51,64.5,49.43,105.15,62.84
2023-07-25,26.16,54.7,54.36,46.92,22.77,104.03,33.96,23.1,88.71,73.29,169.54,22.17,115.26,3834.58,556.12,2.89,25.62,12.66,26.94,276.49,31.07,25.59,15.23,93.76,40.61,53.38,74.76,90.35,35.1,9.33,8.68,24.47,31.71,17.59,65.52,11.48,226.08,24.59,27.88,24.91,166.44,12.64,65.68,22.48,74.27,124.75,310.9,90.95,296.26,20.09,64.75,49.93,104.56,64.83
2023-08-10,25.11,54.7,61.09,47.34,22.52,106.53,32.53,21.59,82.75,76.86,182.01,21.23,116.68,3910.16,553.48,3.01,25.81,12.48,26.51,268.62,30.09,25.87,15.0,88.83,38.48,53.72,65.85,88.84,35.26,9.07,8.16,23.93,30.74,16.3,63.8,11.73,225.67,24.82,29.45,24.03,168.5,14.48,64.21,23.21,74.03,124.52,320.2,87.04,304.78,19.17,64.42,49.83,96.0,60.46
2023-08-11,24.63,54.03,59.68,46.48,21.83,103.67,31.95,21.3,80.86,75.33,183.57,20.93,113.97,3839.43,538.26,2.94,25.13,12.28,26.03,261.96,29.61,25.08,14.75,86.89,37.35,52.43,64.35,87.2,34.17,8.93,7.95,23.64,29.7,16.26,61.95,11.44,220.84,24.13,28.64,23.55,166.31,13.91,63.64,22.88,72.32,124.22,312.5,86.01,298.2,18.83,63.35,49.14,94.76,59.31
2023-08-14,24.71,53.69,58.46,46.22,21.78,103.08,32.08,21.45,80.5,75.84,185.91,20.98,111.72,3814.78,540.68,2.92,25.02,12.36,25.65,265.05,29.57,25.51,14.89,85.16,37.59,51.48,63.68,85.55,32.97,9.11,7.9,23.3,29.05,16.11,61.94,11.5,220.03,24.39,28.16,23.76,163.16,13.97,63.64,23.01,72.86,126.04,307.94,85.53,296.78,19.04,63.35,49.73,94.35,59.43
2023-08-15,24.99,53.69,57.25,45.23,21.83,103.31,32.22,21.33,79.04,74.82,183.46,20.68,111.46,3824.48,534.28,2.92,25.03,12.36,25.65,254.15,29.23,24.83,14.88,84.68,37.06,50.6,60.27,83.59,32.48,9.04,7.9,23.48,28.08,15.91,60.62,11.5,219.63,24.5,27.97,23.69,161.52,13.03,63.98,22.88,71.07,123.84,302.74,83.62,288.52,18.59,62.43,49.53,93.71,59.05
2023-08-16,24.58,53.46,58.94,44.89,21.78,102.84,31.82,21.12,78.5,74.82,181.34,20.53,109.85,3788.1,532.3,2.9,24.99,12.06,25.38,255.18,28.66,24.62,14.42,83.94,36.35,50.49,59.12,82.86,32.39,8.84,7.79,23.28,27.9,15.78,59.07,11.28,217.21,24.19,27.53,23.35,160.84,13.03,63.41,22.54,70.13,123.23,306.92,83.3,284.77,18.35,61.52,49.24,92.79,58.73
2023-08-17,24.79,53.8,59.0,44.84,21.83,102.96,32.08,21.42,78.0,74.82,178.34,21.13,110.23,3765.47,535.83,2.92,24.85,12.12,25.59,255.27,29.1,25.01,14.69,84.89,37.41,51.76,60.38,84.03,32.58,9.13,7.94,23.62,28.09,16.07,59.4,11.35,217.21,24.24,27.44,23.76,161.25,12.97,62.96,22.68,66.93,123.92,318.6,84.5,283.74,18.72,62.02,50.12,93.48,59.56
2023-08-18,24.58,53.46,60.01,43.87,21.63,102.24,31.14,21.15,77.18,74.31,179.56,20.88,108.56,3710.1,525.68,2.87,24.96,12.11,25.15,254.08,29.01,26.25,15.0,84.53,37.25,51.32,60.77,84.51,31.75,9.14,8.25,23.79,27.36,16.33,59.09,11.09,214.39,24.21,26.86,23.48,157.14,12.94,62.05,22.34,70.29,122.25,314.81,82.66,276.64,18.33,61.44,49.83,90.41,58.79
2023-08-21,24.46,53.01,59.41,43.72,21.43,101.29,30.74,21.01,77.04,73.29,177.45,20.38,106.56,3697.57,522.81,2.85,24.6,11.92,24.94,250.66,28.5,25.74,15.07,82.98,36.53,49.66,60.8,83.96,31.74,9.13,8.03,23.57,26.76,16.15,58.19,11.04,213.59,24.1,26.35,23.21,155.23,12.97,60.57,22.14,69.51,121.34,309.16,81.55,279.48,18.3,60.7,49.43,90.14,57.89
2023-08-22,25.11,52.68,58.46,43.54,21.58,101.76,31.28,21.04,76.93,73.29,176.55,20.38,108.69,3760.22,537.81,2.87,25.08,12.18,25.84,255.03,28.28,25.61,14.84,81.94,36.51,50.14,61.6,73.28,31.46,9.0,7.87,23.19,26.43,16.32,58.19,11.04,216.0,23.73,26.35,23.01,153.73,13.76,60.12,21.81,70.52,119.75,311.15,81.47,278.19,18.27,60.2,48.15,90.46,57.89
2023-08-23,25.07,52.23,56.38,43.59,22.47,104.03,30.79,20.63,75.51,73.8,173.77,19.89,110.1,3696.36,539.14,2.82,25.51,12.22,25.34,246.93,27.75,24.53,14.58,79.99,35.03,49.07,59.05,73.5,30.45,8.86,7.7,22.78,25.11,14.77,56.69,10.97,210.36,23.64,26.12,22.6,153.18,13.3,58.3,21.41,67.09,117.55,300.05,81.23,268.38,17.96,58.71,47.46,88.03,57.44
2023-08-24,24.87,51.78,56.24,43.56,21.58,103.79,29.89,20.69,76.08,73.29,171.99,19.94,107.78,3753.75,572.89,2.86,25.41,12.07,26.01,250.95,27.62,24.43,14.02,81.04,35.22,49.97,59.5,75.3,30.32,8.82,7.64,22.74,25.44,14.75,57.16,10.86,212.38,23.5,26.14,22.53,153.18,14.63,58.75,21.48,66.7,118.99,301.01,84.1,269.02,17.77,58.71,47.07,87.3,57.25
2023-08-25,24.95,51.55,54.22,42.7,20.99,102.12,29.98,20.31,75.86,72.78,172.1,19.74,106.88,3750.52,568.04,2.82,25.39,12.15,25.61,242.57,26.72,24.01,13.98,79.25,33.72,50.87,58.02,89.79,29.95,8.74,7.46,22.41,25.15,14.77,55.64,10.73,208.75,23.5,26.26,22.26,152.08,14.45,58.3,21.34,63.66,117.47,307.88,78.52,264.12,17.62,58.71,46.68,86.29,57.25
2023-08-28,25.11,51.89,54.42,44.06,21.43,104.98,30.7,20.6,75.86,73.8,170.99,20.24,112.17,3770.73,566.71,2.88,26.29,12.34,25.28,236.15,27.0,23.69,14.14,79.11,34.28,50.57,60.07,92.34,29.6,8.96,7.57,22.47,24.85,15.19,55.77,11.02,213.59,23.93,26.28,22.94,152.08,14.6,58.41,21.61,63.27,118.01,300.75,80.12,256.24,17.4,59.78,47.86,87.44,57.89
2023-08-29,24.71,52.34,56.11,44.73,21.68,104.51,31.77,21.07,77.29,74.82,176.11,20.29,110.1,3775.98,570.9,2.87,25.89,12.22,25.15,252.43,29.94,25.89,15.12,81.97,36.44,52.28,65.37,88.13,30.64,9.44,8.11,23.61,23.97,16.06,57.94,10.88,211.17,24.1,26.56,23.14,153.86,15.05,59.09,22.01,65.92,120.51,316.61,83.38,268.12,18.01,60.28,49.04,91.88,58.98
2023-08-30,24.63,51.55,56.31,44.71,21.38,102.36,30.83,21.12,76.01,74.31,178.34,20.09,110.43,3784.87,581.05,2.85,25.89,12.23,25.92,261.83,30.51,26.74,15.27,86.99,37.77,52.06,66.75,88.03,31.01,9.55,8.39,24.08,24.07,16.2,58.29,10.55,205.12,23.99,26.63,22.8,153.04,14.66,59.89,21.74,65.92,120.96,310.25,83.78,271.35,17.85,59.95,49.24,92.02,60.53
2023-08-31,24.58,51.55,57.72,44.86,21.48,102.24,29.18,21.04,72.44,74.31,182.45,19.64,111.07,3788.91,578.62,2.83,25.76,12.22,25.74,285.81,31.6,27.34,15.33,86.29,38.9,51.68,67.43,83.74,30.52,9.54,8.43,24.08,23.81,16.2,57.7,10.46,201.09,23.7,26.63,22.19,153.18,14.87,58.3,21.34,65.3,121.72,308.01,85.93,274.57,17.88,59.04,49.14,92.93,60.08
2023-09-01,24.75,53.58,58.6,45.57,21.93,107.49,29.71,21.01,73.83,74.31,179.0,19.79,119.19,3903.29,579.07,2.89,27.37,12.23,26.65,288.19,31.39,27.33,15.31,85.61,38.47,51.88,66.99,77.08,30.49,9.68,8.45,24.1,23.64,15.98,57.46,10.75,208.35,24.21,26.72,22.19,154.96,14.24,58.07,21.41,68.57,121.64,311.73,83.86,270.44,17.93,58.87,49.04,92.89,60.85
2023-09-04,25.52,55.15,61.02,46.66,22.52,110.83,29.8,21.36,78.0,75.84,183.68,20.33,122.93,3950.98,572.23,2.98,28.08,12.53,27.48,290.0,31.89,27.37,15.5,83.33,38.46,51.87,67.4,77.55,30.98,9.75,8.44,24.18,24.74,15.63,59.03,11.4,220.44,24.99,27.53,23.28,160.43,15.65,60.12,21.88,70.37,124.45,312.63,86.81,271.61,18.27,60.45,50.02,94.53,61.94
2023-09-05,25.68,54.7,60.22,46.32,22.77,110.35,29.04,21.36,77.08,75.84,181.23,20.14,123.58,3926.32,569.58,2.94,28.29,12.53,27.38,292.67,31.66,27.39,15.32,82.35,39.04,51.51,68.07,75.93,31.09,9.65,8.38,24.03,24.48,15.5,58.56,11.24,219.23,25.07,27.26,23.14,160.84,15.05,59.66,21.54,71.23,124.83,311.28,89.35,275.22,18.46,60.61,50.22,94.12,61.94
2023-09-06,25.56,54.03,59.95,46.22,22.67,111.19,28.95,21.65,78.47,74.82,178.56,21.08,126.86,3901.27,563.4,2.91,28.18,12.74,27.19,309.03,31.85,27.97,15.72,82.35,40.22,52.48,72.47,75.98,31.61,9.82,8.45,24.18,24.69,15.71,59.32,11.28,219.23,25.5,27.28,23.35,163.03,14.99,60.57,21.88,70.29,126.27,312.63,92.94,290.97,18.35,61.85,50.62,94.4,62.07
2023-09-07,25.56,53.24,59.95,45.7,22.27,111.19,28.5,21.15,76.58,73.29,178.34,20.43,127.06,3884.29,563.62,2.87,28.39,12.99,27.09,288.38,31.31,27.41,15.39,80.49,39.01,51.87,69.15,74.09,30.75,9.66,8.32,23.83,24.23,15.32,59.06,11.09,214.39,25.45,27.07,22.87,159.74,14.57,59.32,21.48,68.73,125.36,303.51,88.96,277.8,17.83,60.36,49.93,92.66,60.91
2023-09-08,25.23,53.69,60.42,45.12,21.78,108.21,28.68,21.15,75.26,72.78,178.34,19.29,124.03,3821.24,573.55,2.87,28.1,12.7,26.82,294.16,31.63,27.37,15.36,81.25,39.4,51.14,72.1,72.65,31.01,9.59,8.37,23.91,24.36,15.52,59.2,11.0,215.6,25.25,27.0,22.8,159.33,14.84,59.43,21.28,69.04,124.45,307.3,89.35,280.38,18.04,60.36,50.02,91.01,60.46
2023-09-18,24.91,54.25,57.12,45.85,22.87,113.45,29.04,21.12,75.43,73.8,174.44,19.29,135.63,3762.64,575.32,2.96,28.69,12.97,27.21,299.75,30.94,26.57,15.4,77.42,37.27,54.46,67.06,74.7,30.43,9.69,8.26,23.91,24.89,14.77,60.22,11.17,218.42,25.53,26.95,22.53,157.01,15.68,59.77,22.01,69.98,124.3,281.11,84.97,270.57,17.91,60.7,49.93,91.1,63.1
2023-09-19,25.49,55.15,57.18,45.67,22.62,116.08,29.27,20.83,74.36,72.78,173.66,18.99,140.85,3750.52,579.73,2.95,29.11,13.11,27.42,305.42,30.29,26.34,15.24,76.49,36.65,53.38,68.54,74.8,30.16,9.51,8.14,23.49,24.42,14.34,59.37,11.22,216.0,26.05,27.0,22.26,154.96,15.44,59.21,21.81,70.52,123.39,278.93,83.46,265.8,17.62,59.7,49.53,89.13,63.16
2023-09-20,25.45,58.64,57.79,45.59,22.18,116.56,29.67,20.69,73.9,71.77,176.67,18.79,138.21,3706.87,575.09,2.95,29.32,13.13,27.59,304.75,29.82,25.97,15.29,74.46,35.98,53.22,67.13,73.88,29.85,9.44,8.13,23.4,24.01,14.23,58.61,11.15,213.59,25.65,26.95,21.65,154.27,15.5,58.41,21.28,70.37,122.78,276.55,82.11,267.22,17.46,59.29,49.34,88.86,62.97
2023-09-21,25.37,57.4,55.03,45.72,21.98,114.53,29.09,20.72,72.94,70.75,170.88,18.69,136.66,3682.62,568.7,2.91,29.15,12.92,27.26,310.95,29.6,25.86,15.12,73.87,35.77,52.62,67.18,72.71,29.44,9.51,8.17,23.27,23.75,14.09,58.82,11.06,212.38,25.39,26.51,21.51,152.08,14.72,57.96,21.21,69.04,121.26,277.0,81.79,261.92,17.43,58.63,49.04,87.48,62.65
2023-09-22,25.87,56.73,55.77,46.01,21.78,113.45,29.89,20.86,73.44,71.77,164.98,19.34,132.86,3766.28,562.74,2.92,28.98,13.11,26.92,320.11,30.58,26.52,16.19,74.11,37.02,53.0,68.38,74.6,30.71,9.65,8.26,23.78,24.64,14.45,59.6,11.13,209.96,25.3,26.75,21.85,153.18,14.57,59.09,21.48,69.04,122.1,280.53,84.1,270.44,17.72,59.29,49.93,91.05,62.39
2023-09-25,25.45,56.73,53.68,45.23,21.53,113.57,28.91,20.8,71.76,70.75,165.76,18.74,132.99,3695.15,568.48,2.88,29.04,12.94,26.57,317.3,30.66,26.14,15.7,74.62,36.69,52.49,69.14,74.7,29.98,9.59,8.18,23.54,24.04,14.28,59.32,10.93,208.35,25.42,26.72,21.51,150.85,14.66,57.96,21.34,67.32,122.1,282.01,82.9,266.18,17.17,58.54,49.53,89.5,63.03
2023-09-26,25.33,55.6,53.41,44.73,21.19,112.98,29.98,20.54,70.44,70.24,169.65,18.45,131.51,3682.62,563.84,2.86,28.8,12.9,26.34,306.91,30.97,26.0,15.28,73.49,36.08,51.94,67.51,73.47,29.23,9.51,7.95,23.08,23.47,14.22,60.93,10.78,207.14,25.28,26.63,21.03,146.61,14.27,57.16,21.34,67.4,120.73,281.05,82.03,264.89,16.83,56.72,48.35,88.9,62.52
2023-09-27,25.53,55.71,53.62,44.55,21.14,112.26,30.16,20.69,70.72,70.24,170.1,18.69,130.02,3605.43,559.87,2.85,28.47,12.94,25.84,296.72,31.33,26.31,14.8,76.36,36.43,53.37,67.27,74.54,29.95,9.57,8.03,23.12,24.03,14.34,61.16,10.75,205.93,25.25,26.77,21.24,148.8,13.79,57.62,21.34,66.62,121.19,284.7,82.74,266.57,16.98,56.56,48.65,91.1,63.16
2023-10-20,23.59,50.2,45.47,42.05,20.69,111.07,34.99,19.82,65.84,68.2,158.97,16.95,127.9,3435.28,552.81,2.73,28.18,12.43,24.26,314.06,31.01,24.79,15.21,70.85,34.56,48.82,67.33,78.51,29.36,9.17,7.64,22.04,23.21,13.3,59.64,10.4,191.02,25.88,24.27,20.15,135.54,14.24,52.96,20.48,59.84,120.13,263.2,79.64,280.77,16.38,55.81,46.68,82.4,61.3
2023-10-23,23.13,48.17,43.17,40.62,20.05,108.32,32.62,19.35,63.73,67.69,154.74,16.51,126.22,3390.02,546.64,2.66,27.99,12.24,23.84,312.74,29.38,24.28,14.84,68.94,32.96,47.58,64.35,75.38,28.33,9.0,7.27,21.31,22.11,12.85,57.61,10.07,181.75,24.5,23.6,19.47,130.06,12.82,51.14,20.01,57.03,117.93,258.38,76.77,273.54,15.72,53.41,45.3,79.79,54.81
2023-10-24,23.25,48.85,44.59,41.04,20.49,109.76,33.29,19.9,64.44,68.71,155.63,17.15,127.96,3421.54,548.18,2.7,28.08,12.55,24.47,332.92,30.6,25.03,15.51,69.17,34.0,48.29,66.06,78.02,28.14,9.86,7.61,22.54,22.11,13.51,57.22,10.31,187.39,25.76,23.72,20.08,131.3,12.91,53.07,20.61,59.91,121.26,262.56,77.81,277.54,16.04,55.4,47.37,85.84,55.06
2023-10-25,22.72,50.31,46.68,41.64,20.89,112.14,34.01,20.16,66.09,69.73,158.85,17.85,130.28,3474.08,549.06,2.74,28.07,11.85,25.15,329.26,31.48,24.74,15.4,67.58,33.94,47.96,66.18,79.73,28.04,10.13,7.7,22.68,22.28,13.68,57.48,10.47,189.0,25.96,23.83,20.69,133.21,12.88,53.87,20.74,62.88,120.96,261.85,78.13,275.35,16.11,56.8,48.06,81.3,55.58
2023-10-26,23.05,49.97,46.48,41.48,20.59,109.52,35.44,20.22,66.09,69.22,156.18,17.3,127.38,3476.1,551.49,2.76,28.15,12.05,25.15,332.9,31.45,24.27,15.51,66.3,33.73,46.87,64.14,80.16,27.67,10.23,7.7,22.42,22.53,13.82,57.63,10.26,190.61,25.62,23.95,20.76,131.71,12.79,53.3,20.81,64.59,120.66,261.14,77.81,287.35,15.85,56.22,48.06,81.03,56.22
2023-10-27,23.21,50.65,47.15,42.08,20.74,109.28,35.08,20.31,67.91,69.73,164.31,17.65,125.64,3550.46,544.87,2.77,27.71,12.0,25.01,338.17,32.2,25.02,15.71,70.66,34.73,48.64,67.15,80.88,29.05,10.22,7.82,23.08,23.66,14.18,59.64,10.38,191.02,25.16,24.43,21.1,134.99,12.94,54.43,21.21,66.86,123.61,282.84,80.2,299.1,16.4,58.21,48.74,85.24,58.28
2023-10-30,22.34,51.55,47.96,43.17,20.64,106.42,35.04,20.46,69.94,70.24,167.09,17.8,123.9,3581.99,529.87,2.78,27.26,11.53,25.86,345.45,33.86,25.85,17.16,73.9,36.86,48.92,69.64,82.56,29.87,10.11,8.12,23.99,23.91,14.44,60.03,10.53,191.82,25.33,24.5,20.9,138.82,13.21,55.68,21.28,65.3,125.74,283.36,77.81,305.56,16.46,59.21,49.53,86.89,60.14
2023-10-31,22.63,51.78,47.62,43.33,21.04,108.8,38.53,20.46,70.12,69.73,168.65,17.65,125.83,3588.86,527.0,2.77,27.9,11.51,25.9,354.83,34.39,25.37,16.75,73.29,36.41,45.04,70.88,82.84,29.49,9.98,8.5,24.14,23.94,14.37,59.76,10.68,190.61,25.65,24.62,20.69,139.09,13.33,56.02,21.34,65.92,125.36,283.48,76.29,309.82,16.25,58.96,49.73,86.84,60.98
2023-11-01,22.67,51.78,47.76,43.35,20.69,107.73,37.45,20.51,70.15,69.22,166.65,17.6,123.71,3455.49,524.58,2.78,27.79,11.58,25.4,339.5,35.48,25.0,16.77,71.44,36.37,45.07,71.11,80.76,29.52,9.98,8.62,24.28,23.64,14.33,59.98,10.78,190.21,26.74,24.55,21.03,139.23,13.15,57.5,21.41,68.96,125.96,280.98,78.44,308.53,16.43,59.87,50.22,86.52,60.98
2023-11-02,22.92,51.1,50.11,43.09,20.54,107.73,36.34,20.37,69.65,69.22,164.75,17.2,124.35,3490.25,521.05,2.77,27.87,11.72,25.42,329.08,34.6,24.2,16.58,69.2,35.71,43.01,69.59,78.1,29.05,9.93,8.39,24.03,22.97,14.08,60.11,10.71,188.6,25.59,24.2,20.69,138.0,13.09,57.39,21.28,67.79,124.52,273.09,76.29,310.85,16.11,58.87,50.32,86.02,59.43
2023-11-03,22.84,51.44,49.91,43.67,20.69,108.21,36.96,20.72,70.08,69.22,167.43,17.6,124.35,3519.75,517.74,2.76,27.84,11.85,25.34,333.03,35.51,24.62,16.76,71.21,36.89,42.98,71.57,78.53,29.84,10.04,8.51,24.53,23.46,14.33,60.89,10.64,188.2,26.11,24.36,20.69,139.23,13.03,57.27,21.28,67.48,125.43,272.83,80.67,314.85,16.35,59.12,50.32,87.71,60.01
2023-11-06,22.26,51.55,51.46,43.87,21.09,107.01,39.07,20.95,71.01,69.73,168.21,18.15,120.93,3562.99,512.22,2.79,27.05,11.46,24.84,330.54,40.43,25.92,16.93,75.74,37.34,43.67,72.68,83.12,31.13,10.2,8.71,24.88,24.38,14.62,62.65,10.77,187.79,26.11,24.55,21.58,141.42,13.27,58.75,21.41,69.43,126.72,287.27,81.47,320.66,16.85,59.45,50.52,91.01,60.01
2023-11-07,22.26,51.89,50.18,43.77,21.09,106.77,42.29,21.12,70.9,70.24,169.21,18.05,121.58,3524.19,510.46,2.78,27.37,11.46,25.01,321.39,37.54,26.06,17.37,76.03,37.39,43.39,72.29,84.64,30.97,10.33,8.71,24.76,24.29,14.52,62.48,10.78,183.36,26.82,24.59,21.78,140.87,13.15,59.09,21.48,70.45,126.72,286.5,82.51,321.18,17.12,59.78,50.52,91.05,60.14
2023-11-08,22.01,51.21,51.53,43.35,21.04,105.34,42.96,21.15,70.33,69.22,165.87,17.9,120.35,3369.81,508.25,2.74,27.43,11.37,24.61,332.88,36.57,25.93,17.2,77.69,37.02,44.08,73.28,81.93,31.01,10.38,8.56,24.86,24.22,14.46,61.56,10.68,180.94,27.02,24.46,21.92,139.5,13.0,59.66,21.28,69.59,126.42,282.71,82.03,314.85,17.01,59.21,50.12,91.37,59.43
2023-11-09,22.38,50.76,51.26,43.61,21.33,108.09,41.3,21.1,70.69,69.22,165.31,17.8,126.93,3433.66,503.62,2.75,28.15,11.46,24.74,328.56,36.02,26.0,17.12,77.6,36.65,44.43,72.83,79.97,31.14,10.33,8.56,24.57,24.4,14.32,60.25,10.69,182.96,28.4,24.59,21.37,140.05,12.85,59.32,21.14,67.64,129.6,278.22,84.58,312.66,18.01,59.29,50.12,90.23,63.48
2023-11-10,22.43,50.88,51.86,43.35,22.27,110.47,40.72,21.62,70.62,69.22,163.86,17.85,127.12,3367.79,500.31,2.73,28.64,11.45,24.53,328.56,36.39,26.21,17.37,79.21,36.49,44.96,73.06,81.1,31.22,10.37,8.57,24.43,24.59,14.36,60.93,10.71,182.15,29.03,24.32,21.31,139.64,12.76,59.77,21.08,68.26,128.77,274.95,82.35,319.76,17.72,59.45,50.52,89.54,64.0
2023-11-13,22.76,51.66,53.95,43.3,22.37,110.83,43.85,22.09,71.12,69.73,164.31,18.15,127.19,3358.49,504.28,2.77,28.55,11.55,24.78,336.58,38.1,26.36,17.38,78.39,36.39,44.91,73.27,81.14,31.19,10.51,8.57,25.0,24.24,14.63,61.3,10.82,184.57,28.08,24.41,21.51,140.46,13.03,60.34,21.41,68.34,127.55,271.22,83.3,317.3,17.48,59.62,51.4,89.68,62.71
2023-11-14,22.55,51.66,53.08,42.81,21.78,109.04,43.23,22.06,71.65,69.73,165.2,18.2,125.45,3341.52,500.75,2.77,28.24,11.48,24.69,334.56,38.18,26.5,17.31,79.08,36.65,44.87,73.07,80.95,31.33,10.31,8.53,24.84,24.27,14.68,60.95,10.77,185.38,28.51,24.36,21.44,140.05,12.88,60.46,21.28,69.35,127.1,280.85,82.9,320.14,17.59,59.7,50.42,89.5,61.55
2023-11-15,22.92,51.78,54.15,43.15,21.98,110.11,43.23,22.73,72.12,70.24,171.32,18.35,126.41,3366.58,501.2,2.8,28.44,11.61,24.99,326.04,37.92,26.36,17.48,79.9,36.75,45.48,73.19,80.17,31.73,10.42,8.62,24.76,24.53,14.7,62.08,10.93,187.39,28.31,24.62,21.58,141.01,13.03,60.12,21.28,69.04,130.81,289.07,84.18,317.56,17.64,60.12,50.62,90.69,62.84
2023-11-16,22.72,51.66,53.28,42.76,21.68,111.19,43.45,22.32,70.72,69.73,167.54,18.1,127.96,3328.18,497.0,2.74,28.49,11.53,24.92,315.36,37.49,26.07,17.23,79.09,35.92,44.81,71.94,78.93,31.04,10.44,8.55,24.65,23.71,14.48,60.46,10.91,185.38,28.0,24.18,21.17,138.95,12.88,59.55,21.34,68.1,129.53,286.63,83.86,309.82,17.4,59.45,50.71,89.09,61.17
2023-11-17,22.55,51.21,53.48,42.5,21.63,112.74,44.39,22.73,70.72,69.73,167.54,18.2,127.12,3326.16,502.08,2.76,28.61,11.38,24.92,316.6,37.64,26.8,17.26,77.71,36.29,45.37,72.36,80.26,31.3,10.45,8.87,24.74,23.95,14.59,60.59,10.86,186.99,28.14,24.11,21.17,139.5,13.09,59.43,21.41,68.42,130.28,287.21,86.73,314.72,17.85,59.78,50.91,90.69,61.75
2023-11-20,22.76,51.55,52.0,42.26,21.68,111.66,43.32,22.93,70.76,69.22,169.21,18.45,127.51,3326.16,498.55,2.75,28.56,11.48,24.69,313.87,41.43,26.95,17.51,77.0,36.97,45.13,78.71,80.66,31.42,10.46,8.87,25.0,24.17,14.87,60.38,10.91,185.38,28.0,24.18,21.51,140.05,13.03,60.68,21.54,68.65,131.04,282.97,90.79,319.5,18.17,60.36,51.4,91.79,61.94
2023-11-21,22.8,51.55,51.46,42.52,21.88,111.9,40.41,22.49,70.15,69.73,172.21,18.4,126.99,3343.54,501.64,2.75,28.64,11.53,25.28,315.89,39.83,26.09,17.43,76.73,36.24,45.01,77.54,79.31,30.91,10.4,8.66,24.8,24.07,14.71,60.21,10.86,185.78,28.63,24.22,22.05,139.23,13.12,60.0,21.61,68.49,129.68,284.9,88.56,315.24,17.91,60.53,51.11,93.43,61.1
2023-11-22,22.67,50.76,51.26,42.03,21.58,111.31,40.45,22.61,69.19,69.73,170.32,18.15,126.54,3306.76,501.64,2.72,28.95,11.51,24.88,308.28,38.21,25.62,17.26,75.69,35.33,44.0,74.76,76.9,30.19,10.35,8.55,24.94,23.33,14.53,59.17,10.84,182.96,29.29,23.78,21.78,137.45,12.97,61.82,21.74,67.71,128.09,282.39,86.49,312.4,17.54,59.7,51.01,90.64,62.52
2023-11-23,22.67,50.88,51.86,42.13,21.78,112.74,41.12,23.02,70.08,69.73,180.34,18.3,127.32,3303.93,496.12,2.73,29.49,11.5,24.97,316.45,38.67,25.71,17.37,76.5,35.78,45.08,76.08,77.59,30.48,10.4,8.68,25.05,23.7,14.64,58.68,10.95,184.97,31.12,23.9,21.51,138.54,13.0,59.77,21.74,66.31,130.28,280.47,86.57,316.79,17.69,59.78,51.6,91.79,65.02
2023-11-24,22.72,50.54,53.88,41.79,21.88,113.57,41.03,22.87,69.3,72.78,180.01,18.05,129.38,3289.79,494.58,2.72,29.8,11.51,24.67,313.73,37.18,25.25,17.23,75.57,34.7,43.8,75.71,76.55,29.87,10.09,8.52,24.68,23.16,14.23,57.97,10.88,182.55,30.81,23.74,20.96,136.9,12.73,61.25,21.74,64.36,128.62,276.49,84.18,311.11,17.4,58.96,50.91,90.32,62.97
2023-11-27,22.55,50.2,54.63,41.32,21.93,115.48,41.53,22.9,68.33,72.78,179.23,17.85,131.89,3280.9,500.31,2.73,29.8,11.53,24.72,320.77,37.8,25.78,17.98,75.31,34.66,43.41,77.9,76.43,29.46,10.17,8.63,24.84,22.89,14.36,57.78,10.8,182.96,31.61,23.46,21.17,135.26,12.82,62.73,21.68,64.36,128.16,272.06,85.77,316.92,17.14,58.38,51.11,89.91,61.88
2023-11-28,22.63,50.54,54.42,41.56,21.68,115.6,40.23,22.87,68.23,73.8,179.89,18.0,131.57,3265.54,495.24,2.73,29.82,11.43,24.76,314.44,38.51,25.88,17.65,79.68,35.18,44.93,77.82,77.53,29.82,10.33,8.8,26.42,23.04,14.68,57.78,10.84,182.15,32.32,23.6,21.17,136.36,12.91,62.73,22.01,67.56,128.69,271.8,85.53,316.92,17.33,59.54,51.4,92.11,61.88
2023-11-29,22.38,50.2,54.29,41.38,21.78,116.91,42.51,23.05,67.66,73.29,180.12,17.95,132.79,3246.95,510.24,2.74,30.31,11.42,25.3,321.41,38.58,25.77,17.59,77.71,35.03,45.37,77.63,77.61,29.9,10.34,8.71,25.43,22.53,14.88,57.03,10.71,181.35,30.92,23.41,20.9,134.85,13.42,63.18,21.88,67.56,129.22,274.43,84.97,319.5,17.38,59.12,51.5,90.83,61.23
2023-12-08,22.67,49.19,56.24,40.26,21.38,115.48,51.86,23.1,64.76,69.73,179.34,16.95,125.83,3079.22,502.52,2.69,29.79,11.11,24.3,309.7,36.61,24.62,16.7,69.47,35.63,41.52,70.68,74.83,29.34,9.9,8.2,23.91,20.59,14.53,55.67,10.27,175.3,31.64,21.98,20.28,129.52,12.55,60.8,23.21,67.01,123.39,299.21,80.91,302.85,16.09,56.72,49.34,86.02,57.57
2023-12-11,22.22,49.52,55.37,40.21,21.73,118.94,52.09,23.16,64.87,70.75,183.68,16.9,130.09,3096.2,488.18,2.7,30.48,11.09,24.3,315.08,37.14,25.14,16.93,70.23,35.8,40.1,70.74,75.6,29.33,9.98,8.38,24.2,20.52,14.37,55.02,10.38,176.11,31.06,21.47,20.22,129.38,12.43,61.82,24.41,65.92,125.43,298.83,81.63,314.98,16.17,56.97,50.02,85.42,57.89
2023-12-12,22.43,49.64,55.23,40.0,21.83,120.02,53.79,23.48,65.16,70.75,188.35,17.05,130.67,3078.42,493.69,2.7,30.7,11.17,24.19,317.15,36.41,25.38,16.99,69.68,36.31,39.5,70.11,75.8,28.72,9.9,8.33,24.38,20.74,14.35,54.86,10.42,176.51,31.95,20.94,19.94,127.88,12.49,63.53,24.34,65.76,125.43,294.4,81.23,316.27,16.19,56.72,50.22,84.37,57.96
2023-12-13,22.05,49.19,54.29,39.22,21.78,119.3,53.61,23.51,63.8,70.24,185.79,17.1,129.06,2976.97,483.55,2.69,30.33,10.93,23.82,312.05,37.04,24.93,16.85,69.82,35.98,37.8,69.02,74.45,28.05,9.93,8.29,24.56,20.25,14.39,53.68,10.36,173.69,32.67,20.38,19.88,125.41,12.31,62.73,23.81,65.14,124.75,292.41,79.72,312.79,16.04,56.56,50.12,84.1,57.31
2023-12-14,21.93,49.07,55.37,38.54,23.96,120.02,50.16,23.42,63.91,70.24,187.91,17.1,129.77,3033.15,495.02,2.7,30.21,10.91,23.9,314.08,36.68,24.85,16.88,69.82,35.68,37.72,68.55,74.14,28.63,9.9,8.35,24.31,20.38,14.18,54.16,10.44,174.49,32.64,20.22,19.94,125.28,12.43,62.96,23.48,67.01,123.61,289.13,79.56,307.36,15.98,56.56,50.12,84.05,57.18
2023-12-15,21.76,48.96,55.57,37.99,22.67,120.49,48.6,23.39,63.62,70.24,186.24,16.95,128.99,3037.6,485.31,2.69,30.04,10.88,24.36,310.97,36.51,24.4,17.03,69.4,35.16,37.6,67.9,74.41,28.56,10.04,8.33,24.52,20.29,14.21,54.25,10.35,173.69,32.15,20.43,19.67,124.73,12.34,63.07,23.08,67.56,123.61,289.07,79.32,302.33,16.01,56.89,50.42,83.45,56.73
2023-12-18,21.93,47.95,52.81,36.95,22.92,119.66,49.31,22.87,62.2,69.73,183.79,16.56,129.7,3066.29,479.36,2.64,30.31,10.93,24.53,301.09,35.88,23.78,16.85,67.28,34.3,37.19,66.63,72.3,27.73,9.82,8.11,24.47,19.95,14.02,52.93,10.15,171.67,31.24,20.24,19.26,122.27,12.07,61.82,23.01,68.89,121.57,293.37,78.2,296.52,15.59,55.64,49.53,82.4,55.64
2023-12-19,21.93,47.39,51.33,37.0,22.37,119.06,49.4,22.96,62.12,69.22,183.79,16.41,129.64,3063.46,482.0,2.63,30.44,10.95,24.57,300.16,36.52,23.86,16.85,66.58,34.77,37.24,67.03,72.38,27.92,9.95,8.23,24.55,20.06,14.79,53.06,10.16,171.27,31.38,20.2,19.26,121.59,11.95,62.5,22.48,68.49,122.02,296.97,78.2,292.91,15.51,55.98,51.8,82.4,56.03
2023-12-20,21.89,47.05,49.98,37.0,22.72,120.14,48.37,22.81,61.59,68.71,183.79,16.26,129.25,3064.67,487.52,2.62,30.81,10.95,25.03,296.64,36.02,23.56,16.71,65.58,34.38,36.27,66.31,71.59,27.44,9.94,8.24,24.26,19.76,15.38,52.58,10.11,170.06,31.44,20.04,18.99,121.17,11.98,62.39,21.94,66.93,121.19,296.26,76.93,290.45,15.3,55.64,52.19,81.76,55.45
2023-12-21,21.72,47.5,51.86,37.42,22.23,119.9,47.97,23.02,61.62,69.22,183.12,16.46,129.83,3099.03,487.52,2.64,31.09,10.95,25.13,298.78,35.57,23.84,16.77,66.09,33.89,36.83,66.57,72.11,27.72,9.93,8.19,24.4,19.99,15.21,53.64,10.07,170.87,31.61,20.29,19.13,121.86,12.01,63.64,22.01,66.0,121.79,298.38,77.57,293.55,15.48,56.22,51.99,81.58,56.09
2023-12-22,22.18,47.72,50.99,38.85,21.14,120.85,47.97,22.84,62.27,69.22,182.12,16.11,133.12,3126.91,487.52,2.64,31.74,11.04,25.28,295.97,35.02,23.5,16.58,65.74,33.54,35.89,65.74,71.9,27.96,9.82,7.99,24.14,20.19,15.1,54.01,10.05,171.27,31.32,20.24,19.2,122.54,11.8,63.3,21.88,65.3,121.72,305.25,77.01,291.87,15.35,56.06,53.67,79.75,55.39
2023-12-25,22.34,47.27,53.08,39.06,20.29,123.0,45.96,22.64,61.98,69.22,180.12,16.21,133.44,3138.23,495.24,2.64,32.02,11.19,25.55,285.7,35.23,23.85,16.55,64.47,33.33,35.69,65.5,71.42,28.08,9.83,7.99,23.89,19.76,15.27,55.13,9.98,172.08,31.49,20.82,19.06,122.68,11.83,62.39,21.08,66.23,121.49,311.6,75.97,293.94,15.22,55.31,55.93,79.98,55.26
2023-12-27,22.88,47.16,55.91,39.87,19.11,133.38,45.82,22.58,62.62,68.2,180.78,16.01,132.15,3079.63,510.02,2.67,32.13,11.51,25.93,288.12,35.17,23.64,16.55,62.55,33.28,35.46,65.86,71.18,27.22,9.79,7.91,23.85,19.21,15.02,54.09,9.91,171.27,32.01,21.66,18.79,144.01,12.04,62.5,20.54,65.14,120.96,305.57,75.02,308.65,15.14,55.15,51.9,79.52,55.13
2023-12-28,22.67,48.17,56.78,40.52,19.5,129.8,46.63,23.19,64.87,69.22,182.68,16.66,128.93,3160.46,511.78,2.71,31.82,11.42,25.82,288.03,35.79,24.32,16.99,66.16,33.92,36.76,66.82,74.14,29.28,10.08,8.26,24.36,20.7,15.28,57.5,9.96,174.9,32.58,22.3,19.81,144.01,12.4,63.18,20.68,65.61,123.69,304.93,79.32,305.69,15.75,57.3,52.39,81.58,56.41
2024-01-02,23.3,48.96,55.77,41.09,20.34,137.08,45.82,23.51,65.19,70.75,180.34,17.0,132.34,3058.21,507.15,2.74,33.05,11.55,26.11,286.25,36.2,24.6,17.48,65.23,33.72,36.56,67.61,75.85,28.57,10.37,8.79,25.25,20.46,15.54,55.94,10.24,176.11,33.99,22.12,19.94,144.15,12.52,65.34,20.74,66.15,124.52,297.61,79.32,301.04,16.22,58.54,53.67,83.23,57.31
2024-01-03,23.67,49.3,56.71,42.31,21.48,138.27,45.06,23.31,67.62,71.26,180.9,16.95,136.34,3053.36,504.06,2.73,33.29,11.77,26.2,277.13,35.36,24.17,17.39,64.69,33.04,36.54,66.23,75.45,28.4,10.45,8.75,25.01,20.57,15.25,55.94,10.55,177.72,33.16,22.26,20.01,151.67,12.4,64.09,20.81,66.08,125.28,300.82,78.68,287.23,16.11,58.54,53.08,82.68,56.93
2024-01-04,23.59,49.19,56.31,42.5,21.68,139.1,47.16,23.07,66.94,70.75,182.45,16.85,140.27,3037.6,505.17,2.72,34.11,12.01,26.16,273.58,35.04,23.8,17.44,63.81,32.97,36.42,64.88,75.05,27.82,10.44,8.77,24.9,20.02,15.04,55.16,10.57,176.51,33.5,22.05,19.94,147.71,12.31,63.87,20.68,65.45,123.92,307.43,77.33,289.68,15.88,58.63,52.09,82.63,56.67
2024-01-05,23.3,48.74,55.64,41.9,21.19,138.63,44.39,22.67,64.98,70.24,185.91,16.46,141.18,3039.21,504.06,2.71,34.25,12.11,26.07,266.24,34.33,23.36,17.16,62.02,32.28,36.32,63.55,72.99,27.34,10.33,8.69,24.61,19.66,14.8,55.2,10.46,174.9,33.41,21.79,19.88,142.1,12.04,61.82,20.34,65.69,121.42,295.1,75.97,281.67,15.69,57.63,51.31,80.25,55.71
2024-01-08,23.09,47.72,53.41,41.82,20.44,138.98,43.85,22.14,63.73,69.22,186.46,16.11,138.4,2975.76,492.59,2.66,34.45,12.08,25.72,261.85,33.01,22.44,16.77,59.92,30.99,35.88,57.76,70.83,26.7,10.11,8.56,24.02,19.04,14.42,56.36,10.15,171.67,32.32,21.61,19.4,141.14,11.68,60.8,20.08,64.13,119.45,293.24,74.3,273.8,15.27,56.31,50.62,78.65,54.81
2024-01-09,23.13,47.39,53.48,41.74,20.94,140.3,43.41,22.38,63.98,69.22,180.9,16.01,142.53,2922.82,493.92,2.68,34.7,12.06,25.99,261.6,33.98,22.1,17.02,59.74,30.81,35.94,58.21,71.58,26.87,10.06,8.58,24.26,18.85,14.5,56.78,10.11,172.48,32.96,21.52,19.4,140.46,11.65,61.59,19.94,63.11,119.22,299.85,74.54,269.67,15.3,55.98,51.5,78.47,54.81
2024-01-10,22.8,47.27,53.55,41.53,20.34,137.67,41.17,22.26,63.62,69.22,178.0,16.01,139.69,2950.3,497.89,2.66,34.68,11.98,25.67,257.06,33.44,22.07,16.78,58.44,30.6,35.97,56.44,71.86,27.69,10.08,8.52,23.94,19.26,14.6,56.7,10.07,170.47,32.32,21.75,19.33,140.6,11.5,61.14,20.01,63.11,118.23,304.28,74.06,265.67,15.17,55.98,50.91,77.27,54.36
2024-01-11,22.22,47.5,53.55,41.4,20.0,136.6,42.65,22.55,64.66,69.73,177.11,16.41,137.31,2888.87,487.3,2.68,34.29,11.69,25.38,260.85,34.3,22.37,16.8,60.03,31.07,36.01,57.62,72.59,28.97,10.16,8.57,24.31,19.84,14.89,57.47,9.96,172.08,32.67,21.77,21.24,142.1,11.65,62.05,20.14,63.97,119.98,305.95,75.5,269.41,15.61,56.47,51.5,79.88,55.58
2024-01-12,22.26,47.5,53.14,42.1,19.75,137.2,42.73,22.38,64.8,70.24,176.44,16.26,138.08,2863.0,491.71,2.68,34.83,11.69,25.51,254.28,33.57,21.83,16.7,58.88,30.48,35.68,56.04,73.94,28.75,10.22,8.49,24.15,19.82,14.86,56.83,9.89,173.29,32.24,22.26,20.62,143.74,11.83,61.71,19.88,63.11,118.99,308.2,74.94,267.22,15.69,57.38,50.81,79.24,55.39
2024-01-15,22.47,47.16,52.27,41.66,19.7,136.72,42.02,22.43,63.62,70.24,173.55,16.06,138.98,2821.38,490.61,2.68,35.55,11.85,25.34,255.08,33.64,21.98,16.62,58.49,30.44,35.67,55.39,71.96,28.47,10.28,8.44,24.06,19.37,14.52,55.85,9.85,171.27,33.04,22.1,20.35,138.95,11.74,61.71,21.88,63.35,119.07,298.96,74.46,267.86,15.46,56.39,50.91,79.93,54.81
2024-01-16,22.51,46.94,51.93,41.32,19.6,138.63,41.97,22.29,63.23,69.73,174.55,15.91,140.6,2831.48,485.31,2.67,35.52,11.87,25.49,254.99,33.38,21.98,16.55,57.43,30.44,35.77,54.96,71.64,28.76,10.26,8.43,23.77,19.34,14.24,55.84,9.65,169.66,32.84,22.3,20.9,137.72,11.53,61.82,22.01,62.25,119.14,296.64,75.5,263.34,15.38,56.22,50.91,79.84,54.29
2024-01-17,22.22,45.81,49.3,40.83,19.21,137.08,41.3,21.59,61.95,68.71,170.88,15.21,138.6,2736.1,465.46,2.6,35.33,11.64,24.46,244.91,32.22,21.3,16.21,54.47,29.25,34.77,53.56,68.92,27.79,9.73,8.19,23.08,18.73,13.88,52.9,9.4,164.42,32.41,22.16,20.08,131.71,11.23,60.68,20.74,59.52,119.45,287.08,75.26,253.02,14.8,54.57,51.4,77.82,53.39
2024-01-18,22.01,45.02,48.97,40.86,18.91,135.64,41.3,21.21,61.66,68.71,172.99,15.11,138.73,2821.38,456.19,2.55,35.89,11.63,24.75,257.74,31.92,21.26,15.78,54.85,29.19,34.77,52.74,68.12,28.25,9.44,7.95,22.51,18.44,13.7,52.76,9.23,162.41,30.98,22.7,19.94,129.11,11.14,59.43,20.61,59.13,115.81,288.94,76.05,254.82,14.69,52.42,48.74,75.99,52.88
2024-01-19,22.18,44.8,49.98,40.23,18.51,133.02,41.39,21.18,61.7,67.69,171.77,14.87,135.24,2837.14,461.27,2.55,35.18,11.55,24.92,261.5,31.19,20.97,15.67,54.14,29.13,35.25,52.66,68.38,28.54,9.3,7.7,22.14,18.08,13.54,52.69,9.16,161.6,30.61,22.72,20.01,128.83,11.11,59.21,20.21,57.89,114.75,280.79,75.26,251.98,14.4,52.5,46.97,75.9,52.17
2024-01-22,21.93,42.66,47.49,38.02,18.02,128.61,38.13,19.64,58.63,65.66,163.08,13.82,132.47,2795.51,441.63,2.42,34.93,11.4,24.42,238.07,29.01,19.5,14.62,48.98,27.22,33.59,49.0,63.73,27.16,8.64,7.2,20.62,16.8,12.47,49.2,8.63,152.73,30.09,22.1,18.51,121.04,10.57,55.12,18.81,55.0,107.09,264.55,70.08,234.94,13.38,48.69,43.43,71.23,49.8
2024-01-23,21.89,42.66,46.74,39.14,18.17,131.47,39.29,19.58,61.59,66.17,167.09,13.77,134.47,2813.7,444.06,2.45,35.38,11.34,24.13,240.32,28.44,20.02,14.05,51.66,27.73,33.45,50.96,64.0,27.19,8.48,6.95,20.2,16.89,12.61,48.94,8.78,154.75,28.37,22.37,18.45,124.59,10.51,53.64,19.81,55.47,107.24,270.52,70.48,240.88,13.48,48.03,42.93,71.74,50.31
2024-01-24,22.63,43.78,45.53,39.87,18.46,133.85,39.56,20.08,62.02,67.18,172.32,14.07,138.98,2841.18,447.59,2.5,36.12,11.74,24.5,244.38,28.59,20.25,14.01,50.27,28.12,33.45,51.47,63.01,27.08,8.59,7.09,20.23,16.66,12.71,48.08,8.98,160.39,29.55,22.72,18.99,125.28,10.78,54.89,20.14,56.17,107.85,268.66,70.96,242.17,13.64,48.85,44.51,71.78,50.63
2024-01-25,24.41,45.58,46.34,40.73,19.11,139.22,42.06,20.98,63.23,68.2,178.11,14.92,143.62,2913.52,454.21,2.58,36.69,12.92,25.19,249.58,30.0,21.09,15.08,52.64,31.04,34.15,52.44,67.31,27.83,9.06,7.53,21.51,17.39,13.69,50.09,9.58,167.24,31.26,22.79,19.54,127.47,11.11,55.8,20.74,57.81,111.79,267.12,72.95,248.63,14.01,50.43,46.38,74.16,51.85
2024-01-26,24.12,46.26,45.8,40.57,19.3,138.98,42.6,21.07,63.05,68.71,175.55,14.97,146.46,2950.3,455.31,2.61,37.16,13.74,25.55,247.68,29.48,20.22,14.89,50.66,30.08,34.3,51.36,66.42,27.85,9.19,7.51,21.94,16.81,13.53,49.38,9.78,168.85,31.58,23.25,19.47,126.51,11.14,56.93,21.21,59.21,110.27,259.99,71.44,246.95,13.98,50.26,46.87,74.34,51.27
2024-01-29,24.58,45.13,43.71,40.57,19.16,138.03,41.84,20.48,61.8,68.71,176.89,13.92,148.78,2938.18,457.74,2.59,36.82,13.58,25.59,237.05,26.82,20.03,13.93,48.51,31.73,33.36,56.5,65.87,26.95,8.9,7.2,20.95,16.28,13.31,46.5,9.62,167.64,30.75,23.09,18.65,123.64,10.93,55.12,20.34,56.25,107.55,256.91,68.65,244.24,13.59,48.11,45.0,73.7,49.92
2024-01-30,24.58,44.46,43.71,41.4,19.85,135.41,40.27,20.02,60.52,67.69,178.89,13.32,147.69,2879.17,453.55,2.53,36.94,13.58,25.47,224.04,26.04,19.41,13.48,47.52,29.63,34.6,47.31,62.03,25.33,8.35,6.93,20.37,15.46,12.93,44.44,9.27,163.21,29.46,23.14,18.17,121.59,10.6,52.73,20.01,53.67,104.44,249.08,66.18,229.26,13.06,46.29,43.82,70.04,48.51
2024-01-31,24.71,42.55,42.5,41.01,18.81,135.05,38.84,18.71,58.38,66.68,177.56,12.28,147.3,2816.53,453.77,2.47,37.44,13.52,25.17,222.29,24.29,18.52,13.06,44.89,28.34,33.51,44.59,58.51,24.4,7.8,6.46,19.72,14.68,12.2,42.71,9.16,159.58,28.6,22.88,17.36,114.47,9.94,50.57,19.21,53.91,97.69,238.74,62.75,223.46,11.85,42.4,41.16,67.39,47.55
2024-02-01,24.25,41.76,42.16,41.09,18.07,132.78,38.75,17.92,57.45,66.17,177.22,11.83,146.01,2837.54,451.78,2.45,37.05,13.18,25.36,233.04,24.02,18.59,12.59,44.24,27.28,30.56,45.11,57.97,24.19,7.74,6.25,19.33,14.41,11.74,42.64,8.9,158.38,27.63,22.63,17.15,111.74,9.64,48.07,18.88,55.39,94.51,244.9,62.04,224.49,11.88,41.9,39.49,69.08,46.9
2024-02-02,24.41,40.41,40.08,40.23,17.42,133.26,36.16,16.93,55.63,65.66,172.77,10.69,146.27,2736.5,460.61,2.39,37.23,13.1,25.15,225.91,22.47,17.58,11.87,41.52,26.31,28.46,42.01,54.8,22.47,7.08,5.87,17.94,13.49,11.21,39.34,8.32,153.94,28.03,22.26,16.61,106.81,9.25,46.25,18.61,52.66,90.57,251.71,59.25,214.42,11.14,39.75,37.22,64.46,45.75
2024-02-05,24.95,36.69,38.06,40.57,15.69,131.59,32.53,15.25,53.7,64.13,177.45,9.65,151.3,2829.46,461.93,2.28,37.93,13.44,25.42,236.52,19.72,17.42,10.93,36.82,23.59,26.97,41.34,51.15,20.42,6.35,4.93,15.19,12.3,10.52,38.02,7.61,148.7,29.09,22.19,15.25,101.89,8.32,41.59,17.41,50.01,87.31,257.49,57.58,211.19,9.98,33.37,32.59,58.96,44.4
2024-02-06,24.75,38.49,36.17,42.94,15.89,132.3,33.7,14.93,58.38,67.69,186.13,8.7,148.59,2922.01,469.21,2.44,37.51,13.13,25.49,259.75,20.19,18.51,11.3,39.84,25.46,27.39,43.78,54.79,22.43,6.36,4.95,15.19,13.29,11.12,43.21,8.07,162.41,29.06,23.48,16.47,108.05,8.08,37.73,18.28,49.93,89.96,282.33,62.36,236.88,10.4,33.95,32.5,66.24,45.94
2024-02-07,24.95,40.41,34.35,44.99,15.44,135.88,36.02,14.11,61.95,69.73,200.15,7.86,149.88,2964.45,473.4,2.56,37.19,13.44,25.61,273.47,19.4,19.75,10.61,41.09,25.93,26.08,45.06,54.39,23.23,6.18,4.55,14.43,13.91,11.07,49.88,8.49,172.88,28.57,23.76,17.83,113.79,7.78,33.98,17.74,48.37,89.89,298.89,63.07,252.76,10.19,31.71,31.12,69.49,45.04
2024-02-08,24.83,44.46,33.68,44.11,16.38,136.01,38.93,15.45,62.48,70.24,198.71,8.35,147.23,3012.54,480.9,2.59,37.45,13.39,26.13,273.49,22.27,20.96,12.16,45.58,26.84,28.41,48.36,63.35,24.23,7.08,5.13,16.58,14.8,12.14,50.3,9.0,171.67,28.66,24.2,18.11,116.94,8.56,36.48,18.81,50.79,99.51,279.7,67.29,263.6,11.37,34.45,34.07,77.6,49.02
2024-02-19,26.03,43.33,35.36,44.81,17.13,143.03,39.78,16.32,63.3,70.24,204.72,8.1,161.93,3015.37,468.55,2.59,39.28,13.99,26.87,265.51,22.88,19.97,12.26,44.59,27.14,30.12,47.81,62.03,23.53,7.52,5.62,16.69,14.64,12.24,48.35,9.14,172.48,28.74,24.76,18.24,119.12,8.8,39.77,19.01,52.97,102.54,274.11,67.06,254.44,11.64,36.35,36.34,76.22,49.8
2024-02-20,25.91,44.23,36.1,47.02,17.03,144.57,40.54,16.15,63.44,70.24,219.75,8.5,169.54,3029.51,471.64,2.58,39.66,13.97,27.39,263.41,22.9,19.71,12.49,44.49,26.81,29.53,47.9,60.87,23.3,7.45,5.51,16.66,14.55,12.27,47.03,9.07,172.48,28.77,25.01,17.97,119.67,8.98,40.23,19.61,55.62,102.54,276.04,66.42,254.57,11.56,36.85,36.53,78.69,49.6
2024-02-21,25.91,44.23,36.64,46.61,17.18,144.18,40.14,16.64,63.44,70.24,214.74,9.35,165.8,3153.59,479.14,2.58,39.36,14.08,27.28,265.09,23.44,19.78,12.49,46.0,27.29,29.8,48.04,61.34,23.52,7.57,5.75,16.94,14.86,12.47,47.58,9.09,172.08,28.89,25.64,18.17,119.53,9.25,42.16,19.81,55.15,104.51,277.51,66.98,255.34,11.95,38.26,37.22,77.27,50.31
2024-02-22,26.61,44.23,36.64,47.0,18.07,153.51,42.06,17.08,63.8,71.26,215.63,9.89,176.69,3184.71,483.55,2.59,41.66,14.89,27.72,268.13,24.07,20.21,12.79,46.03,27.64,30.1,48.94,62.19,23.53,7.65,5.85,17.48,14.92,12.55,47.2,9.16,172.88,29.57,25.38,18.45,120.63,9.34,43.18,20.01,55.93,104.89,278.29,67.53,258.31,12.09,39.08,38.21,77.73,50.5
2024-02-23,26.4,44.46,37.85,47.21,18.07,150.7,42.87,17.72,63.48,70.75,223.31,10.89,175.53,3137.02,485.97,2.61,41.26,14.67,28.23,269.81,25.0,20.39,13.13,47.25,28.38,31.29,49.73,62.4,23.98,7.84,5.99,18.26,15.29,12.72,47.47,9.23,174.49,29.6,24.78,18.45,120.9,9.67,45.46,20.21,55.62,106.11,274.56,68.73,258.31,12.4,41.32,39.78,78.24,51.21
2024-02-26,25.95,44.8,38.33,47.0,17.82,147.12,41.88,17.95,63.3,69.73,226.76,10.69,170.31,3103.88,481.12,2.6,40.66,14.29,27.49,268.91,26.45,20.56,13.61,48.0,29.07,30.85,49.77,62.59,24.13,8.05,6.27,18.51,15.21,12.88,47.52,9.18,171.27,28.83,24.76,18.51,120.35,9.79,46.82,20.14,56.01,106.26,274.95,69.52,258.31,12.61,42.06,41.06,77.82,52.24
2024-02-27,25.91,45.36,38.73,46.92,17.97,147.12,46.09,18.48,64.52,70.24,227.76,11.09,169.93,3164.9,485.09,2.63,40.25,14.36,27.51,273.92,26.95,21.15,13.86,49.14,29.84,31.69,51.92,64.96,24.69,8.32,6.41,19.28,15.82,13.21,48.19,9.27,174.09,29.14,24.71,18.99,122.27,9.97,47.62,20.48,56.17,107.55,267.82,70.64,266.96,12.93,43.72,41.56,81.26,52.88
2024-02-28,25.66,44.23,37.05,46.61,17.47,144.44,42.33,16.85,64.55,69.22,230.43,10.49,167.93,3143.89,476.49,2.6,40.52,14.29,27.2,257.52,24.54,19.96,12.48,45.17,27.67,29.95,47.99,59.39,23.58,7.48,5.68,17.07,14.66,12.19,47.4,9.0,170.47,28.17,24.29,18.11,118.85,9.28,44.55,19.68,53.36,101.18,260.89,66.98,256.11,12.03,40.16,38.21,78.56,49.99
2024-02-29,25.91,45.13,37.85,47.47,17.97,144.57,45.02,17.52,65.8,70.24,227.21,10.79,166.83,3215.02,478.47,2.63,39.94,14.29,27.41,276.19,25.54,21.09,12.85,46.75,29.15,30.26,51.29,61.06,24.26,7.73,5.88,17.64,15.38,12.64,50.13,9.31,174.09,28.2,24.29,18.65,122.41,9.73,45.46,20.41,53.59,104.74,261.14,69.68,273.03,12.56,42.23,39.49,81.26,51.34
2024-03-01,25.7,45.13,38.06,48.61,18.17,148.02,45.11,17.58,69.23,70.24,232.66,10.59,167.54,3181.88,499.65,2.63,39.99,14.2,27.7,279.65,26.47,21.2,12.91,47.75,28.93,30.21,51.78,61.64,24.29,8.01,6.11,17.45,15.27,12.63,50.08,9.4,175.7,28.23,24.04,18.85,123.36,9.94,45.46,20.21,52.81,106.33,252.86,70.32,270.96,12.72,42.31,39.69,78.69,51.79
2024-03-04,26.28,44.46,36.3,49.65,18.12,155.68,49.63,17.55,68.9,69.73,227.21,10.29,174.24,3077.2,510.68,2.62,41.48,14.75,28.14,285.49,26.25,21.3,12.84,48.96,28.61,30.13,51.86,59.55,23.85,7.84,5.99,17.11,15.04,12.59,49.4,9.34,174.49,30.03,23.74,19.2,122.0,10.42,45.68,20.14,51.72,104.89,262.04,70.96,276.51,12.48,41.73,39.78,89.59,51.47
2024-03-05,26.49,44.35,35.36,49.6,17.67,154.15,50.48,17.05,69.62,68.71,227.76,9.7,173.92,3106.71,534.28,2.65,41.75,14.63,28.96,275.39,25.34,20.88,12.5,46.83,28.14,29.15,50.5,58.09,23.13,7.73,5.86,16.83,14.66,12.09,47.69,9.23,175.3,28.57,24.02,18.72,120.63,11.44,44.77,20.14,54.3,102.16,259.99,68.97,273.03,12.14,40.41,38.6,89.64,50.31
2024-03-06,26.45,44.23,36.64,50.22,18.07,156.44,50.61,17.46,71.19,69.22,227.32,9.89,175.28,3069.52,543.55,2.64,41.93,14.52,29.69,269.81,25.87,20.78,12.71,45.97,27.77,29.4,50.28,58.57,23.26,7.86,5.96,17.11,14.83,12.24,48.67,9.25,176.91,28.4,24.29,19.26,121.31,12.31,44.77,20.14,56.48,103.3,262.3,69.76,265.93,12.27,40.91,39.69,89.18,50.57
2024-03-07,26.65,44.46,36.64,50.72,18.02,157.21,53.56,17.25,70.3,69.22,228.43,9.99,177.08,3111.96,560.09,2.72,42.93,14.67,30.8,265.78,25.54,20.48,12.58,44.9,27.32,29.44,50.14,57.28,22.69,7.73,5.87,16.94,14.31,12.09,47.91,9.25,180.94,28.2,24.13,18.85,123.91,12.34,45.46,20.34,57.57,102.62,252.35,68.65,262.7,12.32,40.57,47.66,88.49,50.76
2024-03-08,26.78,44.57,36.57,50.93,17.87,155.55,57.64,17.31,70.8,69.22,225.31,9.79,173.54,3119.24,559.21,2.72,42.62,14.84,31.13,269.26,26.13,20.59,12.66,44.9,27.4,29.07,50.68,57.78,22.69,7.9,5.99,16.99,14.37,12.23,48.36,9.36,184.17,28.94,24.5,19.74,124.05,11.92,45.68,20.14,59.68,104.14,251.71,69.6,267.86,12.48,40.33,45.99,86.98,53.52
2024-03-11,26.36,44.91,37.85,50.95,17.87,149.93,57.55,18.1,71.12,70.75,219.86,10.29,167.61,3128.93,561.2,2.72,40.95,14.55,31.07,270.5,26.47,21.0,13.06,47.11,27.91,29.31,51.39,59.1,24.35,8.03,6.07,17.39,15.43,12.6,50.83,9.34,184.57,28.86,24.73,20.62,127.19,11.53,45.91,20.34,59.76,106.79,274.88,71.75,267.86,13.32,41.57,45.3,86.34,54.04
2024-03-12,25.41,45.25,37.72,49.99,17.87,145.59,60.81,18.07,69.26,70.24,213.07,10.64,158.9,3193.6,543.55,2.67,39.46,14.04,30.02,273.74,26.73,21.1,13.18,47.82,28.24,29.67,52.22,59.48,24.16,8.23,6.21,17.86,15.41,12.74,49.95,9.32,180.14,28.77,24.55,22.67,125.96,11.53,46.59,20.54,60.85,109.9,266.41,71.99,267.09,13.17,42.81,54.36,86.48,54.49
2024-03-13,25.49,44.91,37.05,49.99,17.72,146.48,59.02,18.27,67.66,69.73,213.07,10.39,158.13,3162.48,539.8,2.65,39.08,14.05,30.71,273.19,27.04,21.12,13.17,47.52,28.0,29.68,51.81,58.85,23.97,8.26,6.16,17.88,15.32,12.68,49.52,9.38,180.14,29.03,24.06,21.65,125.14,11.38,46.82,21.08,60.62,108.76,258.71,71.28,270.06,13.01,42.15,49.53,85.74,54.16
2024-03-14,25.78,44.8,36.71,49.94,17.82,150.95,56.16,18.16,67.51,69.73,213.85,10.49,158.0,3123.68,543.55,2.73,38.95,14.21,32.18,267.56,26.29,20.79,13.12,48.17,27.62,29.22,51.06,57.78,23.68,8.28,6.17,17.69,15.03,12.57,48.96,9.4,182.15,29.14,23.92,21.1,123.77,11.77,46.93,20.94,60.85,107.09,256.2,70.4,272.25,12.93,41.73,48.55,86.98,54.16
2024-03-15,25.7,45.25,37.85,51.06,17.92,146.23,56.92,18.3,68.44,69.73,235.22,10.84,155.03,3164.1,552.81,2.84,38.26,14.31,33.37,263.15,27.69,20.86,13.41,48.08,27.79,29.6,51.45,58.5,23.82,8.35,6.35,18.13,15.16,12.72,50.04,9.56,190.61,29.75,24.13,21.37,125.14,11.71,47.16,21.14,61.63,112.32,255.62,72.71,276.25,13.19,42.64,50.02,88.03,55.0
2024-03-18,25.7,45.7,38.26,50.72,18.07,144.18,57.77,18.48,67.87,69.73,245.46,11.04,152.13,3192.39,551.05,2.85,37.68,14.33,32.99,261.54,27.87,21.48,14.06,49.55,28.93,29.88,53.06,58.66,24.4,8.59,6.52,18.91,15.53,12.95,51.17,9.65,189.81,30.49,24.18,22.46,125.69,11.56,48.3,21.54,61.47,113.61,260.7,73.43,282.71,13.27,43.89,52.19,89.41,56.86
2024-03-19,25.49,45.47,40.14,50.48,18.31,145.21,58.35,18.45,66.66,69.73,246.91,11.24,152.71,3175.82,554.58,2.82,38.4,14.39,32.47,261.14,28.1,21.25,13.89,48.76,28.4,29.56,52.54,58.57,24.01,8.67,6.66,18.56,15.32,12.92,50.99,9.6,189.0,30.4,24.39,21.85,125.55,11.56,49.32,21.61,60.15,110.5,257.81,72.63,282.45,13.24,43.56,50.91,87.76,55.9
2024-03-20,25.87,45.81,42.16,49.96,18.27,144.82,59.02,18.59,66.3,69.73,251.03,12.38,153.94,3147.53,555.46,2.85,38.74,14.78,32.43,258.83,28.09,21.43,13.91,49.27,28.64,29.64,53.23,59.42,24.33,8.78,6.64,18.61,15.35,12.98,50.94,9.62,188.6,30.38,24.25,21.99,125.69,11.53,49.77,21.61,63.19,111.34,257.29,73.67,283.61,13.69,43.8,59.28,87.99,54.61
2024-03-21,25.91,46.04,42.64,49.76,18.31,144.44,58.53,18.62,66.48,69.22,245.57,13.62,153.75,3120.04,572.01,2.89,38.86,14.83,32.66,256.82,27.84,20.88,14.03,48.46,28.15,29.27,52.58,58.89,23.79,8.79,6.63,18.6,14.94,13.04,49.68,9.6,189.81,30.66,23.92,23.35,124.87,12.67,50.46,21.88,66.39,111.03,251.64,76.85,284.77,13.46,43.89,59.08,87.39,53.84
2024-03-22,25.7,45.13,44.79,48.14,18.27,143.67,56.07,18.33,64.76,68.71,249.58,14.97,154.84,3121.66,560.54,2.81,39.29,14.68,32.18,257.74,27.07,20.75,13.67,46.54,27.69,29.17,51.94,57.12,22.85,8.56,6.65,18.18,14.1,12.96,48.11,9.43,183.36,30.95,23.28,25.66,121.72,11.98,49.09,21.74,67.95,107.17,232.58,74.3,286.58,13.22,42.64,64.01,86.06,54.04
2024-03-25,25.82,45.02,45.67,48.64,17.77,143.03,53.88,18.04,63.98,68.2,245.02,16.46,155.68,3162.08,563.84,2.81,40.24,15.01,32.91,252.85,25.96,20.56,13.21,44.62,26.44,27.98,49.81,55.37,21.86,8.7,6.41,17.66,13.47,13.44,46.53,9.34,183.76,30.95,22.95,24.37,119.67,12.16,47.62,21.61,71.38,104.74,224.23,71.83,285.93,12.85,41.15,59.87,85.06,53.01
2024-03-26,25.7,44.91,43.38,49.52,17.52,137.8,52.36,18.04,65.26,68.2,261.71,18.1,149.88,3233.61,562.52,2.8,39.11,14.89,32.47,249.18,26.28,20.27,13.08,43.73,26.02,27.7,48.65,55.99,22.15,8.45,6.35,17.82,13.71,13.08,47.32,9.4,182.96,29.86,23.25,24.57,121.59,11.74,47.84,21.61,70.6,107.17,228.79,72.71,277.67,13.3,41.4,56.13,87.99,53.46
2024-03-27,25.78,44.57,41.22,48.12,17.13,138.18,52.04,17.63,64.3,67.18,258.71,19.89,148.33,3222.7,564.95,2.77,38.92,14.83,32.87,237.07,24.71,19.3,12.7,41.79,24.93,26.63,46.33,53.64,21.18,8.38,6.11,17.25,13.03,12.62,45.2,9.14,179.33,30.06,22.74,23.42,117.35,12.04,46.02,21.08,68.65,102.54,218.9,69.76,269.8,13.11,39.91,53.47,85.29,52.82
2024-03-28,25.78,44.57,41.56,48.22,17.23,138.18,53.16,18.04,64.69,67.69,260.71,21.88,148.78,3251.39,577.08,2.8,38.7,14.96,33.66,243.67,25.59,19.48,13.17,42.3,25.98,26.75,47.51,53.98,21.28,8.59,6.21,17.78,13.08,13.23,45.52,9.34,183.36,30.58,22.95,25.73,118.99,12.34,47.05,21.08,71.54,103.68,218.26,71.67,273.15,13.67,40.41,64.21,85.38,53.07
2024-03-29,26.49,45.25,41.76,49.39,17.32,141.5,53.74,18.33,65.3,67.69,263.38,19.69,153.36,3346.37,622.74,2.89,38.84,15.98,35.17,249.96,26.1,19.72,13.68,42.71,26.18,26.99,47.09,55.49,21.5,8.71,6.34,17.97,13.39,13.06,45.65,9.51,189.0,31.06,23.32,26.0,120.22,12.37,47.39,21.48,71.3,106.26,220.83,73.35,275.22,13.46,41.32,69.62,86.98,53.59
2024-04-01,26.36,46.71,42.23,50.25,19.06,138.69,53.97,18.94,67.87,68.71,257.48,17.7,153.55,3417.09,650.54,2.96,38.29,15.75,35.27,257.04,26.85,20.19,14.28,43.72,27.24,27.8,49.21,57.68,22.25,8.72,6.59,18.43,14.12,13.71,47.65,9.76,191.82,31.06,23.51,26.21,125.96,12.43,49.09,21.88,70.52,114.67,221.22,74.54,281.8,13.85,43.56,81.24,89.77,54.55
2024-04-02,26.82,47.84,43.17,50.64,18.46,135.24,54.19,19.06,70.37,68.71,262.38,15.91,151.68,3435.28,641.27,3.0,39.09,16.11,35.44,259.2,26.44,19.9,14.37,43.86,27.4,28.02,48.84,58.37,22.81,8.92,6.68,18.63,14.7,13.46,49.37,10.09,193.84,31.72,24.04,26.21,129.11,13.67,50.23,21.88,70.68,119.67,222.82,75.74,278.32,15.04,52.25,93.06,90.28,56.61
2024-04-08,26.98,47.95,47.62,50.46,19.85,137.03,52.13,17.95,70.9,69.73,247.58,15.11,158.26,3516.11,701.06,3.64,39.43,16.61,36.17,251.04,24.68,19.34,13.46,41.0,28.13,33.57,45.08,55.23,21.41,8.74,6.28,17.56,13.92,12.54,47.08,10.13,199.08,31.64,24.11,24.44,127.33,16.55,48.18,22.01,69.35,111.71,224.49,72.63,270.96,14.17,49.77,94.83,93.07,53.97
2024-04-09,26.24,48.96,47.08,50.2,19.7,138.05,50.61,18.62,72.65,68.71,249.02,14.37,157.23,3512.07,691.79,3.72,39.26,16.36,35.56,256.0,25.18,19.8,14.06,44.14,30.91,32.59,46.22,57.28,24.83,8.93,6.49,18.22,14.98,12.71,50.11,10.15,200.29,31.61,24.36,24.78,132.53,15.8,49.77,21.81,70.76,130.81,238.93,75.42,278.45,14.9,51.26,93.65,100.03,55.51
2024-04-10,26.36,48.62,47.89,50.38,19.35,143.03,47.21,18.27,72.97,68.71,242.34,13.67,160.51,3533.09,697.31,3.59,39.77,16.61,37.61,250.27,24.62,19.35,13.78,42.36,32.6,31.32,44.81,55.9,23.68,8.85,6.25,17.64,15.05,12.28,49.85,9.98,200.29,31.47,24.39,26.21,131.16,17.21,48.07,21.34,70.45,121.57,230.4,72.95,269.54,15.32,48.44,110.88,97.6,54.04
2024-04-11,26.45,48.51,47.76,50.48,19.75,144.31,47.79,18.33,74.04,69.22,250.47,12.98,161.42,3508.03,689.81,3.52,40.24,16.54,37.61,241.97,24.71,19.19,13.63,41.13,30.49,31.84,44.54,56.99,23.33,8.85,6.28,17.62,15.48,12.27,49.14,10.11,202.3,31.95,24.15,24.16,130.89,18.92,48.41,21.48,70.52,121.34,230.72,72.39,265.28,14.53,46.7,88.73,95.72,53.97
2024-04-12,26.45,48.06,46.41,50.35,20.05,142.65,48.6,18.07,72.97,68.71,250.47,12.33,160.45,3480.14,730.39,3.6,40.16,16.61,38.45,240.1,24.91,18.95,13.56,40.61,28.56,32.06,45.39,54.67,22.31,8.77,6.26,17.84,14.56,12.11,46.3,11.11,203.11,32.24,23.88,23.82,129.93,20.81,48.98,21.21,72.08,117.4,219.61,71.52,263.73,13.8,46.95,85.48,93.07,54.04
2024-04-15,27.57,47.27,47.35,54.52,19.06,146.1,47.48,16.7,74.58,67.69,257.48,11.73,164.45,3556.53,704.59,3.32,41.46,17.25,38.6,247.58,23.74,18.94,12.53,37.99,29.22,29.4,45.12,51.11,21.4,8.45,5.75,16.25,13.9,12.03,46.18,10.0,199.88,31.24,23.92,22.94,131.84,18.74,44.09,20.61,68.49,113.31,222.95,70.0,264.25,12.4,42.15,78.48,94.81,53.46
2024-04-16,27.69,45.13,46.27,53.45,17.18,145.08,44.21,15.33,71.08,66.68,252.14,11.14,164.38,3516.11,675.25,3.12,41.86,17.63,37.51,250.69,21.65,18.18,11.74,35.19,26.74,26.81,43.12,48.39,20.19,7.58,5.05,14.53,12.35,11.4,43.64,9.0,187.39,28.94,23.44,21.58,124.32,16.88,39.66,19.14,65.06,106.71,207.8,60.21,259.73,11.19,36.1,66.67,94.3,50.76
2024-04-17,27.52,45.92,48.02,54.78,17.77,146.23,47.52,16.5,72.15,68.2,262.38,10.59,165.16,3519.34,684.51,3.22,41.91,17.67,37.8,258.83,23.05,19.11,12.73,37.44,28.4,27.98,44.87,50.56,21.02,8.13,5.72,16.0,13.94,11.84,45.11,8.96,195.45,29.55,24.18,23.28,126.92,16.4,39.89,20.28,62.64,113.31,213.58,64.75,265.28,12.16,39.99,79.86,98.47,53.07
2024-04-18,27.11,45.58,47.49,54.18,18.71,148.4,46.67,16.12,73.76,68.71,261.6,10.04,164.32,3524.6,686.05,3.37,41.75,17.17,38.62,259.73,23.37,19.18,12.67,36.57,28.44,27.51,45.24,49.68,20.8,8.14,5.57,15.93,13.86,11.88,47.82,9.22,197.47,29.49,24.09,25.25,124.59,16.94,40.0,20.01,61.55,114.14,207.35,65.46,267.35,11.69,39.75,84.88,97.05,54.1
2024-04-19,27.65,45.81,49.84,56.0,18.12,147.89,47.08,15.95,78.61,68.2,259.15,9.55,162.83,3497.92,693.33,3.39,42.16,17.66,38.95,248.77,23.41,18.6,12.54,35.75,27.43,28.79,45.12,50.84,20.22,8.24,5.51,15.91,13.35,11.94,46.25,9.78,196.66,30.95,24.02,25.8,137.04,18.02,40.46,19.81,58.51,115.66,198.17,64.11,266.57,11.37,39.33,97.59,96.69,58.34
2024-04-22,26.94,44.35,52.07,53.79,17.28,137.42,47.08,15.8,75.61,67.69,248.47,9.05,155.16,3554.15,670.39,3.2,40.05,17.19,37.22,246.43,22.74,18.73,12.28,36.03,28.12,29.7,45.27,49.93,20.34,8.32,5.49,15.62,12.2,11.47,46.42,8.81,191.02,29.37,23.99,24.64,138.41,16.22,40.12,19.88,55.62,98.98,192.39,61.8,268.89,11.11,38.09,80.45,95.31,55.39
2024-04-24,26.9,44.01,51.53,52.72,17.32,116.6,48.33,16.35,74.36,67.18,244.91,8.15,150.39,3477.54,646.57,3.11,39.05,16.87,36.67,249.69,23.72,18.96,12.85,38.03,28.88,29.47,47.89,50.45,20.09,8.55,5.87,16.34,12.21,10.99,45.55,9.07,186.99,29.89,23.51,25.87,132.66,15.17,40.46,20.34,61.01,98.45,198.36,62.28,267.22,11.64,38.84,96.11,96.91,53.52
2024-04-25,27.11,44.68,48.97,52.83,17.52,116.34,48.1,16.41,74.58,67.18,240.01,8.55,152.33,3480.42,646.35,3.12,39.05,17.04,36.38,254.63,24.02,19.06,13.39,38.57,29.15,29.43,47.77,51.24,20.61,8.85,5.93,16.63,12.42,10.78,46.9,9.0,185.38,29.92,23.37,25.73,137.45,14.75,40.91,20.54,59.68,100.19,198.23,62.91,273.03,11.69,40.74,106.45,97.37,54.04
2024-05-14,26.4,45.36,49.57,55.64,17.77,119.15,47.7,17.43,82.54,68.71,282.09,7.91,152.13,3693.36,671.72,3.16,37.5,16.06,38.66,295.42,26.44,19.27,14.59,39.67,28.94,30.66,51.93,52.62,20.7,9.19,6.35,16.98,13.06,11.14,51.18,9.14,194.24,29.83,22.63,24.5,162.34,10.12,43.98,21.81,53.91,101.66,209.19,63.39,294.58,12.32,45.71,118.66,101.58,58.2
2024-05-15,26.24,45.58,52.07,55.38,17.87,119.66,48.19,17.2,82.64,68.2,287.54,8.3,153.42,3653.41,687.82,3.25,38.09,15.99,38.26,290.48,26.12,18.77,14.51,39.03,28.48,30.19,51.5,51.44,20.64,9.13,6.37,17.11,13.03,11.47,50.06,9.16,192.63,30.18,22.51,25.66,168.22,9.61,43.75,21.61,54.61,100.11,211.01,62.52,294.33,12.16,44.63,117.09,99.07,57.54
2024-05-16,26.11,46.04,52.94,56.11,17.77,119.54,47.48,17.46,82.0,67.18,282.98,8.6,153.81,3655.47,671.5,3.21,37.53,15.9,38.2,295.18,26.44,18.78,14.71,39.05,28.52,30.38,51.27,51.49,20.69,9.07,6.31,17.14,12.89,11.49,49.74,9.11,189.81,30.58,22.35,26.14,166.99,9.13,43.75,21.41,53.44,100.42,208.86,62.52,292.39,12.19,44.63,128.02,99.2,57.41
2024-05-17,26.28,48.17,55.03,55.61,18.02,121.2,49.0,17.63,82.68,67.69,280.08,9.05,154.65,3709.43,668.63,3.25,37.78,16.04,39.26,292.64,26.59,19.14,14.87,39.79,29.12,30.84,52.39,51.83,21.02,9.21,6.42,17.57,13.04,11.7,50.52,9.36,193.84,30.43,22.65,28.72,179.16,8.68,43.87,21.74,53.2,102.67,211.99,63.31,296.78,12.56,45.21,128.02,101.81,57.94
2024-05-20,26.57,48.17,55.03,57.2,18.61,126.05,48.46,17.63,83.07,67.69,278.08,8.65,160.13,3699.95,701.5,3.58,39.23,16.51,40.71,299.41,26.97,19.26,15.08,40.31,29.22,30.47,53.3,53.26,18.68,9.25,6.39,17.62,13.01,11.43,52.84,9.43,202.3,31.44,22.49,29.27,182.04,8.26,43.52,21.68,52.35,108.09,207.23,64.11,296.26,12.67,44.96,127.72,103.64,57.94
2024-05-21,26.36,46.94,54.96,55.95,18.31,126.05,47.52,17.25,81.68,67.18,276.41,9.1,161.16,3649.29,664.0,3.39,40.01,16.38,38.99,296.33,26.69,18.95,14.75,38.86,28.77,30.06,52.25,52.4,18.22,9.11,6.33,17.32,12.69,11.22,52.19,9.27,196.26,30.89,21.98,28.32,175.88,7.84,42.16,21.48,51.88,105.22,202.78,62.52,290.71,14.75,43.8,121.02,100.26,57.01
2024-05-22,26.57,47.39,52.2,55.74,18.41,127.58,47.57,17.34,81.18,67.18,273.18,9.55,161.22,3759.68,658.7,3.33,40.1,16.25,38.53,288.47,26.47,19.11,14.85,39.58,29.07,30.42,51.6,53.01,19.03,9.08,6.41,17.39,12.9,11.3,52.45,9.2,194.64,30.29,22.23,27.57,169.04,7.45,41.82,21.34,49.3,105.3,208.79,65.14,290.71,14.38,46.2,120.93,101.31,57.08
2024-05-23,26.4,45.7,54.83,55.3,17.67,124.64,45.69,16.91,78.32,66.17,265.83,9.79,160.84,3669.47,641.27,3.12,39.65,16.02,37.3,281.68,25.94,18.68,14.4,38.17,28.74,29.05,50.73,52.04,18.33,8.86,6.29,16.99,12.5,11.26,51.28,8.92,186.18,29.75,21.7,29.06,163.3,7.09,40.46,20.94,47.82,102.2,203.57,67.94,288.9,14.88,45.96,113.64,95.45,55.69
2024-05-24,26.61,46.37,54.76,55.2,19.45,124.01,45.46,16.76,78.5,66.68,261.83,9.3,160.39,3653.82,637.08,3.11,39.28,16.12,37.26,280.99,25.75,18.39,14.24,37.51,27.78,29.2,49.58,51.7,17.82,8.81,6.24,16.58,12.18,11.42,49.4,8.96,186.18,29.69,21.4,27.77,169.86,6.73,40.12,20.74,46.73,101.12,197.49,67.53,284.9,14.48,43.89,103.79,95.36,55.42
2024-05-27,26.98,46.26,54.63,55.88,18.81,126.05,45.69,16.73,79.79,66.68,267.95,8.85,164.77,3729.2,647.45,3.13,40.32,16.56,38.05,296.35,25.84,19.08,14.38,37.65,28.87,31.09,50.14,51.34,17.74,8.82,6.19,17.02,12.14,11.26,49.71,9.01,189.41,30.09,21.15,27.23,170.82,6.4,39.89,20.88,44.39,100.42,197.3,67.45,295.49,13.61,43.64,107.44,96.36,55.75
2024-05-28,27.32,46.6,54.89,55.96,19.26,125.41,45.11,16.53,78.36,66.68,259.38,8.6,165.09,3711.9,641.49,3.15,40.76,16.8,37.74,296.44,25.97,18.87,14.26,37.08,28.82,31.22,51.65,51.43,17.5,8.63,6.1,16.91,12.03,11.35,48.96,8.96,193.44,30.26,20.78,26.0,167.4,6.07,38.98,20.61,42.2,99.95,195.6,65.36,287.35,13.53,43.06,101.03,93.53,54.96
2024-06-13,25.45,41.65,48.29,54.57,17.32,125.16,44.3,15.07,75.26,61.08,254.86,6.31,156.0,3532.32,612.82,2.94,42.9,16.02,35.55,316.62,25.25,19.78,13.34,35.94,31.24,28.31,57.36,48.72,15.51,8.13,5.82,15.48,11.24,12.25,49.25,8.07,175.3,27.02,19.66,22.12,175.06,3.45,32.61,18.68,46.42,102.36,201.87,70.92,302.07,11.56,38.42,88.49,90.86,53.3
2024-06-14,25.49,41.2,47.15,54.57,17.62,124.64,44.48,14.96,75.54,62.1,252.96,6.61,153.55,3561.56,608.4,2.97,42.39,15.9,36.14,314.57,24.9,19.7,13.05,35.46,31.0,28.67,56.88,47.33,15.69,7.79,5.54,14.96,11.16,12.14,48.25,8.1,176.11,27.31,19.48,21.85,176.04,3.27,32.05,18.81,46.73,105.92,201.41,71.4,297.94,11.53,38.34,87.01,90.58,53.77
2024-06-17,24.83,40.97,47.96,54.65,17.13,121.32,45.15,14.67,74.68,62.1,250.05,6.96,151.17,3531.9,606.64,2.89,41.91,15.6,36.03,320.91,24.76,19.91,12.83,35.23,30.87,28.05,59.06,46.99,15.72,7.68,5.4,14.74,11.14,12.25,49.63,8.03,174.49,27.2,19.08,22.19,171.69,3.12,32.5,18.61,46.73,105.77,208.66,70.84,298.33,11.45,37.43,87.8,89.64,52.51
2024-06-18,24.95,41.31,49.84,55.96,17.08,121.58,47.43,15.01,75.26,62.1,249.04,6.91,150.78,3506.37,612.6,2.91,42.08,15.78,35.78,319.27,25.19,19.82,12.99,35.16,30.72,28.31,58.29,46.92,15.78,7.73,5.57,14.97,11.42,12.15,50.15,8.07,176.11,27.48,19.24,23.07,176.46,3.27,33.18,18.54,49.07,106.77,205.79,69.63,296.13,11.74,38.42,105.36,88.63,52.97
2024-06-19,25.16,40.86,49.24,55.33,17.03,121.45,47.08,14.96,73.97,61.59,249.82,7.16,151.23,3468.06,621.64,2.92,41.75,15.99,36.62,311.83,25.11,19.48,13.12,35.02,30.21,28.96,57.17,46.18,15.34,7.83,5.57,15.03,11.02,12.11,49.6,8.07,176.51,27.31,19.01,23.01,174.22,3.42,33.86,18.28,48.68,104.6,201.35,67.45,298.97,11.69,37.59,111.48,86.68,54.69
2024-06-20,25.58,40.18,47.28,54.35,16.88,119.54,48.82,14.55,73.09,60.57,250.5,7.51,151.49,3461.47,617.45,2.89,42.71,16.27,37.13,314.79,25.26,19.52,13.36,35.4,30.63,29.32,56.8,46.29,15.03,7.85,5.86,15.48,10.71,12.53,48.85,7.87,173.29,27.17,18.73,22.05,170.57,3.6,32.96,17.81,46.89,108.17,195.27,66.89,293.94,11.22,36.35,107.33,85.31,52.44
2024-06-24,25.41,38.49,47.08,53.86,16.29,113.79,46.49,13.88,72.02,58.53,248.82,7.86,143.95,3471.36,612.16,2.77,41.82,16.22,36.94,305.19,23.58,18.24,12.44,32.82,30.06,26.9,54.17,43.05,14.02,7.22,5.2,14.28,10.03,12.32,45.81,7.54,168.45,26.08,18.45,21.03,167.77,3.6,31.02,17.07,45.48,102.36,190.83,62.94,288.52,10.51,34.53,98.06,83.21,50.79
2024-06-26,25.49,39.96,44.39,54.54,16.43,114.81,46.81,14.64,72.83,59.04,271.18,7.11,144.2,3517.08,603.55,2.84,41.49,16.05,36.5,302.3,24.26,18.63,13.12,33.24,30.55,27.18,53.34,43.59,14.67,7.71,5.37,15.15,10.46,12.11,46.36,7.82,172.08,27.22,19.01,22.05,173.8,3.24,32.61,17.74,42.75,105.3,191.87,64.55,307.36,10.8,36.43,98.26,85.31,52.11
2024-06-27,25.53,39.51,41.63,52.79,15.99,113.66,45.15,14.32,70.15,61.08,261.79,7.46,144.91,3422.76,592.96,2.75,41.23,16.04,35.74,300.92,23.83,18.36,12.79,31.74,29.7,25.8,53.11,41.87,14.21,7.52,5.21,14.9,10.21,11.5,44.95,7.63,168.45,26.85,18.61,21.31,167.35,3.18,31.59,17.34,44.86,101.89,188.8,62.7,294.84,10.53,35.36,91.35,82.64,51.25
2024-06-28,26.2,38.83,42.03,52.99,16.14,114.3,46.72,14.2,70.11,60.06,269.84,7.66,146.53,3330.49,603.99,2.8,41.97,17.08,37.15,299.71,24.47,18.47,12.84,31.22,30.2,25.58,52.55,41.71,14.16,7.49,5.24,14.96,10.02,11.6,45.24,7.67,170.87,27.22,18.66,21.51,167.21,3.03,31.48,17.27,44.23,102.67,186.58,63.99,292.78,10.64,35.27,97.17,83.57,51.65
2024-07-02,26.74,40.41,44.12,54.4,16.48,118.0,45.24,14.58,69.67,61.08,275.32,8.35,151.68,3307.43,605.98,2.83,43.65,17.64,37.72,291.25,23.67,18.56,12.78,31.5,29.68,25.91,51.54,41.17,14.61,7.54,5.2,14.74,9.84,11.56,44.98,7.76,174.09,27.02,18.63,21.71,182.35,2.97,34.09,18.41,45.25,102.43,183.45,63.83,288.39,11.14,36.27,93.23,84.51,53.11
2024-07-03,26.65,40.52,42.97,54.05,16.38,115.96,44.7,14.58,68.75,60.57,275.21,8.75,151.1,3312.37,599.58,2.84,42.67,17.49,37.83,295.89,23.18,18.39,12.78,31.3,29.62,25.78,51.03,40.44,14.78,7.48,5.19,14.63,9.88,11.28,45.33,7.76,173.69,27.02,18.59,21.51,182.35,2.97,32.96,18.28,47.51,102.51,183.51,63.18,290.45,10.98,36.35,91.75,82.93,52.64
2024-07-04,26.98,39.62,41.22,53.61,15.84,114.56,43.5,14.03,67.91,59.55,275.1,8.6,151.3,3336.67,614.58,2.78,42.8,17.61,38.42,290.65,22.52,18.09,12.4,30.05,28.81,25.31,49.74,38.0,14.11,7.22,5.01,13.74,9.41,10.82,43.88,7.58,171.27,27.05,18.31,21.1,177.73,3.12,32.5,17.68,47.28,99.49,183.58,60.44,285.29,10.4,34.78,88.1,81.27,51.85
2024-07-05,26.65,41.53,41.15,54.19,15.94,114.04,44.12,14.17,68.31,60.06,280.02,9.05,150.26,3340.38,644.36,2.87,42.43,17.44,39.42,291.68,22.79,18.4,12.43,30.67,28.94,25.41,49.43,38.68,14.17,7.31,5.08,14.02,9.46,10.99,44.07,7.56,175.3,27.48,18.38,21.24,177.45,3.24,32.5,17.88,48.76,99.95,181.94,61.01,288.13,10.51,35.44,88.59,83.43,52.18
2024-07-08,26.94,41.76,39.27,52.6,15.34,109.7,43.72,13.53,66.59,59.04,274.87,9.45,146.46,3263.77,648.99,2.81,43.0,17.66,39.01,290.18,21.81,18.11,12.05,29.46,28.11,24.67,48.32,38.0,13.76,7.08,4.99,13.48,9.19,10.87,43.26,7.25,172.48,26.77,17.82,20.56,173.38,3.09,31.82,17.61,47.67,100.73,179.53,58.43,285.81,10.16,34.61,83.76,81.41,51.05
2024-07-09,27.11,42.21,40.21,54.08,15.49,112.0,45.91,13.56,68.17,59.04,267.83,9.94,145.3,3236.58,650.32,2.84,43.34,17.61,39.8,296.23,22.73,18.61,12.36,29.8,29.15,24.36,50.3,38.77,13.83,7.27,5.07,13.78,9.34,11.03,43.49,7.29,177.63,26.79,17.75,21.24,180.11,2.94,32.05,17.88,48.29,103.36,196.71,60.28,295.23,10.3,35.03,90.76,82.35,52.05
2024-07-10,26.61,41.76,39.34,55.88,15.0,107.28,45.46,12.66,67.94,59.04,258.32,9.45,135.36,3202.4,650.1,2.84,41.37,17.1,38.87,269.21,22.86,18.65,12.34,29.9,29.26,24.14,49.7,38.45,13.75,7.14,4.99,13.59,9.27,10.88,43.34,7.16,174.77,26.65,17.77,21.17,188.11,2.79,31.25,17.74,48.13,100.57,202.33,59.23,294.33,10.03,34.53,88.49,81.05,51.78
2024-07-11,26.61,42.88,40.96,57.16,15.44,108.81,46.23,13.27,69.93,60.06,264.59,9.94,135.45,3316.9,655.61,2.97,41.37,17.31,39.9,268.69,23.71,18.76,12.76,31.5,30.14,25.44,49.99,39.79,14.55,7.31,5.19,14.32,9.76,11.15,45.5,7.58,181.3,27.4,18.63,21.92,187.54,2.82,34.09,17.94,47.74,103.05,207.03,61.01,297.42,10.72,36.19,90.17,83.43,52.77
2024-07-12,26.53,43.22,40.62,56.7,15.3,106.64,45.55,13.33,69.05,60.06,254.07,10.44,132.32,3431.82,624.29,2.94,40.6,17.1,39.08,277.43,23.65,18.76,12.67,31.32,30.02,25.45,50.74,39.02,14.4,7.31,5.17,14.06,9.81,11.06,46.99,7.58,179.67,27.42,18.78,21.78,178.29,2.94,32.27,18.41,49.23,101.74,207.42,59.96,296.78,10.53,36.02,89.77,84.3,52.77
2024-07-15,27.15,43.11,38.59,57.35,15.34,107.28,44.61,12.95,68.97,59.04,256.09,10.99,140.2,3360.97,647.67,2.94,41.59,17.33,39.8,284.7,22.85,18.69,12.31,29.97,29.64,25.09,51.1,37.55,13.92,7.17,5.0,13.63,9.19,11.15,45.41,7.43,179.26,27.11,18.59,21.44,180.53,2.85,31.93,18.14,47.28,100.57,203.5,59.15,294.97,10.19,34.94,88.79,84.44,52.31
2024-07-16,27.75,43.0,37.85,57.84,15.59,106.77,44.39,12.8,67.69,59.55,233.72,11.53,140.73,3367.97,680.76,2.96,41.68,17.39,40.62,289.41,22.79,18.91,12.33,30.07,29.85,24.98,52.54,37.45,13.99,6.9,4.98,13.64,9.15,11.05,45.56,7.32,180.08,26.88,18.61,21.24,180.25,3.0,32.16,17.81,44.94,99.88,202.0,59.39,293.03,10.16,34.28,88.0,83.5,51.85
2024-07-18,27.88,42.55,37.85,57.16,15.39,105.87,42.27,12.77,66.84,58.02,226.45,11.49,138.85,3368.39,692.51,2.84,41.06,16.88,39.01,294.25,22.4,19.14,12.19,30.43,29.89,24.96,52.74,37.82,13.81,6.87,4.91,13.47,9.02,10.67,46.14,7.27,175.58,26.71,19.08,20.96,176.74,3.3,31.36,17.54,47.43,94.84,208.34,58.67,292.0,9.85,33.7,82.97,81.99,50.66
2024-07-19,27.79,42.21,38.25,55.74,15.34,105.1,43.41,12.8,66.03,58.53,219.18,10.89,138.67,3399.69,675.89,2.75,41.37,16.5,37.94,292.8,22.77,19.43,12.38,31.32,30.27,25.18,54.33,38.27,13.76,6.96,4.99,13.75,9.08,10.79,45.82,7.21,173.54,26.82,19.31,20.9,175.76,3.48,31.82,17.54,49.15,94.84,208.6,59.47,293.03,9.93,34.2,82.08,81.41,50.52
2024-07-22,27.45,41.65,38.53,55.55,15.2,103.96,42.41,12.89,64.16,57.51,225.45,10.34,139.12,3362.21,668.79,2.71,39.49,15.94,37.22,286.29,22.86,19.76,12.36,32.78,30.32,23.38,54.0,37.93,13.63,7.04,5.01,13.79,9.04,10.75,45.65,7.18,171.5,26.36,18.96,20.83,170.29,3.66,31.71,17.27,49.54,93.6,211.01,59.64,293.16,10.03,34.12,85.33,80.76,49.99
2024-07-23,27.49,41.2,37.1,52.66,15.05,101.66,40.77,12.66,62.51,57.01,214.49,10.84,135.27,3282.72,640.65,2.65,38.88,15.74,34.93,263.26,21.95,19.29,12.16,31.62,29.11,22.81,50.23,36.37,13.24,6.9,4.9,13.47,8.71,10.44,43.95,7.1,165.38,25.96,18.52,20.56,158.37,3.84,31.48,16.87,48.91,89.65,203.76,58.02,273.54,9.82,33.54,82.67,78.16,49.13
2024-07-24,28.48,41.08,36.56,51.59,14.95,100.76,37.59,13.94,61.33,55.99,214.15,10.39,134.56,3265.83,654.61,2.59,39.49,15.82,34.95,258.4,21.39,18.97,11.81,30.41,28.06,22.05,49.29,36.05,12.92,6.7,4.78,13.32,8.4,10.35,43.03,6.94,164.56,25.62,18.12,20.22,153.88,4.02,30.91,16.54,48.99,89.18,199.91,56.49,269.41,9.64,33.45,82.87,76.5,48.54
2024-08-08,27.79,43.0,35.75,53.8,15.69,103.06,36.64,14.81,66.25,61.59,212.59,9.45,127.3,3150.91,632.23,2.66,36.81,14.15,32.16,257.25,21.66,19.0,12.5,34.74,27.82,22.55,48.89,37.95,13.38,6.9,5.46,13.75,9.03,10.74,43.69,7.51,167.42,27.91,18.24,21.78,159.77,4.2,33.86,17.74,54.92,89.73,199.26,59.39,265.28,10.11,37.51,89.18,84.8,50.52
2024-08-09,28.05,42.77,35.28,53.78,15.64,103.19,36.14,14.69,66.11,64.13,208.56,9.7,126.77,3114.25,642.2,2.67,36.82,14.46,32.65,253.42,21.67,18.88,12.36,33.83,27.79,22.18,48.01,36.87,13.18,6.91,5.24,13.6,8.82,10.63,42.68,7.65,168.23,27.97,17.96,21.65,158.79,4.14,33.52,17.81,57.18,88.56,196.84,58.75,264.12,10.22,36.85,87.21,83.07,48.01
2024-08-12,28.09,42.88,34.4,53.64,15.54,103.57,34.77,14.37,67.03,60.06,208.56,9.2,130.17,3085.83,639.99,2.66,37.6,14.41,32.69,255.39,21.64,18.75,12.48,33.99,27.97,22.2,46.51,39.26,13.06,6.96,5.34,13.58,8.62,10.52,42.36,7.58,168.23,27.88,17.86,21.17,158.93,3.96,33.18,17.54,60.07,86.94,204.48,58.02,264.12,10.11,36.43,85.24,83.79,47.74
2024-08-13,28.39,43.11,34.4,54.57,15.64,103.19,34.86,14.49,68.64,59.04,206.21,8.95,129.36,3007.16,641.98,2.67,37.7,14.55,33.08,256.82,21.87,18.79,12.73,33.91,28.11,22.32,46.71,38.93,13.25,7.11,5.41,13.66,8.81,10.62,43.03,7.63,169.87,27.74,17.89,21.51,161.59,4.17,33.52,17.74,63.11,87.56,207.49,58.43,264.76,10.3,36.6,87.21,83.21,48.21
2024-08-14,28.43,42.66,33.85,55.22,15.49,101.27,34.23,14.35,66.59,58.53,202.41,8.75,127.66,2916.14,640.43,2.64,37.51,14.53,32.78,243.24,21.52,18.37,12.68,33.56,27.56,22.1,45.01,38.31,13.01,7.04,5.46,13.58,8.61,10.5,42.79,7.51,167.42,27.97,17.56,21.17,158.65,4.08,33.3,17.61,65.3,86.24,202.26,57.78,254.95,10.35,36.68,86.03,82.06,47.54
2024-08-15,28.6,43.0,34.12,55.82,15.74,103.44,34.68,14.37,66.66,58.02,200.73,9.2,129.81,2898.02,642.65,2.67,38.79,14.66,33.16,246.22,21.91,18.46,12.71,32.82,27.71,22.11,45.09,38.22,13.21,6.98,5.42,13.71,8.75,10.54,42.65,7.54,169.05,28.17,17.67,21.1,159.63,3.9,33.52,17.81,65.14,86.32,204.74,58.35,256.5,10.56,36.68,87.41,81.84,48.27
2024-08-16,28.56,42.43,33.52,55.3,15.54,103.57,34.05,14.11,66.07,57.01,199.17,9.65,130.44,2912.43,628.68,2.65,39.49,14.91,33.78,243.96,22.09,18.2,12.5,32.65,27.22,22.11,44.97,37.75,12.93,6.91,5.33,13.55,8.6,10.54,40.51,7.41,167.83,27.74,17.51,20.62,157.25,3.87,33.07,17.68,64.44,86.39,203.89,60.68,256.24,10.45,36.52,84.25,82.2,48.4
2024-08-19,28.73,42.55,32.97,55.99,15.49,103.06,33.95,14.11,66.4,54.97,199.05,10.14,131.6,2908.31,652.84,2.69,39.58,15.01,34.53,242.62,21.46,18.33,12.5,32.53,27.19,21.86,44.64,38.97,12.74,6.88,5.3,13.42,8.59,10.54,40.46,7.45,169.87,27.78,17.7,20.56,160.33,3.96,32.96,17.61,67.64,86.01,201.48,61.73,256.63,10.51,37.26,83.56,81.34,48.01
2024-08-20,28.48,42.21,31.96,55.52,15.15,99.36,32.86,13.73,66.4,53.44,194.92,10.29,123.81,2875.36,654.17,2.64,38.57,14.71,34.16,239.53,20.84,17.97,12.25,31.28,26.72,21.17,43.09,38.11,12.64,6.74,5.22,13.2,8.46,10.5,39.65,7.29,168.23,27.21,17.51,20.15,156.83,3.78,32.73,17.48,67.64,85.62,204.61,60.04,251.85,10.35,40.08,81.59,79.1,46.82
2024-08-21,28.52,42.21,35.14,55.71,15.2,97.57,32.82,13.73,66.18,57.51,194.02,10.79,125.16,2887.72,677.21,2.66,38.37,14.78,34.4,237.98,20.93,18.12,12.33,30.43,26.64,20.8,42.49,38.84,12.73,6.69,5.24,13.19,8.62,10.52,39.56,7.23,167.83,27.24,17.21,20.22,157.95,3.63,33.07,17.21,67.01,83.61,207.49,62.46,251.85,10.43,39.75,81.78,78.38,46.75
2024-08-22,28.82,42.1,35.88,55.8,14.95,97.44,32.41,13.59,65.96,55.99,193.13,11.34,123.9,2879.07,673.23,2.6,38.31,14.73,34.42,235.5,20.6,16.87,12.34,29.4,26.51,20.63,41.95,37.16,12.55,6.66,5.14,13.08,8.57,10.5,39.1,7.12,165.38,26.57,17.16,19.81,156.26,3.69,33.86,17.07,68.26,80.35,203.31,61.81,247.85,10.27,37.59,80.8,77.8,46.29
2024-08-23,29.16,43.45,36.43,56.42,14.95,97.44,32.77,13.47,66.36,54.97,197.71,11.14,124.26,2906.25,674.56,2.6,38.52,14.78,34.18,233.83,20.67,17.22,12.43,29.1,26.58,20.15,41.54,35.62,12.37,6.66,5.03,12.88,8.34,10.63,38.65,7.1,165.38,26.54,17.28,20.01,156.83,3.51,32.84,16.94,64.83,78.72,197.1,64.15,247.6,10.11,36.27,79.22,76.5,46.02
2024-08-26,29.46,43.11,36.63,56.97,15.1,98.59,33.41,13.88,67.28,54.97,190.11,10.64,124.71,2874.95,660.37,2.64,38.48,14.98,34.5,243.72,20.82,17.28,12.5,30.33,26.53,22.14,42.08,35.82,12.7,6.77,5.17,13.03,8.82,10.62,39.97,7.21,169.46,27.06,17.79,20.42,160.05,3.33,34.09,17.01,66.31,82.37,203.57,64.39,247.6,10.82,37.51,83.66,77.95,46.29
2024-08-27,30.7,43.11,35.34,57.05,15.0,100.25,32.5,13.5,66.84,56.5,183.4,11.19,126.05,2864.65,638.66,2.58,39.12,15.42,34.21,253.2,20.44,17.27,12.8,29.82,25.73,21.96,41.4,34.87,12.41,6.8,5.07,12.97,8.52,10.55,38.49,7.14,166.19,25.36,17.79,20.08,160.05,3.51,33.64,16.81,65.22,81.59,204.02,61.25,242.69,10.4,36.1,79.02,77.22,45.49
2024-08-28,30.36,43.45,35.0,57.05,15.05,100.51,31.91,13.79,67.47,55.99,181.72,11.29,126.23,2861.77,621.15,2.58,38.94,15.19,33.67,256.63,21.15,17.2,12.4,29.95,26.03,21.79,41.87,34.69,12.42,6.91,5.15,13.27,8.54,10.36,37.93,7.08,168.64,25.53,18.1,19.94,162.86,3.69,33.52,17.01,65.22,82.44,206.05,59.23,245.92,10.45,36.19,76.46,78.09,45.76
2024-08-29,29.37,43.33,35.14,56.89,15.0,101.15,33.09,13.76,68.24,55.99,179.48,11.83,125.51,2916.96,614.28,2.62,38.92,14.73,33.91,262.25,21.88,17.55,12.74,31.12,26.56,22.41,43.11,34.49,12.83,6.94,5.23,13.46,8.87,10.44,39.39,7.21,171.91,25.79,18.14,19.94,163.42,3.87,33.86,17.07,63.5,83.68,207.62,59.72,249.27,11.19,38.75,79.22,79.53,46.22
2024-08-30,29.12,43.56,35.75,56.31,15.15,101.53,34.45,14.29,69.19,56.5,183.62,12.43,127.13,3006.75,598.32,2.65,40.16,14.78,34.06,268.14,22.18,17.79,12.9,32.29,26.97,22.53,46.1,35.64,13.14,7.05,5.3,13.67,8.95,10.65,40.13,7.29,171.5,25.48,18.24,20.28,169.03,4.05,33.98,17.27,66.54,84.69,212.39,61.49,253.02,11.3,39.17,81.78,79.03,46.82
2024-09-02,29.8,43.78,36.29,56.86,15.15,107.66,32.86,14.29,70.96,55.48,173.11,12.68,130.98,2917.79,579.93,2.62,40.39,14.91,33.23,260.37,21.49,17.24,12.6,30.86,26.16,22.21,44.36,34.46,12.63,7.03,5.22,13.52,9.06,10.41,39.1,7.14,169.46,25.07,18.07,19.88,176.6,4.26,34.43,16.87,65.14,82.52,212.06,59.64,247.98,10.98,47.03,80.4,77.15,46.48
2024-10-15,28.89,47.05,40.42,62.62,17.82,115.7,43.59,17.9,81.76,64.13,220.19,9.45,141.54,3295.84,599.43,3.07,40.73,14.34,36.46,311.14,26.35,19.52,13.88,37.14,30.89,27.81,53.52,41.46,15.81,8.13,6.33,15.93,10.87,12.14,48.08,8.22,192.33,27.35,18.82,20.96,182.92,4.57,40.46,19.08,73.72,108.4,248.38,71.72,334.47,14.27,49.85,99.84,86.53,65.62
2024-10-16,28.84,48.06,40.08,62.48,17.97,115.83,45.18,18.19,82.68,64.13,220.53,9.35,139.93,3271.36,621.59,3.12,40.76,14.33,37.14,309.97,26.02,19.63,13.92,36.62,29.85,27.35,53.42,41.12,15.64,8.09,6.35,15.91,10.73,12.08,47.54,7.94,193.14,27.75,18.73,21.03,183.48,4.81,43.52,19.01,73.41,114.21,241.26,70.68,330.47,14.06,49.52,98.36,86.39,65.02
2024-10-17,28.45,46.82,39.47,61.17,17.57,112.9,43.96,18.01,80.18,63.11,215.61,9.05,139.21,3174.26,614.06,3.09,40.67,14.21,36.48,306.26,25.98,19.38,13.86,36.27,29.87,27.02,53.03,40.72,15.41,8.02,6.31,15.8,10.51,12.14,46.46,7.62,189.88,28.13,18.42,20.56,178.29,5.05,40.23,18.74,75.75,109.95,244.07,68.9,329.44,14.88,49.52,96.98,86.25,65.22
2024-10-18,28.75,47.5,39.61,62.04,17.82,114.43,45.23,18.19,81.36,64.64,218.96,9.25,141.9,3245.63,627.13,3.16,40.98,14.53,37.53,340.68,26.88,21.09,14.39,38.54,32.14,27.99,57.23,42.78,16.42,8.4,6.52,16.37,11.21,12.51,49.28,7.76,192.73,28.94,19.13,21.51,183.06,5.29,44.21,19.01,77.7,112.66,257.53,71.16,357.97,15.19,50.35,103.88,91.15,67.67
2024-11-06,27.49,51.89,47.33,63.84,20.84,109.83,60.32,19.41,89.11,86.02,249.94,10.09,140.91,3231.94,587.02,3.38,39.34,14.05,36.85,381.95,28.29,20.33,16.12,49.92,33.69,28.42,56.64,45.43,20.83,9.24,7.13,17.28,12.68,13.63,62.52,9.5,211.52,36.52,19.83,27.57,194.7,9.97,46.93,22.08,77.93,114.68,277.32,74.06,359.77,15.43,53.66,128.25,99.24,116.61
2024-12-13,27.84,53.35,44.21,60.38,22.72,112.64,48.0,22.11,83.45,94.49,247.48,10.64,132.69,3101.65,542.95,3.13,40.25,14.09,33.14,350.45,34.87,19.47,17.74,47.09,33.2,44.33,52.68,45.31,23.68,9.93,7.85,22.49,13.24,14.18,73.26,9.3,202.94,36.08,21.68,28.25,192.88,9.34,48.64,23.74,74.88,123.59,249.04,72.13,347.64,14.72,63.51,107.93,120.53,88.62
2024-12-16,28.23,52.68,43.74,60.0,22.52,114.94,46.36,21.53,82.17,96.02,241.33,10.09,132.51,3050.61,526.94,3.12,40.78,14.38,32.67,337.11,32.77,19.2,17.66,46.3,32.61,42.3,52.17,45.14,23.79,9.94,7.94,21.83,12.92,14.24,70.53,9.3,201.72,38.22,21.4,28.52,188.25,9.37,48.41,24.08,71.15,122.04,243.94,71.64,337.05,14.61,61.61,108.32,118.22,86.37
2024-12-18,28.49,51.1,42.11,61.28,21.83,115.96,45.27,21.74,82.68,101.64,243.23,10.09,132.05,3099.99,524.71,3.07,41.19,14.48,32.97,338.63,32.85,19.16,16.88,44.02,32.9,39.45,51.43,43.12,23.8,9.65,7.36,21.28,12.67,13.86,69.96,9.39,199.27,37.12,20.48,27.77,187.4,9.91,46.59,22.61,67.59,119.48,242.7,80.59,340.28,13.72,60.78,100.43,116.49,84.17
2024-12-19,28.27,50.76,41.91,60.93,21.28,114.04,45.27,21.45,82.02,98.07,254.41,10.59,129.78,3081.32,523.6,3.05,40.14,14.33,32.61,337.3,33.12,19.15,16.91,43.07,32.75,38.94,51.38,42.58,23.55,9.7,7.26,20.62,12.74,13.97,70.96,9.17,198.45,35.45,20.3,26.89,185.86,10.27,46.14,22.41,64.2,119.33,244.86,79.22,345.06,13.82,57.8,99.64,124.71,83.91
2024-12-20,27.92,51.66,42.25,60.02,21.09,110.72,45.5,21.5,81.43,96.02,256.2,11.04,126.6,3057.67,516.93,3.01,38.67,14.19,31.97,352.67,33.94,19.36,19.12,42.93,33.0,38.03,52.42,43.23,24.16,10.36,7.42,20.72,12.78,13.89,71.0,9.06,197.23,36.66,20.02,26.89,186.0,10.78,46.25,23.08,60.98,121.19,243.09,80.11,356.42,13.77,58.21,101.61,121.32,85.7
2025-02-17,26.43,50.42,38.73,59.04,19.16,98.85,49.5,19.9,79.7,81.21,274.99,18.45,119.88,2921.98,547.39,2.88,33.82,13.71,35.12,353.93,32.38,18.77,17.58,41.45,29.9,42.44,47.18,41.27,23.26,10.94,7.05,20.33,11.4,14.81,73.76,8.4,190.28,40.18,21.07,24.37,166.64,14.3,42.27,20.14,49.78,117.62,219.96,69.95,347.12,15.48,54.07,97.47,109.05,79.73
2025-02-18,26.3,50.09,37.92,58.36,18.61,98.08,46.36,19.26,78.86,79.17,277.45,19.39,118.7,2902.89,549.84,2.84,33.13,13.73,34.93,360.05,33.54,18.49,17.2,40.01,29.42,42.19,46.46,40.41,22.64,10.55,6.98,19.91,11.26,14.56,71.71,8.27,189.06,44.18,21.44,23.55,164.26,15.02,41.48,19.61,49.86,117.0,224.41,68.26,348.03,14.98,52.75,91.55,105.01,77.26
2025-02-19,25.91,49.97,37.92,58.44,18.66,97.83,47.09,19.61,78.79,79.17,267.27,20.38,118.34,2890.03,549.84,2.84,32.59,13.58,34.8,374.2,36.24,18.79,17.58,40.76,30.21,42.8,47.8,41.16,23.87,11.18,7.18,20.11,11.39,15.32,71.35,8.29,189.47,42.63,21.54,24.16,164.68,15.65,41.82,19.61,49.95,118.32,222.12,69.47,367.39,15.22,53.16,93.52,105.95,78.93
2025-03-11,24.95,48.29,37.1,59.56,19.6,97.83,48.46,20.51,81.58,74.57,292.77,20.48,122.15,2870.53,541.17,2.91,31.63,13.1,35.08,373.46,37.4,20.09,20.41,47.68,30.8,49.08,50.78,52.51,29.1,11.11,7.88,22.83,12.25,16.67,76.54,8.7,201.31,51.99,22.29,26.27,180.39,16.82,46.14,20.28,48.65,138.46,225.39,75.83,367.0,14.53,55.98,92.93,116.92,87.42
2025-03-12,24.77,48.29,36.49,60.76,19.3,97.44,49.14,20.28,83.45,74.57,288.07,20.43,120.88,2814.51,544.06,2.9,31.25,13.05,35.53,374.75,37.67,20.02,20.12,46.55,30.56,50.62,50.42,51.64,29.42,11.09,8.02,22.99,12.22,16.52,75.28,8.71,199.68,52.16,21.77,26.48,179.55,16.88,47.39,20.41,51.08,136.06,224.67,79.38,362.1,14.51,55.4,92.73,115.33,87.35
2025-03-13,25.08,48.51,36.36,60.43,20.64,101.15,47.32,20.11,83.71,79.17,288.52,20.53,123.97,2823.64,543.39,2.89,33.13,13.3,36.1,368.89,35.78,20.02,19.9,45.61,30.06,50.1,49.33,51.11,28.46,10.7,7.84,23.09,12.05,15.95,74.77,8.66,199.27,52.74,21.61,24.57,180.25,16.07,46.82,20.28,52.64,131.96,225.06,79.54,357.19,14.35,54.4,89.87,114.9,83.95
2025-03-14,25.38,49.07,37.31,60.68,20.49,100.38,47.59,20.51,84.33,78.15,285.61,21.28,123.79,2897.91,563.18,2.95,33.19,13.34,37.21,368.56,36.86,20.02,20.06,48.14,30.45,49.04,50.07,51.75,29.79,10.79,8.19,23.07,12.24,16.27,76.1,8.7,202.13,54.47,21.37,24.64,185.16,16.28,48.3,22.28,52.82,134.05,230.55,76.48,359.65,14.51,55.73,90.96,116.85,84.68
2025-03-31,25.08,48.85,36.63,62.37,20.05,96.68,44.5,19.35,81.58,73.55,276.33,22.03,120.97,2788.79,597.64,2.97,32.55,13.98,38.57,400.22,40.17,19.36,20.67,45.62,28.88,49.48,53.17,46.34,27.28,10.28,7.7,19.33,12.06,16.85,68.98,8.48,202.53,54.67,19.41,25.39,190.91,17.24,45.57,23.21,55.68,133.66,216.96,76.48,368.81,12.93,51.26,83.95,122.4,80.14
2025-04-01,25.08,49.3,36.9,62.62,20.29,98.59,44.14,20.05,80.37,74.57,278.01,21.93,122.06,2784.22,590.53,3.0,32.98,14.04,38.17,399.55,39.32,19.67,20.81,46.5,29.35,50.83,53.14,47.28,28.82,10.44,7.88,21.15,12.23,16.73,69.05,8.9,202.94,56.49,19.24,25.39,193.72,16.82,47.27,22.74,58.2,139.39,217.74,75.59,375.27,13.06,52.66,84.84,125.8,79.53
2025-04-02,25.17,48.96,36.83,62.48,20.05,98.08,44.96,20.02,80.59,74.06,283.93,23.02,120.61,2763.06,576.3,2.93,33.21,13.9,37.25,393.17,38.52,19.82,20.79,46.52,29.71,50.96,53.19,47.24,28.72,10.55,7.95,22.79,12.2,17.25,71.18,9.28,200.49,55.51,19.31,25.59,193.44,16.64,46.93,22.68,58.03,138.31,219.77,73.66,367.39,12.98,51.92,84.45,122.48,78.8
2025-04-03,25.3,49.41,37.1,61.91,20.0,98.21,44.91,20.34,79.7,74.57,272.86,23.77,119.97,2727.79,582.3,2.94,32.96,13.85,36.42,384.76,36.95,19.48,20.14,44.73,29.39,48.33,51.91,46.38,28.51,10.41,7.75,22.35,12.05,17.0,70.29,9.23,199.27,54.61,19.15,25.46,182.35,17.09,46.71,22.81,56.99,137.07,214.28,72.85,360.81,12.98,52.0,83.85,119.59,77.53
2025-04-22,24.9,47.61,35.34,60.27,18.71,92.33,41.09,20.16,74.27,69.46,273.42,24.61,113.16,2243.98,754.83,2.9,33.32,13.63,39.38,412.13,31.56,18.27,22.31,51.46,28.02,45.76,56.59,42.93,27.8,10.34,7.6,20.9,11.9,18.91,66.47,9.12,189.88,51.62,19.36,23.55,169.03,20.75,65.57,23.48,58.73,135.98,201.02,64.23,395.02,12.06,49.93,75.86,107.32,78.26
2025-04-23,24.86,47.61,35.28,60.76,18.71,92.21,41.27,20.25,74.49,69.46,275.77,25.85,112.62,2284.22,696.8,2.82,33.24,13.61,37.87,408.11,32.98,18.24,22.55,50.45,28.12,45.25,55.24,43.05,27.89,10.36,7.67,21.11,11.86,19.79,67.27,9.56,188.24,50.72,19.71,25.93,168.19,19.7,68.3,23.14,59.33,140.25,201.61,65.2,390.76,12.11,50.35,78.13,109.34,78.73
2025-04-25,24.86,48.62,35.21,61.47,20.05,92.08,41.05,19.76,74.78,71.0,281.25,26.2,112.89,2325.72,681.68,2.77,32.86,13.54,37.57,396.69,32.88,18.37,22.02,48.12,27.83,44.65,52.63,42.51,27.39,10.33,7.64,20.88,11.43,19.23,66.6,9.56,189.06,50.35,20.25,24.84,167.07,20.72,67.62,22.94,60.29,136.99,201.15,63.91,385.72,11.98,50.84,75.96,107.61,80.0
2025-04-28,24.99,46.82,35.34,62.18,18.12,90.04,39.95,19.41,73.86,69.46,283.6,24.91,111.53,2290.03,685.91,2.73,32.49,13.64,37.59,400.0,31.59,17.57,21.82,48.65,27.82,44.81,52.89,41.9,26.86,10.2,7.48,21.12,11.28,19.05,69.24,9.87,187.02,50.72,20.16,24.03,153.74,21.47,60.91,22.21,57.68,135.52,198.14,66.57,385.46,12.01,49.85,73.4,104.79,81.34
2025-05-06,24.68,46.94,36.49,60.87,18.22,87.23,41.27,20.34,75.26,69.46,306.52,24.06,113.25,2284.64,687.24,2.86,31.57,13.54,37.8,448.61,33.75,19.34,22.11,47.27,28.56,44.42,55.93,45.16,26.55,10.58,7.78,22.74,11.93,23.64,71.32,9.72,186.2,53.46,20.91,25.39,157.11,20.75,53.07,21.48,60.03,147.07,211.21,70.27,395.66,12.56,51.17,79.32,112.95,80.14
2025-05-07,24.99,47.5,36.97,63.14,18.22,87.48,41.41,20.66,76.43,69.97,309.65,23.12,113.34,2299.99,691.91,2.85,31.71,13.78,38.42,440.15,33.51,18.85,22.26,47.19,28.7,44.09,55.65,44.96,27.18,10.62,8.39,22.68,12.04,24.78,70.74,10.01,186.61,51.13,20.86,25.32,172.82,20.75,52.39,21.74,59.68,145.67,210.1,71.32,390.76,12.61,52.25,79.91,115.62,79.8
2025-05-08,24.9,47.61,36.63,62.51,18.22,87.1,42.41,21.12,75.85,69.97,301.71,24.26,112.98,2300.82,675.01,2.83,31.98,13.7,37.8,445.82,34.39,19.07,22.84,46.69,28.8,44.43,55.59,46.0,26.36,10.67,8.15,22.72,12.08,23.7,70.42,9.83,185.79,48.99,21.12,25.32,168.33,21.41,52.16,21.81,60.98,143.89,211.28,72.77,383.14,12.85,52.58,80.9,114.54,80.0
2025-05-09,24.9,47.27,36.49,62.64,18.12,86.46,41.41,20.92,75.0,69.46,299.81,25.46,112.62,2277.59,671.68,2.82,32.16,13.78,37.57,438.29,33.28,19.59,22.28,44.83,28.53,44.5,54.01,45.08,25.01,10.57,7.93,22.93,11.95,24.36,69.64,9.59,184.98,48.01,21.14,25.05,164.4,21.47,55.23,22.28,60.98,142.8,208.14,71.64,377.2,12.61,51.75,79.32,114.25,78.13
2025-05-12,24.95,47.39,36.49,62.51,18.22,86.59,41.55,21.12,75.85,69.97,300.15,25.51,112.71,2385.05,651.67,2.83,32.01,13.85,37.7,435.91,34.96,19.19,22.16,45.05,29.22,43.77,54.16,45.53,25.3,10.6,7.92,23.57,12.34,25.91,72.67,9.83,187.02,49.02,21.44,25.93,165.24,21.38,54.55,21.94,60.29,145.17,211.73,72.93,368.94,12.74,53.08,80.9,121.39,78.0
2025-05-13,25.08,47.72,36.22,62.73,18.41,86.33,41.23,21.85,75.88,69.97,298.92,25.46,114.71,2363.48,662.34,2.82,32.06,13.95,37.8,429.31,34.69,19.06,22.19,45.05,28.95,44.76,53.29,45.66,25.76,10.62,7.94,24.41,12.21,25.3,70.83,9.87,186.61,50.9,22.05,25.39,170.29,22.16,57.73,22.08,60.29,149.03,210.03,73.01,369.2,12.67,54.73,80.11,119.59,78.87
2025-05-14,25.52,48.06,36.29,63.6,18.51,87.23,41.73,21.59,76.1,69.97,302.16,24.81,117.7,2418.66,651.0,2.84,32.47,14.17,38.1,431.33,34.41,19.03,23.51,44.75,28.86,44.84,53.76,45.12,25.17,10.54,7.82,25.43,12.09,24.62,69.48,9.76,189.06,48.76,21.94,27.91,178.01,22.28,61.48,22.01,59.85,144.69,209.19,72.61,369.84,12.69,56.56,79.91,121.32,78.73
2025-05-15,25.3,48.4,36.16,63.84,18.56,87.1,41.41,21.56,75.48,69.46,298.02,24.36,116.89,2382.98,648.11,2.81,32.78,14.09,37.23,425.26,33.64,19.07,23.94,43.98,28.72,44.84,50.95,44.98,25.01,10.51,7.79,24.72,11.89,24.16,68.83,9.7,187.02,48.53,21.56,30.7,171.83,22.01,60.68,22.14,60.38,140.13,204.81,72.29,363.39,12.51,53.66,79.02,118.29,76.13
2025-06-24,25.41,48.06,38.05,64.46,19.06,82.24,41.32,21.33,78.65,68.95,306.6,22.42,115.88,2238.55,695.91,3.02,34.03,15.24,40.04,445.43,31.83,18.96,30.75,44.29,28.56,49.93,49.99,48.62,27.26,10.9,7.76,25.27,14.84,21.13,85.72,9.61,184.57,38.04,19.5,26.27,166.57,27.09,57.16,22.01,68.45,139.73,231.54,75.3,363.78,14.14,61.85,78.59,119.81,98.42
2025-06-25,25.46,48.06,39.41,63.71,19.11,82.12,41.55,21.42,79.11,68.95,310.1,23.37,115.79,2254.11,711.48,3.02,33.56,15.21,41.01,446.61,32.21,18.97,30.12,45.46,28.85,49.47,50.23,50.44,28.89,10.91,7.78,24.56,14.26,21.56,88.03,9.64,186.2,37.84,19.62,26.48,167.0,27.0,57.05,22.01,65.41,158.32,230.87,76.2,368.04,14.09,63.18,78.89,121.39,98.55
2025-06-26,25.59,47.84,38.93,63.45,19.11,81.48,41.18,21.65,78.72,68.44,308.41,23.42,115.22,2235.61,727.26,3.07,33.16,15.3,40.99,441.89,32.0,18.82,29.16,44.33,28.73,49.92,49.63,50.3,28.37,10.87,7.78,23.84,14.06,21.96,84.96,9.66,186.91,37.7,19.55,26.34,164.86,26.49,56.71,21.88,64.2,154.85,235.31,76.53,361.45,13.85,62.52,78.69,118.22,94.65
2025-06-27,25.37,47.84,38.39,64.98,19.5,83.14,41.45,22.0,79.19,68.44,311.46,23.57,115.32,2244.86,706.81,3.18,33.56,15.09,42.72,448.16,32.33,18.8,27.96,44.29,28.71,50.02,49.87,50.2,28.69,10.91,7.82,24.42,14.01,21.43,83.27,10.23,191.49,37.09,19.43,26.27,171.13,27.69,57.5,21.81,63.68,152.41,231.6,76.28,360.94,14.51,61.52,78.0,118.51,99.96
2025-06-30,25.28,47.84,38.39,63.62,19.5,83.27,41.57,22.46,79.15,68.44,323.53,23.27,115.32,2281.44,709.92,3.16,33.45,14.96,42.11,471.19,32.91,19.15,28.63,45.7,29.25,53.58,51.81,52.12,29.21,11.22,7.97,25.42,14.01,22.12,80.98,9.9,190.65,37.84,19.5,26.55,169.99,29.49,57.84,21.74,64.46,155.48,232.93,77.19,370.23,14.38,61.77,79.19,119.73,100.97
2025-07-01,25.37,47.84,38.32,63.94,19.5,82.5,42.68,22.29,79.69,67.93,327.14,22.97,115.03,2269.66,740.6,3.29,33.47,15.12,42.98,494.78,32.95,18.97,30.52,46.95,30.43,54.73,51.82,51.6,28.37,11.39,7.97,26.19,14.17,22.02,82.46,10.21,192.74,37.81,19.9,27.23,168.99,28.5,58.18,21.88,65.5,151.86,228.43,79.15,388.43,15.41,62.35,78.59,124.42,103.05
2025-07-09,25.46,49.19,38.86,64.84,20.39,85.05,41.66,22.7,82.23,72.02,310.78,21.93,116.83,2289.0,698.14,3.18,33.35,15.02,40.82,459.08,32.79,18.89,28.05,48.67,29.73,51.93,52.15,49.57,31.87,11.68,9.57,25.42,13.66,22.66,81.05,10.03,193.15,37.15,19.85,26.68,166.0,31.23,57.5,22.08,64.11,161.94,220.82,77.19,365.84,14.96,60.7,76.91,120.24,100.5
2025-07-10,25.82,50.1,38.66,66.43,20.94,87.23,41.76,22.78,84.16,72.53,301.75,21.78,118.16,2371.84,691.91,3.21,33.71,15.16,40.69,459.64,32.73,18.78,28.92,47.17,29.7,48.85,52.46,49.66,30.93,11.57,11.48,25.48,13.7,22.78,79.77,9.97,196.07,37.01,20.2,26.89,166.85,32.47,57.84,22.14,62.46,191.56,221.41,80.54,366.87,14.75,60.7,76.42,120.31,99.22
2025-07-11,25.59,49.99,39.07,65.48,20.79,86.97,41.94,22.55,84.97,73.55,301.42,22.87,116.83,2342.82,692.36,3.32,33.62,15.14,40.8,459.92,33.23,18.77,28.06,48.71,30.0,50.27,52.49,50.37,30.7,11.58,13.78,25.93,13.75,22.12,80.01,9.84,199.81,37.08,20.3,27.16,167.43,31.02,58.07,22.08,62.11,176.99,221.81,78.99,368.42,14.67,60.86,76.32,120.53,98.82
2025-07-14,25.86,49.65,40.69,65.74,21.83,86.97,42.17,22.73,85.78,74.06,306.6,22.22,117.4,2323.06,700.14,3.55,33.83,15.54,41.21,464.73,33.98,18.69,28.05,48.54,30.27,50.61,52.15,50.77,30.8,11.61,16.53,26.6,13.75,22.5,79.86,9.7,200.23,36.5,20.23,28.18,168.14,32.14,57.73,22.14,61.68,180.61,222.67,81.94,366.87,14.78,60.94,76.32,119.65,97.81
2025-07-15,25.82,48.63,40.42,66.23,20.84,84.49,41.85,22.43,89.02,71.0,305.82,21.63,115.79,2313.39,698.36,3.28,33.28,15.63,41.29,455.17,33.85,18.52,28.05,47.78,29.97,50.82,52.15,51.15,30.88,11.52,19.84,26.6,13.44,22.28,80.33,9.33,198.56,35.69,20.02,27.5,170.42,32.68,55.0,21.54,55.86,172.5,219.36,79.32,361.58,14.54,59.45,75.13,119.65,99.49
2025-07-16,25.82,48.74,39.54,65.74,20.39,84.49,43.42,22.49,88.94,71.0,306.27,21.98,115.98,2305.82,695.02,3.22,32.96,15.72,41.34,457.25,34.11,18.6,28.16,47.52,30.08,50.52,51.68,51.16,31.34,11.54,23.8,26.47,13.51,23.11,80.45,9.29,196.07,35.98,20.02,27.84,168.85,33.94,55.23,21.68,56.55,177.38,218.37,78.25,365.45,14.46,59.62,75.43,119.13,96.4
2025-07-17,25.68,48.74,40.42,65.24,20.54,84.75,42.82,22.7,88.48,71.0,304.01,22.82,116.07,2318.86,680.57,3.24,32.98,15.59,41.18,455.36,34.29,18.83,28.05,48.14,30.41,50.52,52.17,52.21,32.3,11.76,28.57,27.09,13.93,23.07,80.64,9.42,195.65,36.12,20.09,28.32,176.84,33.79,55.57,21.61,57.68,176.2,222.01,79.48,367.92,14.75,60.03,78.89,124.63,97.47
2025-07-18,26.08,49.31,41.64,66.84,20.44,85.53,42.77,22.7,91.64,71.51,303.67,22.27,117.02,2511.01,688.13,3.28,33.28,15.59,42.05,459.08,34.24,19.03,27.79,50.02,30.42,49.33,52.57,53.36,29.71,11.94,34.28,27.05,13.94,22.88,84.4,9.46,199.4,36.01,20.39,28.45,185.82,33.79,55.46,21.61,58.03,174.47,221.41,83.82,375.56,14.88,60.7,78.59,123.82,98.42
2025-07-22,27.03,51.91,42.72,72.54,22.03,92.85,43.01,22.96,96.38,75.08,310.21,21.88,128.49,2651.02,709.25,3.46,36.68,15.77,43.73,465.63,36.23,19.06,27.42,51.41,30.56,50.18,52.89,53.68,29.66,12.03,49.36,27.46,14.27,23.01,87.29,10.49,208.14,36.18,21.7,28.11,196.66,32.17,56.14,22.01,56.99,182.97,231.87,83.99,366.36,14.99,65.91,80.37,126.17,97.61
2025-07-23,26.98,51.68,42.45,72.05,21.38,91.93,42.82,22.61,96.84,74.06,309.65,21.58,126.5,2599.73,706.81,3.45,36.56,15.65,43.65,478.33,35.38,19.03,26.81,51.26,30.24,51.31,53.41,52.83,29.02,12.03,59.1,28.22,14.0,22.47,83.37,10.41,206.89,35.89,21.33,27.64,195.8,32.44,55.23,21.81,57.25,181.56,230.15,85.38,366.36,14.72,63.51,79.09,125.07,98.48
2025-07-24,26.8,52.25,43.2,71.67,21.68,93.37,43.1,22.87,97.88,78.15,306.6,21.58,128.2,2628.32,688.89,3.5,37.03,15.38,43.45,481.81,35.4,19.33,26.79,53.5,30.62,49.26,54.34,54.8,29.59,12.16,57.77,27.48,14.54,22.22,85.44,10.16,211.47,36.3,21.28,28.18,202.36,31.78,55.57,22.54,61.51,179.51,235.64,84.81,370.38,14.96,64.34,79.58,126.02,99.96
2025-07-25,26.71,52.02,43.81,71.67,22.52,92.32,42.77,22.75,97.15,77.12,303.67,21.43,126.12,2648.08,684.65,3.41,36.09,15.17,42.87,489.13,35.27,19.36,28.44,54.39,30.92,50.14,55.07,55.0,30.23,12.09,67.67,28.78,14.44,21.98,84.19,10.01,207.72,36.38,21.33,27.98,201.51,31.72,55.12,22.21,64.63,173.92,234.98,83.25,380.87,14.93,63.35,78.99,125.95,101.3
