date,sh600064_daily,sh600067_daily,sh600082_daily,sh600094_daily,sh600159_daily,sh600162_daily,sh600170_daily,sh600173_daily,sh600185_daily,sh601668_daily,sh601800_daily,sz000002_daily,sz000006_daily,sz000010_daily,sz000011_daily,sz000012_daily,sz000014_daily,sz000029_daily,sz000031_daily,sz000036_daily,sz000055_daily,sz000056_daily,sz000065_daily,sz000069_daily,sz000090_daily,sz000401_daily,sz000402_daily,sz000498_daily,sz000501_daily,sz000509_daily,sz000514_daily,sz000517_daily,sz000656_daily,sz001979_daily
2023-04-21,179.98,66.87,17.92,11.23,12.99,15.71,48.86,12.31,57.01,13.24,16.34,2460.53,242.79,32.44,43.69,224.41,101.75,25.33,73.07,47.31,48.29,17.25,270.83,242.3,47.85,61.34,188.26,23.19,89.3,39.75,20.72,32.54,10.4,18.68
2023-04-24,177.86,66.87,17.98,11.04,12.94,15.63,48.86,12.24,57.81,12.97,16.12,2396.2,241.27,32.17,43.34,221.07,100.2,24.67,71.34,47.53,48.69,17.11,278.08,234.03,47.77,60.71,186.76,23.08,89.54,40.08,19.05,32.78,10.33,17.97
2023-04-25,176.53,65.97,17.56,11.3,12.63,15.88,48.51,12.28,56.64,13.09,16.2,2392.98,237.72,31.77,42.33,217.05,97.22,23.96,70.57,46.97,47.48,15.93,284.8,235.49,47.26,59.45,186.39,21.14,88.41,38.87,19.0,32.07,10.03,17.67
2023-04-28,179.72,67.54,18.52,11.45,13.26,16.3,49.38,12.7,58.9,13.66,16.59,2434.8,245.32,34.17,42.33,219.73,107.16,24.76,70.38,47.76,49.5,19.14,321.07,243.76,45.08,57.08,188.64,22.44,92.05,40.41,19.84,33.5,10.25,17.53
2023-05-08,190.6,67.99,19.31,11.71,14.09,17.23,51.28,13.06,57.81,14.72,16.93,2505.56,248.87,34.83,43.73,218.73,118.74,24.65,76.91,46.07,50.41,19.61,355.56,241.81,46.17,62.11,186.39,23.28,90.67,39.2,20.99,37.55,10.63,18.18
2023-05-09,192.46,67.76,19.25,11.67,14.14,17.15,50.76,13.06,57.37,14.49,16.13,2487.87,247.35,33.77,43.77,218.73,117.53,24.33,76.91,45.73,49.8,19.04,320.0,248.14,46.84,63.86,189.76,22.84,91.16,38.87,21.04,37.55,10.48,18.44
2023-05-10,191.66,67.76,19.37,11.6,14.25,17.15,49.9,13.01,57.22,14.07,15.81,2460.53,254.45,34.03,44.61,221.07,116.76,26.77,75.95,45.39,50.0,19.04,324.25,241.81,45.83,63.02,186.39,22.35,91.16,38.76,21.09,37.07,10.25,17.93
2023-05-11,193.25,68.43,19.55,11.82,14.61,17.4,49.72,13.2,58.39,13.99,15.64,2460.53,247.86,34.3,43.73,220.06,117.31,28.76,76.91,45.96,50.41,19.33,313.11,242.3,45.67,60.85,186.76,22.12,91.4,38.0,21.66,37.79,10.55,17.67
2023-05-12,192.19,67.99,19.55,11.74,14.46,17.4,48.51,13.18,58.39,13.57,15.09,2421.93,243.8,33.5,42.77,218.06,117.97,27.5,76.34,45.84,49.8,19.56,298.6,241.33,44.99,60.08,184.52,21.6,89.54,37.34,21.4,37.79,10.25,17.71
2023-05-15,191.66,67.54,19.61,11.63,14.46,17.32,47.99,13.2,57.52,13.49,15.18,2421.93,244.31,33.63,43.25,219.06,118.85,26.68,77.3,45.5,49.8,19.04,304.79,239.87,45.08,60.5,182.65,21.31,86.38,39.64,21.46,38.15,10.18,17.66
2023-05-17,188.48,66.87,19.67,11.56,14.25,17.15,47.13,12.86,56.57,13.16,14.68,2376.9,239.24,33.9,42.9,216.72,120.62,25.56,76.53,44.94,50.0,18.53,289.22,235.0,44.49,58.06,178.9,20.9,84.52,38.87,21.14,37.67,9.96,17.42
2023-05-18,188.74,65.97,19.61,11.52,14.09,17.06,46.95,12.94,56.64,13.05,14.83,2351.17,239.24,33.23,42.64,214.38,121.83,25.15,75.76,44.94,49.8,18.29,290.99,233.54,44.15,57.57,178.16,20.7,84.04,38.65,20.99,37.55,9.59,17.12
2023-05-19,184.49,65.08,19.31,11.34,13.83,16.81,46.09,12.84,56.86,12.84,14.54,2338.31,235.69,32.57,42.2,211.7,116.98,23.62,74.42,44.72,49.4,18.38,281.44,232.57,43.82,56.17,177.78,20.35,83.15,38.87,20.52,36.95,9.21,16.8
2023-05-23,178.92,63.29,19.01,11.3,13.36,16.22,45.05,12.59,56.2,12.57,13.89,2335.09,236.71,31.91,42.5,212.71,113.45,25.56,72.11,43.93,48.39,18.01,271.18,233.05,43.06,54.56,173.66,20.15,82.02,37.67,19.73,36.12,7.95,16.8
2023-05-24,174.94,62.4,18.82,11.52,13.2,15.88,44.7,12.27,54.52,12.16,13.45,2269.15,234.17,30.97,41.37,212.04,111.79,24.44,69.61,43.59,47.99,17.91,259.86,228.19,42.55,53.3,171.79,19.89,80.88,37.78,19.42,35.88,7.13,16.08
2023-05-25,176.0,61.73,18.82,11.49,13.2,15.88,44.87,12.32,54.96,12.06,13.39,2282.02,237.72,30.84,41.28,210.36,111.68,25.93,69.42,43.25,47.89,17.72,255.08,229.16,42.39,53.37,172.17,19.75,80.88,37.78,19.37,35.41,6.39,16.12
2023-05-26,176.53,62.4,18.7,11.41,13.26,15.88,45.22,12.39,55.62,11.95,13.38,2285.24,238.23,30.58,41.37,207.02,111.9,25.9,70.76,43.59,47.99,18.05,255.26,230.62,42.72,53.79,173.29,20.01,81.53,37.56,19.42,35.52,7.06,16.35
2023-06-28,173.88,58.82,18.46,11.52,13.93,16.3,46.61,12.52,49.56,12.39,14.44,2286.84,225.22,28.85,40.71,196.65,128.78,24.88,70.76,46.48,46.58,17.96,262.34,215.05,42.05,52.61,169.55,18.82,80.15,34.7,19.89,35.76,7.95,17.5
2023-06-29,173.34,58.37,18.46,11.3,13.62,16.39,46.43,12.59,49.12,12.43,14.7,2253.07,224.19,29.38,40.23,197.32,126.1,24.19,69.42,45.68,46.88,18.01,263.75,213.11,41.8,52.04,167.68,18.88,79.82,35.03,19.57,35.76,7.65,17.18
2023-06-30,175.47,59.27,18.94,11.38,14.04,16.81,46.61,12.99,50.07,12.46,14.66,2254.68,226.26,30.31,40.67,199.33,127.78,24.81,70.38,46.82,49.9,18.34,265.7,214.08,42.39,52.54,169.17,19.06,80.39,35.36,20.04,36.36,8.25,17.01
2023-07-03,176.26,59.94,19.07,11.49,14.19,16.81,46.95,13.16,50.58,12.54,14.98,2275.59,228.85,31.24,41.15,203.01,128.9,24.94,71.34,46.59,49.1,18.1,281.26,218.46,42.81,53.25,171.04,19.32,81.2,35.47,20.57,36.84,9.07,16.87
2023-07-04,175.47,59.94,19.19,11.49,14.19,16.81,46.95,13.08,50.44,12.44,14.94,2254.68,226.26,30.84,41.19,201.67,126.33,24.69,71.15,46.14,48.59,17.68,282.5,218.94,42.72,52.9,170.67,19.21,80.72,35.36,20.25,36.95,9.14,16.57
2023-07-05,175.2,59.94,19.07,11.41,14.25,16.99,46.95,13.11,50.29,12.48,15.09,2246.64,226.26,30.84,41.28,201.0,125.99,24.97,70.95,46.59,48.29,17.49,280.03,217.97,42.64,52.54,170.3,19.15,80.07,35.25,20.3,36.84,10.03,16.6
2023-07-06,175.2,60.38,19.25,11.52,14.46,17.17,46.61,13.18,50.73,12.35,14.74,2246.64,228.85,30.71,41.45,199.33,128.56,24.99,71.92,46.93,48.59,17.72,282.33,217.97,42.39,52.11,170.67,19.03,80.07,35.25,20.62,37.43,11.07,16.59
2023-07-07,176.0,60.38,19.25,11.52,14.35,18.25,46.78,13.23,50.66,12.24,14.72,2230.56,229.88,30.44,41.8,199.33,129.68,25.13,71.72,46.71,48.39,17.58,274.75,217.48,42.47,52.18,170.67,19.12,80.15,35.14,20.67,37.55,11.22,16.47
2023-07-10,175.47,60.38,19.67,11.52,14.4,17.8,47.13,13.26,51.53,12.35,15.17,2236.99,229.36,30.58,41.99,201.33,126.55,25.75,72.3,46.82,48.69,17.87,276.7,218.46,42.55,52.18,170.3,19.15,81.2,34.81,20.62,38.03,10.7,16.34
2023-07-11,176.53,60.61,19.91,11.52,14.51,17.35,47.47,13.21,50.36,12.44,15.18,2228.95,228.85,30.44,41.99,202.0,128.45,25.5,72.3,46.59,49.5,17.68,272.62,218.94,42.72,52.61,171.42,19.21,81.2,36.02,20.67,38.03,11.15,16.1
2023-07-12,175.2,60.16,19.55,11.38,14.09,17.17,46.61,12.99,49.12,12.24,14.82,2200.0,225.22,30.04,41.4,201.33,124.54,24.99,70.76,46.14,50.0,17.35,261.96,215.54,42.47,52.4,169.73,19.09,80.31,35.58,20.2,37.91,11.37,15.6
2023-07-13,176.8,60.61,19.61,11.45,14.25,17.35,47.13,13.11,49.71,12.39,15.09,2219.3,226.26,30.44,41.63,202.0,137.05,25.29,71.92,46.36,50.0,17.35,266.4,215.05,42.89,52.54,171.23,19.18,75.84,36.35,20.2,37.31,10.77,15.69
2023-07-14,177.06,60.83,19.43,11.45,14.19,17.35,47.3,13.18,44.74,12.39,15.17,2216.08,227.29,30.58,41.72,201.66,137.39,25.24,71.72,46.25,49.9,17.39,269.96,215.54,42.8,52.75,171.23,19.44,75.92,36.35,20.25,37.19,10.33,15.64
2023-07-17,176.8,59.94,19.61,11.6,14.3,17.35,47.13,13.21,41.24,12.28,15.05,2204.83,225.74,31.24,41.9,200.29,135.15,25.01,72.11,45.91,50.2,17.25,264.98,213.59,43.07,52.33,168.6,19.53,75.92,36.68,20.25,37.67,10.48,15.7
2023-07-18,177.59,60.16,19.79,11.63,14.3,17.44,47.13,13.31,42.85,12.2,14.74,2203.22,228.33,31.51,41.85,202.35,136.05,24.92,72.49,46.02,50.41,17.21,261.08,214.57,43.25,52.75,169.35,19.5,76.73,37.12,20.46,37.79,10.18,15.9
2023-07-19,177.59,60.83,19.97,11.78,14.56,17.8,47.64,13.33,44.52,12.26,14.93,2235.38,230.4,32.97,42.31,203.03,140.29,25.4,73.07,46.36,50.51,17.44,260.72,217.0,43.88,53.25,171.61,19.41,77.87,36.9,21.3,38.15,10.4,16.26
2023-07-20,178.44,61.28,19.91,11.78,16.02,17.8,47.47,13.41,44.52,12.17,14.73,2232.17,231.95,32.17,42.31,203.03,143.19,25.7,73.45,46.82,50.1,17.54,257.17,218.94,43.61,53.25,173.48,19.29,79.25,36.57,21.67,38.01,10.33,16.41
2023-07-21,181.56,62.62,20.63,12.08,17.64,18.25,47.64,13.63,45.84,11.94,14.6,2248.25,236.09,32.84,42.95,203.38,148.55,26.02,75.57,47.5,50.0,18.38,257.35,220.89,44.15,53.75,174.61,19.27,79.41,36.24,22.09,39.07,11.37,16.35
2023-07-24,183.26,62.62,20.51,12.11,17.74,18.34,48.34,13.68,45.69,12.07,14.7,2219.3,239.72,33.5,43.36,201.66,143.98,25.79,75.95,47.05,50.31,18.2,257.52,218.94,46.39,53.82,175.36,19.38,79.17,36.02,22.67,39.07,12.48,16.22
2023-07-25,188.07,65.08,21.35,12.81,19.52,19.6,49.38,14.1,48.1,12.63,15.18,2399.42,252.14,36.82,45.04,205.78,158.38,26.87,79.03,48.07,51.01,18.9,270.49,226.24,48.27,54.96,181.74,19.74,79.66,36.9,23.51,41.19,13.75,17.42
2023-08-10,191.47,66.65,21.17,13.47,17.69,20.49,50.77,14.07,48.54,13.02,15.57,2372.08,274.41,35.63,46.9,208.52,156.37,27.17,83.45,48.41,50.31,18.48,300.68,232.57,57.7,58.03,188.13,20.45,80.07,37.23,25.71,43.18,16.42,17.78
2023-08-11,190.05,66.42,21.23,13.33,17.64,20.32,49.71,13.95,47.96,12.72,15.03,2347.96,301.85,34.56,49.27,205.43,159.72,29.51,83.07,48.3,49.2,18.38,296.24,229.16,56.62,57.03,186.63,20.01,78.76,37.12,26.08,42.78,17.31,17.62
2023-08-14,188.36,65.75,20.99,13.33,17.33,20.05,50.07,13.9,47.3,12.8,15.64,2315.79,271.82,34.43,46.77,204.06,153.25,28.69,82.3,48.52,49.6,18.05,311.16,227.7,55.81,57.39,184.37,20.07,79.33,37.56,25.87,42.52,15.75,17.91
2023-08-15,188.36,64.86,20.87,13.25,17.38,19.78,50.42,13.73,46.5,12.85,15.68,2298.1,279.59,34.17,46.22,203.03,152.8,28.71,82.11,47.84,49.4,17.68,305.48,227.22,55.54,57.17,183.25,19.86,79.66,36.9,25.81,42.39,15.98,18.04
2023-08-16,190.62,65.53,21.05,13.29,19.1,20.14,50.07,13.87,47.15,12.89,15.4,2338.31,303.92,34.7,47.18,203.03,157.04,29.42,82.88,48.18,49.7,17.82,297.66,228.68,56.89,57.6,186.63,19.77,78.76,36.46,28.39,43.31,16.5,18.25
2023-08-17,189.2,65.97,21.71,13.29,19.26,20.23,50.07,13.95,46.79,12.89,15.57,2336.7,295.12,38.15,46.81,203.03,157.38,28.98,82.49,47.96,50.51,17.87,301.75,225.76,56.35,56.96,184.75,19.8,79.17,36.79,31.22,43.18,15.83,18.21
2023-08-18,186.37,64.41,20.81,13.11,18.58,19.6,49.71,13.68,45.4,12.7,15.04,2301.32,279.07,42.01,45.49,200.97,152.02,27.93,81.15,47.05,49.9,17.21,288.6,221.86,55.9,56.46,182.12,19.71,77.46,36.46,29.17,42.25,14.56,18.14
2023-08-21,184.67,63.51,20.75,12.96,17.85,19.33,49.71,13.5,44.31,12.63,15.04,2248.25,275.44,46.26,44.72,199.95,151.01,27.45,79.61,46.48,49.8,16.92,288.25,217.0,55.09,56.46,178.74,19.56,76.73,36.57,26.86,41.46,14.27,17.58
2023-08-22,184.96,63.96,20.81,12.89,18.37,19.6,49.89,13.77,44.96,12.87,15.45,2254.68,288.91,46.53,45.22,199.26,151.79,27.86,79.99,46.36,49.8,17.06,292.69,217.0,57.34,56.6,178.37,19.5,76.49,40.19,27.34,41.72,14.42,17.7
2023-08-23,183.82,62.62,20.69,12.74,19.1,19.33,49.19,13.55,43.58,12.7,14.99,2222.52,278.55,41.88,45.13,196.86,150.57,27.79,78.65,45.8,49.3,16.55,279.9,214.57,58.41,55.53,176.11,19.27,76.16,41.29,27.7,40.93,13.45,17.63
2023-08-24,182.41,61.95,20.75,12.7,18.84,19.15,48.66,13.33,44.6,12.11,13.49,2204.83,278.03,41.08,44.36,196.52,150.45,27.22,77.68,45.68,48.69,16.45,263.38,211.16,58.14,54.75,174.23,18.85,75.92,39.2,28.75,40.8,13.15,17.38
2023-08-25,183.82,61.95,20.81,12.63,20.25,19.06,49.36,13.26,44.09,12.3,13.05,2273.31,274.41,45.2,44.77,194.12,152.24,26.96,78.45,45.57,48.49,16.12,257.52,212.13,60.48,55.46,176.11,18.91,74.86,36.57,30.33,41.06,13.3,17.98
2023-08-28,190.9,66.2,21.89,12.92,20.46,20.32,49.89,13.65,45.33,12.63,13.15,2376.49,289.42,49.72,48.41,197.54,161.4,28.0,81.91,47.27,50.0,16.59,248.82,219.92,62.99,56.32,184.0,19.5,74.94,35.58,30.38,43.31,14.64,18.66
2023-08-29,193.74,70.22,22.55,13.11,21.29,20.94,50.24,14.49,47.59,12.48,13.29,2401.86,310.65,45.86,53.23,199.95,170.67,29.65,82.68,48.86,50.51,17.3,256.28,222.84,65.32,55.61,187.38,20.27,76.0,36.79,30.96,44.37,16.12,19.16
2023-08-30,193.17,67.32,22.01,13.44,20.46,20.23,49.01,14.14,46.42,12.2,12.85,2401.86,300.81,42.41,52.36,207.49,171.01,29.12,80.76,48.41,50.1,17.06,256.46,219.92,64.96,54.75,182.87,19.86,75.43,38.54,31.85,44.5,16.87,19.33
2023-08-31,179.57,63.51,21.65,12.7,18.42,19.24,49.36,13.53,45.18,12.22,12.93,2307.14,270.78,42.94,49.5,202.0,157.71,27.15,75.18,46.48,49.5,16.45,260.9,211.65,58.5,54.04,172.73,19.74,75.19,39.86,28.65,41.19,16.05,17.83
2023-09-01,180.99,62.62,21.23,12.52,17.9,19.06,49.01,13.43,45.18,12.41,13.11,2376.49,256.8,42.01,48.82,200.63,153.69,26.64,74.99,45.57,49.9,16.03,262.5,214.08,58.14,54.89,172.36,19.86,77.06,39.86,26.65,40.93,16.57,18.43
2023-09-04,184.67,63.07,21.11,12.52,17.38,19.15,49.89,13.48,45.77,12.59,13.33,2374.8,256.8,41.74,48.22,202.69,154.7,26.87,75.57,45.57,51.01,16.4,264.45,217.0,57.61,56.68,174.23,20.13,77.14,39.86,25.76,40.53,16.05,18.21
2023-09-05,180.71,61.28,20.33,12.19,16.54,18.34,49.36,12.89,45.04,12.41,13.08,2347.74,244.38,41.08,45.72,200.97,148.22,26.9,73.26,44.66,50.51,16.07,259.65,212.62,56.62,55.89,170.48,19.92,76.81,39.97,25.76,38.81,15.31,17.71
2023-09-06,182.97,62.62,20.63,12.59,17.53,18.61,49.01,13.18,45.62,12.44,13.03,2396.79,249.56,39.35,46.81,199.95,152.24,27.22,74.8,45.23,50.81,16.73,260.01,214.57,57.52,54.89,171.98,19.8,76.24,39.64,26.13,39.47,16.27,18.08
2023-09-07,181.84,61.73,20.33,12.41,16.96,18.43,48.48,13.26,44.96,12.3,12.85,2368.03,248.0,38.15,46.5,197.2,149.9,26.67,74.03,44.55,50.0,17.02,255.75,213.59,57.43,54.39,169.73,19.5,75.92,39.31,25.34,39.34,16.87,17.91
2023-09-08,182.69,60.83,20.45,12.26,16.44,18.16,47.78,12.99,45.18,12.3,12.85,2352.81,243.34,38.82,45.81,195.49,145.65,26.07,74.03,43.98,48.89,16.17,258.59,212.62,56.89,53.89,168.23,19.32,76.0,39.75,24.92,38.81,15.53,17.98
2023-09-18,182.12,60.38,20.15,11.93,15.76,18.25,49.19,12.76,45.91,12.17,12.45,2251.32,240.24,45.86,44.72,196.17,137.94,26.69,72.88,44.55,49.2,15.27,242.25,209.7,55.81,54.47,166.35,19.56,76.73,38.76,24.82,38.68,14.27,16.59
2023-09-19,182.41,59.94,20.09,11.93,15.66,18.43,49.71,12.69,44.45,12.22,12.45,2249.63,237.65,49.05,44.49,195.83,136.6,26.96,73.07,44.55,49.2,14.8,243.14,208.73,55.99,55.25,166.35,19.65,76.08,38.87,24.08,38.68,13.82,16.74
2023-09-20,183.54,59.49,20.15,11.89,15.76,18.34,49.71,12.74,43.87,12.24,12.38,2247.94,237.65,44.14,44.45,194.8,137.05,27.15,73.45,44.55,48.69,14.33,238.7,209.21,56.44,55.39,166.72,19.68,75.59,38.21,24.14,38.68,13.75,16.65
2023-09-21,182.12,59.04,19.97,11.85,15.92,18.25,49.19,12.74,43.21,12.09,12.18,2242.87,238.17,44.27,44.36,194.12,136.05,26.96,73.26,44.55,48.49,14.42,237.28,207.75,56.17,54.54,167.48,19.24,74.21,38.0,23.98,38.54,13.6,16.64
2023-09-22,183.54,59.94,20.27,12.04,16.02,18.52,49.36,12.79,44.82,12.44,12.44,2264.86,242.31,42.67,45.04,196.17,138.73,27.26,74.8,44.66,49.0,14.57,244.38,210.67,56.89,54.75,168.98,19.5,75.35,38.65,24.55,39.07,13.9,16.65
2023-09-25,181.84,58.59,19.73,11.74,15.45,17.98,49.19,12.67,43.94,12.15,12.19,2222.57,234.02,41.48,44.4,194.8,134.59,26.94,71.72,43.86,48.29,14.0,237.45,207.27,55.99,54.54,165.97,19.27,74.54,38.65,23.82,38.01,13.23,16.42
2023-09-26,180.42,58.15,19.49,11.78,15.45,18.16,49.01,12.52,48.32,11.96,12.08,2210.73,233.51,40.95,44.27,192.06,134.48,26.78,71.53,43.64,48.19,13.81,241.01,206.78,55.0,54.32,165.22,19.21,74.62,38.11,23.87,37.88,12.93,16.22
2023-09-27,180.42,58.15,19.49,11.63,15.08,18.07,49.71,12.47,50.66,12.07,12.44,2207.35,234.02,45.07,44.08,193.09,133.03,26.85,71.34,43.64,48.29,13.86,258.23,207.27,55.36,53.89,163.72,19.53,74.78,37.34,23.4,37.88,12.56,16.09
2023-10-20,171.08,56.36,18.82,11.3,14.98,16.99,46.54,11.53,49.78,11.15,11.05,1972.23,220.04,47.06,41.99,179.71,124.43,25.66,66.15,41.36,46.68,13.39,214.37,179.53,51.32,50.33,152.83,18.08,69.99,39.97,22.3,35.9,12.19,15.37
2023-10-23,167.68,54.79,18.46,11.27,16.02,16.81,45.31,11.43,49.27,11.02,10.85,1965.47,215.38,47.59,41.13,175.25,121.97,24.55,64.8,40.46,45.06,12.87,203.71,174.67,50.25,49.05,148.32,17.45,67.71,38.87,21.98,34.84,11.52,15.19
2023-10-24,168.81,57.25,19.25,11.71,16.44,17.26,45.84,12.03,50.22,11.05,10.84,1972.23,221.08,52.38,42.22,177.31,125.99,24.85,66.92,41.36,46.37,13.43,206.73,175.64,50.7,49.4,151.7,17.9,68.85,40.3,22.88,36.56,11.52,15.62
2023-10-25,169.94,57.25,19.61,11.52,16.44,17.44,47.25,12.12,50.07,11.26,11.05,1979.0,224.19,53.04,42.54,180.4,125.66,25.2,66.92,41.71,47.58,13.72,208.5,178.07,51.15,54.32,152.46,18.58,69.66,40.63,22.98,36.82,11.52,15.13
2023-10-26,171.08,56.36,19.19,11.3,16.07,17.35,47.42,11.85,49.34,11.31,11.11,1957.01,221.6,53.97,42.4,180.74,124.32,24.72,66.15,41.25,47.18,13.39,206.91,178.07,47.02,52.54,151.33,18.52,69.66,40.52,22.51,36.29,11.15,14.9
2023-10-27,172.78,57.25,19.43,11.38,16.18,17.44,47.6,11.98,51.75,11.33,11.25,1967.16,223.67,52.25,42.67,183.48,125.66,25.38,66.92,41.71,47.48,13.72,206.73,180.51,46.75,51.61,153.21,17.87,70.72,40.41,22.82,36.69,11.15,14.66
2023-10-30,171.93,57.7,19.67,11.63,16.54,17.62,46.89,12.07,50.66,11.22,11.18,1962.09,223.67,52.25,40.99,183.83,126.66,27.42,66.72,42.39,46.98,13.95,204.95,177.1,45.85,50.97,153.58,17.48,70.47,41.18,23.3,36.43,12.26,14.2
2023-10-31,174.19,57.92,19.97,11.78,17.59,17.08,46.37,12.32,52.19,11.24,11.12,1916.42,223.67,54.51,40.81,185.54,124.76,27.49,66.92,44.66,46.58,14.05,202.11,176.13,45.49,50.97,154.71,17.31,70.15,41.18,23.87,36.82,12.56,14.41
2023-11-01,174.48,58.15,20.09,11.89,16.65,16.81,45.48,12.52,52.12,11.18,11.07,1918.11,225.74,54.51,40.72,186.23,122.53,26.64,66.72,43.52,46.37,14.28,203.18,175.64,45.85,50.4,153.21,17.31,70.07,41.62,23.3,36.29,11.96,14.36
2023-11-02,173.63,58.15,20.09,11.67,16.65,16.81,45.13,12.76,51.68,11.2,10.97,1897.81,226.77,52.25,40.49,184.86,121.75,26.44,66.53,43.75,46.07,14.09,199.09,174.67,45.4,49.9,154.33,17.25,69.82,41.29,22.82,36.03,11.67,14.17
2023-11-03,172.78,57.48,19.79,11.6,16.44,16.63,45.13,12.35,52.33,11.18,10.96,1906.27,228.33,53.04,40.63,186.23,121.41,26.9,65.19,43.07,46.17,13.91,201.4,175.16,45.31,49.97,151.7,17.28,69.42,41.4,22.56,35.37,11.74,14.06
2023-11-06,174.48,59.04,20.27,11.82,18.11,16.99,45.66,13.18,53.87,11.37,11.14,2024.67,232.99,50.52,42.08,187.6,126.22,27.77,67.3,43.64,46.88,14.57,207.08,181.48,46.3,50.62,154.33,17.48,70.39,41.62,23.03,36.43,12.11,14.42
2023-11-07,173.91,59.04,20.27,11.78,19.31,16.99,45.66,13.45,54.45,11.22,11.08,2017.9,231.95,52.11,42.54,187.6,127.33,27.63,66.92,43.86,46.47,16.03,204.42,181.97,46.48,50.26,154.71,17.45,69.58,42.72,23.09,36.29,12.04,14.33
2023-11-08,173.63,59.04,20.27,11.74,19.05,17.08,45.48,13.23,53.43,11.15,10.99,2051.73,232.99,50.92,43.13,186.57,129.46,27.61,67.49,43.86,46.07,17.63,202.47,182.94,46.57,49.97,155.08,17.39,69.42,42.28,23.24,36.43,12.26,14.46
2023-11-09,173.06,58.59,20.15,11.71,17.95,16.9,45.31,13.01,53.43,11.18,11.01,2022.98,231.43,49.05,43.17,186.91,128.45,27.24,66.53,44.21,45.87,19.37,200.51,182.94,47.2,50.33,154.71,17.42,69.09,42.06,23.24,36.29,12.11,14.46
2023-11-10,172.21,58.15,20.15,11.52,18.16,16.54,44.78,12.69,58.76,11.0,10.86,2011.14,231.43,49.72,42.86,185.54,126.77,27.35,64.8,43.64,45.77,21.31,199.09,181.48,46.3,49.9,152.08,17.37,68.36,41.95,22.93,35.63,11.89,14.2
2023-11-13,172.49,58.82,20.45,11.6,17.74,16.72,45.31,12.47,57.01,11.15,11.03,1982.38,234.02,49.05,42.86,186.57,126.77,27.19,65.19,43.86,46.68,23.43,203.89,180.99,47.29,50.4,153.58,17.42,68.85,42.72,23.51,35.63,11.89,14.2
2023-11-14,173.91,59.27,20.51,11.71,17.9,16.9,45.48,12.49,57.15,11.13,10.97,1992.53,235.58,51.98,43.45,186.23,129.34,27.95,65.95,45.8,46.37,25.78,204.06,182.45,49.71,50.54,155.46,17.42,69.9,42.5,23.82,36.03,11.96,14.33
2023-11-15,173.91,59.04,20.33,11.6,17.53,16.81,45.48,12.42,57.81,11.22,11.07,2011.14,234.02,51.05,43.36,188.63,129.23,27.77,64.8,45.57,46.58,28.38,206.02,181.97,49.08,50.62,154.71,17.42,70.23,42.5,23.56,35.9,11.89,14.11
2023-11-16,173.06,58.82,20.33,11.52,17.48,16.72,44.95,12.25,58.17,11.15,10.94,1995.91,234.02,50.65,43.17,186.91,130.01,28.23,64.22,46.48,46.47,25.55,202.29,179.05,47.74,50.19,154.33,17.34,69.5,42.39,23.61,35.5,11.67,14.07
2023-11-17,173.06,59.04,20.51,11.6,17.12,16.63,44.95,12.17,58.1,11.05,10.89,1965.47,232.99,49.85,42.99,187.26,129.9,28.59,62.3,46.48,46.68,23.76,202.82,178.07,47.38,49.9,153.21,17.28,69.74,42.5,23.24,35.63,11.59,14.1
2023-11-20,173.91,59.27,20.69,11.6,18.84,16.72,45.13,12.54,59.41,11.0,10.9,1957.01,233.51,50.38,43.36,188.28,129.57,28.23,62.88,46.36,46.78,24.61,205.31,177.1,46.93,50.12,153.96,17.37,69.9,42.5,23.35,35.5,11.74,13.9
2023-11-21,174.76,60.16,21.05,11.82,20.72,17.08,45.13,13.16,56.35,11.11,10.94,2016.21,256.8,50.38,44.81,188.63,132.25,28.71,64.42,46.71,46.88,25.22,204.95,180.99,47.83,50.4,156.59,17.39,71.53,42.17,24.14,36.43,12.93,14.17
2023-11-22,174.76,60.38,21.05,11.93,22.8,17.26,44.78,13.45,56.2,11.05,10.82,2002.68,282.69,48.79,47.27,187.94,139.51,31.23,65.38,46.48,46.68,22.72,201.22,179.05,47.92,50.19,155.83,17.28,71.53,41.51,24.14,36.56,12.41,13.93
2023-11-23,177.03,60.83,21.47,12.08,25.1,17.62,44.95,13.7,56.71,11.11,10.85,2058.5,261.46,48.92,45.72,189.66,137.94,30.02,66.92,46.71,46.98,20.46,203.89,182.45,49.35,50.4,158.46,17.34,71.86,42.39,24.71,37.35,13.67,14.49
2023-11-24,177.88,60.83,21.29,11.97,24.16,17.44,44.78,13.87,57.08,11.07,10.81,2050.04,252.66,47.33,44.68,189.31,133.81,29.33,66.34,46.82,46.98,20.6,199.45,180.99,48.27,50.47,158.09,17.31,71.94,41.84,24.45,37.35,14.34,14.53
2023-11-27,175.04,59.94,21.17,11.67,21.76,16.9,44.43,13.06,54.6,10.89,10.56,1995.91,242.31,45.6,43.58,188.97,130.57,28.2,64.99,46.93,46.37,18.9,198.38,176.62,47.38,49.83,153.96,17.13,71.12,42.94,23.82,35.63,14.04,14.41
2023-11-28,173.91,61.05,21.17,11.63,19.57,16.81,44.43,12.67,53.72,10.87,10.58,1987.46,241.79,44.93,43.17,190.69,129.79,28.59,63.84,46.59,46.58,18.9,199.27,175.16,47.02,50.19,152.83,17.19,71.29,42.83,23.45,34.97,13.9,14.2
2023-11-29,172.49,59.27,21.05,11.3,19.41,16.45,44.43,12.32,54.6,10.72,10.36,1938.41,237.65,44.27,42.54,188.97,128.23,28.39,62.69,46.25,45.87,19.42,195.18,168.34,45.49,49.55,149.45,17.04,70.23,43.49,23.09,33.78,13.38,13.68
2023-12-08,171.93,57.48,20.63,11.19,20.09,16.27,44.07,12.3,56.71,10.33,10.37,1823.39,243.86,42.94,41.63,193.09,128.45,27.93,59.8,46.02,44.26,18.1,192.88,160.07,44.68,48.55,143.82,16.95,73.16,41.4,22.61,33.51,13.23,12.5
2023-12-11,171.93,57.48,20.93,11.23,19.93,16.27,44.07,12.44,57.15,10.4,10.38,1798.01,245.93,43.6,41.76,191.71,128.78,27.81,60.38,46.25,44.56,18.53,196.61,158.13,44.77,47.84,141.57,17.04,73.97,44.47,22.19,33.78,13.52,12.23
2023-12-12,176.74,59.27,21.59,11.41,21.92,16.54,44.6,12.86,56.93,10.53,10.59,1862.29,251.11,43.87,42.76,192.06,133.03,28.32,61.34,46.36,44.96,18.62,198.91,162.02,45.49,48.26,145.32,17.07,73.73,44.69,23.51,34.57,14.12,12.79
2023-12-13,178.44,58.82,22.01,11.27,21.66,16.36,44.43,12.54,55.84,10.33,10.44,1799.71,248.0,43.21,42.08,190.34,130.46,28.11,60.57,46.14,44.56,18.43,197.32,156.67,44.42,47.84,142.69,17.01,73.4,45.57,23.14,34.04,13.67,12.33
2023-12-14,175.89,59.04,21.83,11.23,21.55,16.36,44.43,12.62,57.01,10.31,10.38,1776.03,251.63,43.34,42.67,190.34,138.17,28.2,60.96,46.82,44.66,18.34,198.2,157.15,44.68,47.84,142.69,17.07,73.97,45.13,23.14,34.04,13.75,12.29
2023-12-15,175.89,59.27,22.01,11.34,23.69,16.45,43.9,12.81,56.5,10.26,10.37,1799.71,252.14,42.81,42.86,190.34,136.94,28.34,61.15,46.82,44.76,18.2,212.77,157.64,44.42,47.84,144.19,17.04,73.32,44.36,23.93,34.31,13.82,12.57
2023-12-18,173.06,58.15,21.71,11.16,23.22,16.27,44.07,12.76,55.62,10.2,10.23,1782.79,246.45,42.27,41.95,187.94,134.37,27.33,59.42,46.02,44.06,18.24,225.91,154.72,43.61,46.98,141.57,16.89,71.04,43.6,23.35,33.64,14.34,12.56
2023-12-19,172.21,56.81,21.53,11.19,22.34,16.0,43.54,12.59,54.38,10.16,10.16,1755.73,243.86,42.01,41.49,187.94,131.47,27.29,58.46,45.68,43.65,18.05,218.27,152.77,43.34,46.77,138.56,16.74,70.47,43.16,22.88,33.25,14.56,12.29
2023-12-20,170.23,55.91,21.05,11.04,22.49,15.64,43.19,12.37,52.41,10.13,10.07,1735.43,239.2,40.95,40.76,187.26,128.23,26.62,57.3,45.34,43.25,17.58,214.54,147.91,42.53,46.27,135.93,16.65,68.69,42.61,22.56,32.58,14.49,12.11
2023-12-21,170.51,56.81,21.47,11.12,23.8,15.82,43.02,12.64,52.7,10.24,10.21,1762.49,239.2,41.88,41.04,189.31,129.9,26.67,58.65,45.11,43.85,17.77,213.12,150.83,43.07,46.05,137.44,16.62,68.77,43.38,22.82,32.72,15.98,12.28
2023-12-22,169.66,56.13,20.87,11.08,22.34,15.64,43.19,12.17,51.82,10.33,10.27,1755.73,231.95,41.21,40.44,188.97,126.89,26.39,58.07,44.77,44.26,17.21,209.22,148.4,42.35,45.63,135.93,16.56,67.79,42.72,22.19,32.72,15.16,12.25
2023-12-25,169.09,55.02,20.45,11.04,21.08,15.55,42.84,12.03,50.73,10.24,10.25,1742.2,229.36,40.81,39.67,188.63,121.08,26.21,58.07,43.98,44.66,17.11,201.22,148.4,41.81,45.2,135.18,16.42,68.2,42.28,21.51,32.32,14.79,12.22
2023-12-27,169.09,54.35,20.69,10.97,21.14,15.46,41.43,11.95,50.51,10.26,10.25,1720.21,235.58,41.34,39.4,186.91,120.41,26.28,56.92,44.09,44.96,17.49,197.14,146.94,41.36,44.84,134.43,16.42,68.28,42.94,21.41,31.79,13.23,12.09
2023-12-28,171.08,55.91,20.57,11.12,20.3,15.73,41.43,12.12,53.87,10.46,10.48,1779.41,235.58,41.48,40.03,191.03,122.53,26.73,57.88,43.98,45.26,17.3,200.51,153.75,42.17,45.7,137.81,16.68,69.01,43.49,21.77,32.58,13.67,12.4
2024-01-02,171.08,56.58,20.99,11.01,19.47,15.73,41.78,11.98,51.02,10.29,10.33,1716.82,231.43,42.94,40.17,191.37,126.44,26.44,56.15,42.27,45.87,17.39,199.8,147.42,40.65,45.41,134.06,16.68,69.01,44.47,21.56,32.19,13.08,11.68
2024-01-03,171.93,57.03,21.35,11.04,19.62,15.91,41.96,12.03,50.95,10.37,10.47,1713.44,233.51,42.01,40.35,192.4,127.89,26.46,56.34,42.39,46.07,17.06,200.69,148.4,41.01,45.84,135.18,16.74,68.93,43.93,21.83,32.58,13.23,11.64
2024-01-04,171.64,56.58,21.35,11.01,18.89,15.73,41.43,11.95,51.53,10.29,10.38,1679.61,230.4,41.48,40.26,191.37,127.11,26.39,55.76,42.39,45.97,16.78,199.27,143.53,40.29,45.41,133.68,16.59,68.36,44.25,21.88,32.05,13.3,11.45
2024-01-05,172.21,56.13,21.29,11.01,18.58,15.64,41.61,11.9,52.63,10.35,10.51,1689.76,234.02,40.95,40.35,189.66,126.89,26.12,56.34,41.93,45.67,16.5,197.49,143.53,40.65,45.13,134.06,16.47,67.47,43.82,22.09,32.32,13.52,11.32
2024-01-08,170.23,55.02,20.99,10.97,18.37,15.37,40.72,11.7,49.78,10.24,10.11,1661.01,229.88,42.01,40.58,186.91,124.21,25.66,54.42,41.02,45.26,16.03,189.68,139.15,40.83,44.13,130.3,16.18,66.57,42.72,21.62,31.39,13.9,11.11
2024-01-09,170.51,55.91,21.35,10.9,18.11,15.64,40.9,11.78,49.34,10.35,10.15,1671.16,228.33,42.54,39.63,188.63,127.56,25.43,54.8,40.8,45.67,16.55,191.63,143.04,41.01,44.27,131.05,16.21,68.36,42.72,21.62,31.66,13.38,11.28
2024-01-10,169.38,56.36,21.17,10.86,17.69,15.64,40.72,11.83,48.54,10.31,10.07,1647.48,226.26,43.6,39.44,188.28,123.76,25.61,55.38,40.8,45.47,16.07,187.9,144.02,40.2,44.06,131.05,16.18,69.82,43.05,21.46,31.66,13.08,11.28
2024-01-11,170.23,57.7,21.41,10.86,18.37,15.91,41.08,11.98,49.41,10.29,9.94,1650.86,234.02,46.26,40.13,190.34,126.66,25.7,55.57,40.91,46.07,16.83,187.73,145.48,40.65,43.99,132.93,16.21,69.34,42.83,22.19,32.05,13.3,11.18
2024-01-12,170.51,58.37,21.29,10.86,18.37,16.0,41.25,12.05,50.29,10.31,9.99,1640.71,230.92,45.6,40.08,193.09,126.77,25.75,56.15,40.8,46.27,15.98,187.55,145.48,40.65,44.2,132.93,16.3,68.77,42.83,21.93,32.19,13.3,11.15
2024-01-15,171.08,58.59,21.77,10.93,18.16,16.18,41.25,12.03,49.93,10.4,10.01,1642.4,233.51,42.54,40.58,193.09,128.56,25.84,56.34,40.8,46.47,16.73,192.88,145.96,40.83,44.06,133.3,16.33,69.42,42.06,22.25,32.45,13.38,11.26
2024-01-16,171.64,57.92,21.29,10.82,17.8,16.0,41.08,11.93,50.66,10.42,9.99,1625.49,230.4,40.01,40.72,195.49,127.67,25.56,55.57,40.46,46.47,16.45,187.9,145.48,40.74,43.77,131.05,16.27,68.36,41.95,21.93,32.05,13.0,11.21
2024-01-17,169.66,56.36,20.87,10.75,17.27,15.37,40.55,11.68,49.49,10.22,9.81,1579.82,230.4,37.62,40.9,191.71,129.34,24.88,54.03,39.32,46.07,15.79,184.71,141.1,39.84,42.84,126.92,16.06,66.98,40.74,21.25,31.39,12.11,10.85
2024-01-18,168.81,55.91,20.51,10.75,17.33,15.28,40.19,11.43,48.98,10.16,9.74,1589.97,224.19,36.43,40.94,191.37,130.46,24.03,53.84,39.55,45.57,15.6,182.93,141.1,39.3,41.99,126.17,15.85,65.84,40.19,20.88,30.99,12.34,10.96
2024-01-19,168.53,54.79,20.39,10.68,17.17,15.19,40.02,11.36,49.2,10.13,9.77,1591.66,227.81,35.76,42.17,188.63,132.47,24.28,53.84,39.55,45.06,15.32,177.78,140.61,40.47,41.78,126.55,15.79,65.43,40.96,20.88,30.86,12.11,11.0
2024-01-22,163.71,50.1,18.94,10.64,16.23,14.47,38.61,10.67,44.82,10.0,9.53,1530.77,216.42,33.9,40.99,180.74,122.98,22.65,50.57,37.27,42.24,14.42,169.08,134.77,38.13,39.85,119.41,15.14,62.18,38.87,19.68,29.27,11.37,10.64
2024-01-23,164.56,50.77,18.64,10.64,16.44,14.65,39.14,10.84,46.35,10.0,9.51,1552.75,219.01,33.77,40.22,182.11,124.21,22.9,52.3,37.73,41.74,14.24,174.05,134.29,38.94,40.49,120.91,15.2,62.59,38.54,19.68,29.8,11.15,10.64
2024-01-24,170.23,53.45,19.55,10.86,17.17,15.28,40.9,11.29,47.08,10.57,10.27,1591.66,231.95,37.09,42.81,187.6,130.46,24.23,54.42,38.86,43.25,14.66,181.15,141.58,39.84,41.49,127.3,15.64,64.13,39.53,21.25,31.26,11.67,10.94
2024-01-25,174.48,56.13,20.99,11.19,18.0,15.91,42.66,11.7,48.54,11.07,11.3,1684.69,240.75,37.36,43.95,191.71,134.59,25.7,57.49,40.23,45.16,15.08,199.27,149.86,42.17,42.84,134.06,16.71,65.6,41.07,22.09,32.98,12.26,11.67
2024-01-26,177.59,58.59,22.01,11.41,18.68,16.36,42.84,12.05,49.56,11.22,11.66,1725.28,243.86,37.36,45.18,192.06,148.11,27.29,59.03,40.68,45.97,15.37,202.64,153.26,42.8,43.49,137.81,16.68,65.92,40.63,23.14,33.78,12.26,11.95
2024-01-29,176.46,56.81,21.53,11.04,18.16,16.09,42.84,11.73,48.1,11.28,12.25,1701.6,244.9,35.89,43.36,190.69,146.1,26.32,57.3,39.32,44.86,14.52,203.71,151.31,42.89,43.06,134.43,16.71,64.54,39.09,22.19,33.38,11.74,12.11
2024-01-30,173.34,54.35,20.69,10.79,17.27,15.46,41.78,11.24,46.5,11.24,12.16,1655.93,232.47,35.36,41.99,188.63,142.08,25.06,55.38,38.07,43.75,13.95,199.98,148.88,41.19,41.85,130.3,16.36,63.08,37.01,21.25,32.05,11.44,11.76
2024-01-31,171.64,50.77,18.64,10.64,16.02,14.83,40.9,10.57,43.65,11.15,11.99,1623.79,215.9,32.7,39.12,184.86,145.65,23.8,52.69,36.48,41.84,12.96,192.88,143.53,40.29,40.85,124.67,15.94,61.53,35.36,19.83,30.73,11.15,11.45
2024-02-01,169.09,48.53,17.74,10.64,15.03,14.47,40.02,10.08,42.48,10.89,11.55,1596.73,203.48,32.17,37.94,183.83,131.13,23.22,51.15,36.14,40.63,12.54,197.32,141.58,39.03,39.92,121.66,15.61,60.15,35.8,18.99,29.8,10.63,11.29
2024-02-02,167.96,45.62,17.08,10.27,14.87,14.02,40.02,9.78,40.66,10.96,11.67,1605.19,204.51,30.31,37.99,182.45,139.84,25.54,50.38,36.02,39.01,11.88,182.75,138.18,39.93,38.92,119.41,15.32,59.91,33.6,18.42,29.4,10.48,11.48
2024-02-05,165.41,41.15,15.4,9.31,13.41,12.67,39.49,8.8,37.15,10.96,10.96,1552.75,184.84,27.25,35.21,180.05,125.88,24.23,46.15,32.39,35.39,10.7,164.46,130.88,37.87,37.21,110.4,14.69,55.6,30.2,16.58,26.76,9.44,10.88
2024-02-06,171.64,38.47,13.89,9.2,12.94,12.58,41.08,8.48,40.15,11.09,11.22,1608.57,192.6,26.19,35.89,192.06,123.54,24.42,48.46,32.96,36.39,9.62,166.95,137.69,39.3,40.49,117.16,15.64,57.31,27.89,15.48,27.29,9.96,11.47
2024-02-07,177.03,37.8,12.51,9.28,11.64,12.23,43.37,7.81,41.82,11.18,11.42,1610.26,195.71,23.66,35.53,197.89,114.71,23.94,52.88,31.02,36.39,8.67,177.96,143.04,40.02,42.63,123.54,16.21,57.96,25.7,13.96,27.02,9.59,11.18
2024-02-08,179.57,39.14,13.11,10.01,12.32,13.03,43.54,8.3,44.67,11.11,11.42,1701.6,209.69,25.92,37.31,198.23,122.31,24.94,55.96,33.07,38.91,8.96,182.22,147.91,41.36,44.34,135.93,16.5,61.04,27.89,14.8,29.14,10.18,11.9
2024-02-19,179.01,40.7,13.95,10.05,13.1,13.39,42.66,8.85,45.18,11.24,11.68,1664.39,206.58,26.85,37.62,196.52,127.67,25.91,54.03,32.96,39.62,9.85,185.59,145.96,41.54,41.99,128.8,16.39,60.23,29.98,15.64,29.67,11.22,11.69
2024-02-20,179.01,40.93,14.13,10.01,13.2,13.39,42.66,9.07,44.67,11.26,11.58,1674.54,207.1,27.92,37.71,194.8,126.89,26.18,53.07,33.41,39.62,10.18,187.02,145.96,41.54,41.78,127.67,16.39,60.07,30.31,15.79,29.67,11.96,11.81
2024-02-21,180.42,42.27,14.61,10.49,13.62,13.75,43.02,9.24,45.47,11.61,12.0,1726.97,209.17,29.11,38.35,195.83,129.79,27.17,54.23,33.98,40.02,11.22,190.03,151.31,42.53,42.27,130.3,16.59,60.88,31.3,17.16,30.2,11.81,12.23
2024-02-22,180.42,42.72,14.92,10.38,13.83,13.75,42.84,9.41,45.69,11.63,12.07,1716.82,208.65,29.51,38.44,195.83,131.35,26.62,53.65,33.98,40.22,11.83,193.41,150.34,41.99,42.06,129.17,16.59,61.37,34.48,17.0,30.33,12.04,12.12
2024-02-23,179.86,43.83,15.58,10.46,14.35,13.93,42.66,9.56,46.28,11.91,11.9,1725.28,210.72,30.84,38.72,194.8,132.58,26.39,53.84,34.66,40.73,11.83,196.61,150.83,42.26,41.99,129.55,16.74,61.53,35.58,17.37,30.86,11.89,12.25
2024-02-26,177.59,44.28,15.88,10.38,14.51,14.02,42.49,9.68,45.62,11.52,11.52,1688.07,208.65,31.51,38.17,193.09,129.79,26.02,53.46,34.43,41.13,13.01,195.36,147.91,41.45,41.49,128.05,16.45,61.21,34.26,17.37,30.33,11.67,11.98
2024-02-27,178.44,45.62,16.42,10.71,15.24,14.47,42.84,9.93,47.37,11.55,11.63,1701.6,213.83,31.91,38.81,195.49,134.59,26.83,54.99,35.11,41.74,14.33,198.91,150.83,41.9,41.78,129.92,16.53,62.1,34.81,18.05,30.99,12.04,12.22
2024-02-28,175.61,42.72,14.86,10.38,13.83,13.75,42.66,9.27,45.84,11.5,11.68,1679.61,206.58,29.51,37.31,193.09,126.1,25.47,53.84,33.98,39.52,12.92,190.92,147.42,40.83,41.35,127.67,16.42,59.99,32.18,16.95,29.93,11.52,12.01
2024-02-29,177.88,44.28,15.34,10.53,14.14,14.02,43.19,9.59,47.88,11.61,11.73,1698.22,210.21,31.24,37.99,195.49,127.78,25.82,54.42,34.32,40.63,13.25,198.91,149.37,41.81,41.92,128.8,16.68,61.13,33.05,17.31,30.33,11.67,12.29
2024-03-01,177.31,44.5,15.22,10.64,14.3,13.93,42.84,9.54,46.93,11.55,11.55,1672.85,214.87,30.71,38.49,195.49,137.94,26.14,53.84,33.75,40.93,12.92,199.45,147.42,41.72,41.63,128.05,16.62,60.72,33.71,17.26,30.2,11.52,12.11
2024-03-04,177.03,43.39,15.04,10.42,13.78,13.66,42.49,9.34,45.84,11.39,11.47,1595.04,207.62,30.44,37.49,193.09,135.93,25.36,53.07,33.18,40.43,12.59,199.62,143.04,40.65,40.85,125.79,16.39,60.23,33.82,16.89,29.8,11.15,11.64
2024-03-05,178.16,42.04,14.61,10.27,13.62,13.3,42.31,9.14,45.62,11.59,11.67,1603.5,205.03,29.78,37.26,191.37,132.25,25.36,52.3,32.61,39.72,13.86,201.76,141.58,40.38,40.49,125.04,16.21,58.77,33.05,16.68,29.14,11.22,11.67
2024-03-06,177.59,42.49,14.86,10.23,13.99,13.48,42.31,9.24,45.84,11.48,11.53,1578.13,203.99,31.64,37.21,191.37,131.58,24.94,51.73,32.84,40.22,13.67,203.53,141.1,40.29,40.14,123.54,16.24,59.42,33.38,16.89,29.14,11.15,11.39
2024-03-07,177.31,42.49,14.98,10.86,13.83,13.48,42.31,9.29,46.71,11.5,11.37,1557.83,206.06,30.58,37.26,190.0,135.15,24.78,51.15,32.84,40.12,14.38,205.13,139.64,40.02,40.35,122.04,16.24,59.26,32.83,16.84,29.01,11.15,11.2
2024-03-08,177.88,42.72,15.1,10.68,13.62,13.57,42.66,9.34,45.77,11.5,11.38,1552.75,205.03,30.31,37.03,194.8,133.25,25.04,51.34,33.18,40.12,15.84,204.42,138.66,39.84,39.92,121.29,16.27,59.18,33.38,16.63,28.88,11.0,11.04
2024-03-11,178.72,43.61,15.34,10.82,13.93,13.75,42.84,9.51,46.64,11.55,11.38,1600.11,207.1,31.37,37.58,198.57,134.15,25.63,52.69,33.64,41.03,14.94,203.18,141.1,40.56,40.71,123.92,16.45,59.83,35.69,17.21,29.54,11.44,11.39
2024-03-12,180.14,44.73,15.94,11.08,14.98,14.2,42.84,9.83,47.23,11.48,11.3,1691.45,212.8,31.91,38.58,198.57,138.17,26.92,54.8,34.89,41.64,14.99,202.11,146.94,41.72,41.06,128.05,16.53,60.8,34.48,18.0,32.45,11.89,12.11
2024-03-13,177.88,44.06,15.52,11.01,14.3,13.84,42.49,9.63,46.5,11.26,11.16,1639.02,207.1,31.77,37.85,197.2,134.82,26.37,53.26,33.86,41.23,14.47,201.58,143.04,41.19,40.49,125.42,16.39,60.15,37.89,17.52,30.99,11.44,11.9
2024-03-14,177.88,44.5,15.52,10.97,14.4,13.84,42.66,9.66,46.5,11.33,11.38,1642.4,207.1,32.04,37.81,196.86,137.16,26.34,52.88,33.64,41.23,14.52,202.82,142.56,42.08,40.56,126.55,16.45,59.99,38.76,17.63,30.73,11.52,12.27
2024-03-15,178.16,44.95,15.76,11.04,14.3,14.11,42.66,9.83,47.23,11.31,11.26,1601.81,207.62,32.57,38.17,196.86,136.27,26.55,53.46,33.98,41.74,14.19,207.26,142.56,42.08,40.92,126.55,16.47,60.72,37.12,17.68,30.6,11.37,12.27
2024-03-18,178.44,45.18,16.12,10.93,14.4,14.11,43.02,10.0,45.98,11.37,11.48,1596.73,208.14,32.84,38.22,197.54,136.49,26.37,54.03,33.75,42.44,14.42,213.66,142.07,42.17,41.06,126.92,16.68,61.37,37.12,18.05,30.73,11.44,12.42
2024-03-19,176.74,45.18,16.18,10.82,14.4,14.02,42.66,9.93,45.4,11.26,11.31,1578.13,205.55,32.57,37.85,195.49,134.59,26.07,53.46,33.41,42.14,14.19,207.79,140.61,41.9,40.56,125.04,16.59,60.72,37.12,17.94,30.33,11.29,12.39
2024-03-20,177.03,46.29,16.66,10.86,14.56,14.2,42.84,10.05,45.11,11.31,11.36,1583.2,206.58,32.97,37.9,194.12,134.03,25.82,53.65,33.75,42.54,14.42,207.44,141.1,41.9,40.63,125.04,16.68,61.37,37.23,18.1,30.46,11.29,12.28
2024-03-21,177.03,46.07,16.66,10.82,14.72,14.2,42.49,10.23,45.11,11.31,11.34,1589.97,207.1,33.1,38.12,192.4,134.59,25.89,53.46,33.64,42.85,14.47,205.13,141.58,41.9,40.56,124.29,16.77,62.02,37.45,18.36,30.99,11.37,12.37
2024-03-22,176.18,45.4,16.48,10.79,14.56,13.84,41.96,10.0,44.45,11.22,11.21,1566.29,203.99,32.44,37.4,189.31,130.57,25.54,52.69,32.96,42.14,14.0,201.22,137.21,41.36,39.71,120.54,16.5,61.29,38.32,18.21,30.2,11.15,12.18
2024-03-25,177.03,44.73,16.24,10.9,14.87,13.93,41.61,9.96,44.09,11.28,11.25,1579.82,200.37,30.97,37.31,188.28,132.36,25.54,52.11,32.5,41.53,13.1,197.49,137.21,41.54,39.64,120.16,16.42,60.23,36.57,18.1,30.2,11.0,12.56
2024-03-26,178.16,45.62,16.66,11.08,16.39,14.2,41.61,10.15,44.16,11.37,11.48,1600.11,205.03,31.24,38.9,189.66,137.27,25.93,52.88,33.52,41.84,13.58,198.56,138.18,42.53,39.71,121.66,16.45,59.91,36.02,19.1,31.66,11.22,12.95
2024-03-27,176.46,44.5,16.12,10.9,16.8,13.66,41.08,9.86,42.7,11.35,11.34,1557.83,198.82,29.65,37.71,186.23,140.29,25.13,50.76,32.39,40.83,12.77,190.21,133.8,40.92,38.71,118.66,16.12,59.18,34.81,18.26,30.33,10.85,12.59
2024-03-28,175.89,44.73,16.42,11.27,16.96,13.93,41.08,9.88,42.92,11.33,11.27,1562.9,200.89,30.58,37.49,185.88,142.3,25.11,51.34,32.96,41.13,12.96,193.94,133.31,41.19,38.07,118.28,16.21,59.34,35.58,18.15,30.2,10.77,12.61
2024-03-29,177.03,44.5,16.54,11.78,15.86,13.93,41.25,9.86,42.77,11.37,11.81,1522.31,204.51,31.37,37.49,187.6,138.5,25.33,50.96,32.84,42.04,12.73,193.23,130.88,40.74,38.21,116.78,16.39,60.15,36.02,17.89,29.93,10.4,12.33
2024-04-01,178.72,45.18,16.9,11.78,15.92,14.11,41.78,10.2,46.06,11.44,12.11,1518.92,205.55,31.77,38.12,194.12,137.94,25.86,52.49,33.18,43.25,13.72,207.26,132.83,41.54,39.35,118.28,16.53,62.02,37.45,18.05,30.2,10.48,12.37
2024-04-02,178.72,45.85,17.14,12.15,16.13,14.11,41.78,10.5,46.2,11.33,12.15,1437.74,203.48,32.17,38.03,195.14,136.16,25.79,52.3,33.64,42.24,13.2,209.22,131.37,41.63,39.07,118.66,16.68,62.1,37.12,18.15,30.33,10.85,11.8
2024-04-08,179.29,44.28,16.48,13.73,15.13,13.75,42.13,11.7,44.31,11.26,12.16,1353.16,194.67,30.31,37.67,195.14,127.0,25.2,49.8,32.16,41.23,12.54,201.76,129.91,40.83,38.21,113.4,16.62,62.1,37.12,17.42,29.67,10.33,11.76
2024-04-09,181.56,48.75,16.66,15.09,15.24,13.75,41.78,12.12,44.6,11.09,11.88,1351.47,197.26,30.58,38.12,195.49,129.46,25.45,50.38,33.3,41.53,12.4,200.87,130.39,40.83,38.57,115.28,16.65,63.24,36.9,17.73,29.8,10.4,11.48
2024-04-10,180.71,46.29,16.18,14.54,14.25,13.3,41.08,10.92,43.5,10.96,11.73,1282.12,199.33,29.25,37.94,194.46,123.98,25.01,48.84,32.73,40.83,12.02,197.49,126.99,39.84,37.64,113.03,16.45,63.08,35.69,17.26,28.88,10.25,10.95
2024-04-11,180.42,45.4,16.18,14.62,14.25,13.3,41.25,10.69,42.55,11.05,11.84,1258.44,196.23,29.25,37.76,195.14,123.65,25.24,49.03,32.61,41.03,12.07,203.71,125.53,40.02,38.07,112.65,16.65,62.91,35.36,17.42,29.01,10.25,11.0
2024-04-12,180.14,45.4,15.88,14.14,13.67,12.94,41.25,10.28,42.41,10.87,11.68,1200.93,190.53,28.45,37.12,192.74,121.08,24.72,48.07,32.5,40.73,11.74,198.38,123.1,39.03,36.93,111.53,16.45,62.43,34.92,17.05,28.35,9.88,10.68
2024-04-15,182.97,41.6,14.31,13.81,12.89,12.76,42.13,11.31,40.66,11.35,12.85,1207.7,187.43,26.06,36.17,193.43,120.3,24.05,47.3,31.59,39.82,10.94,210.28,121.64,39.12,36.64,108.52,17.39,60.88,33.38,16.26,27.95,9.36,10.79
2024-04-16,184.67,38.69,12.93,12.78,11.64,12.14,41.96,10.18,39.85,11.35,12.94,1195.86,180.7,23.4,35.62,189.66,115.16,23.34,45.76,31.59,38.21,9.85,213.12,117.74,39.3,35.43,105.52,17.34,58.04,30.09,15.01,27.42,8.77,11.05
2024-04-17,186.37,40.48,13.95,13.66,12.37,12.67,42.66,9.78,41.24,11.61,13.04,1200.93,184.32,25.13,36.53,193.77,118.84,24.19,47.11,32.27,39.62,10.37,229.11,119.69,41.19,37.0,108.52,17.81,59.58,31.96,16.16,28.61,9.44,11.07
2024-04-18,186.37,39.58,13.77,13.95,12.26,12.49,42.84,9.73,40.66,11.68,12.9,1163.72,180.7,25.26,36.35,195.14,116.72,23.89,46.34,32.61,39.52,10.18,230.35,119.2,40.74,36.64,106.27,17.66,59.09,32.39,15.9,28.21,9.21,10.9
2024-04-19,185.24,38.69,13.65,14.17,12.05,12.49,43.37,10.37,40.73,11.63,12.82,1133.27,181.73,24.86,36.58,194.8,117.17,23.34,45.38,32.39,39.32,10.13,229.11,116.77,41.01,36.36,104.02,17.81,58.52,31.85,15.9,27.95,8.99,10.75
2024-04-22,182.97,38.69,13.29,13.81,11.74,13.3,42.66,9.71,39.27,11.63,12.62,1131.58,180.18,24.06,36.71,194.46,119.51,23.45,45.57,33.07,38.81,10.04,221.11,117.74,40.29,36.0,104.77,16.98,58.61,31.74,15.74,27.68,8.92,10.17
2024-04-24,182.12,38.91,14.01,13.4,11.74,13.39,42.49,10.05,39.42,11.44,12.52,1106.21,184.32,25.26,36.99,186.57,119.51,23.41,44.61,32.96,39.52,10.04,221.29,116.28,40.38,35.15,102.14,16.71,58.36,32.83,16.26,27.82,8.47,9.93
2024-04-25,181.27,39.58,14.19,13.03,11.85,13.39,41.78,10.05,39.78,11.48,12.48,1107.9,183.28,24.73,37.12,186.57,120.07,23.75,45.57,32.73,39.52,10.32,216.85,117.74,40.38,35.07,102.51,16.59,59.01,33.05,15.79,27.95,8.03,10.06
2024-05-14,180.42,46.96,15.34,15.68,13.67,14.47,41.96,10.6,41.6,11.98,12.67,1261.82,202.96,25.79,38.53,194.8,122.19,27.31,50.76,37.05,41.84,10.51,224.67,132.34,39.75,36.57,112.28,17.37,63.89,34.7,17.94,33.38,11.07,12.96
2024-05-15,181.84,47.64,15.4,16.24,13.93,14.65,41.78,10.74,42.04,11.98,12.44,1307.49,205.03,26.06,38.85,194.46,123.42,27.19,51.73,37.27,41.53,10.75,217.92,132.83,40.56,36.64,113.4,17.42,63.24,35.03,18.42,33.78,11.59,13.25
2024-05-16,184.96,49.2,15.82,16.24,14.82,15.37,42.13,11.16,42.77,12.28,12.62,1383.61,210.21,26.99,40.67,196.52,127.56,27.77,53.26,37.61,41.94,11.22,218.1,137.21,42.08,37.71,117.53,17.72,64.05,34.92,19.36,35.23,12.19,13.61
2024-05-17,192.89,52.11,16.54,17.05,16.13,16.27,43.19,11.93,45.4,12.72,12.71,1522.31,223.67,27.12,43.17,200.63,136.16,28.96,58.65,39.43,42.55,11.64,220.94,149.86,44.33,39.21,128.42,17.78,64.13,35.14,20.99,38.81,11.96,14.88
2024-05-20,190.34,50.32,16.0,17.89,15.13,15.73,43.02,12.27,43.58,12.59,12.57,1552.75,216.42,26.59,41.35,202.69,130.57,28.2,55.57,38.52,42.45,12.4,218.45,145.48,42.89,38.42,122.41,17.75,64.7,35.25,19.78,40.27,11.37,14.08
2024-05-21,193.74,50.54,15.76,17.93,14.92,16.09,43.02,12.72,42.99,12.65,12.57,1554.45,216.94,25.92,41.35,200.29,130.8,28.27,56.72,39.66,42.35,11.45,213.3,144.02,42.71,38.28,123.17,17.54,64.78,34.7,21.77,43.58,11.07,13.79
2024-05-22,194.02,51.89,16.18,17.45,14.98,16.18,43.19,12.25,43.43,12.78,12.67,1589.97,220.04,26.32,41.76,203.72,131.13,28.16,57.69,39.55,42.55,11.69,213.66,145.96,43.16,38.78,127.3,17.63,65.52,35.03,23.98,42.52,11.59,13.69
2024-05-23,189.77,50.32,15.52,17.52,14.56,15.82,42.13,11.8,41.75,12.57,12.29,1617.03,214.35,25.26,40.99,200.63,126.44,27.74,55.96,38.64,41.53,10.98,206.91,141.58,41.99,37.71,123.17,17.28,63.89,34.48,26.39,40.8,11.59,13.52
2024-05-24,186.94,49.2,15.16,17.34,13.93,15.64,42.31,11.09,40.36,12.37,12.19,1520.62,208.65,24.73,39.44,199.6,120.74,27.4,53.84,38.64,41.73,10.75,204.42,137.21,40.92,37.07,119.79,17.19,63.16,33.93,23.77,39.21,11.0,13.12
2024-05-27,187.79,48.98,14.98,17.19,13.72,15.55,42.31,10.82,40.07,12.48,12.36,1500.32,206.06,24.59,38.9,198.92,120.18,27.4,54.03,38.52,41.12,10.65,209.04,134.77,40.65,36.5,118.28,17.25,63.56,33.6,23.45,39.47,10.92,13.29
2024-05-28,183.82,47.41,14.55,17.19,13.26,15.01,41.43,10.42,39.2,12.33,12.14,1441.12,200.37,23.93,37.94,195.49,116.61,27.06,52.88,38.18,40.29,10.65,207.44,131.85,39.84,35.64,115.28,16.95,62.35,32.83,21.51,38.15,10.4,13.02
2024-06-13,172.21,39.81,12.75,14.51,11.95,13.4,39.14,9.8,34.6,11.87,12.0,1304.11,176.04,19.81,35.94,180.4,105.25,25.2,48.65,34.89,36.39,8.81,200.51,106.55,37.51,30.51,98.76,15.67,56.9,29.65,17.63,36.03,9.81,12.67
2024-06-14,173.91,43.83,12.81,14.51,12.26,13.69,39.49,10.02,35.33,12.07,12.03,1343.01,176.04,19.28,36.94,181.08,106.73,25.52,49.42,35.57,36.59,8.86,200.34,106.07,37.96,30.37,99.51,15.91,57.31,29.43,18.57,36.43,10.03,13.05
2024-06-17,173.06,42.49,12.51,15.32,11.95,13.3,39.14,9.62,34.96,11.81,11.94,1293.96,178.62,18.61,36.86,180.05,105.13,25.17,49.03,35.57,36.28,8.63,195.36,104.61,37.69,30.37,96.88,15.82,56.49,29.21,18.0,36.03,10.11,12.69
2024-06-18,174.19,42.04,12.69,15.65,12.0,13.49,39.49,9.7,34.96,11.98,12.15,1273.66,190.01,19.01,37.52,180.05,106.84,25.4,48.65,35.68,36.7,8.72,201.4,104.61,37.87,30.51,95.75,16.0,56.57,29.76,17.84,36.03,10.11,12.57
2024-06-19,173.34,41.82,12.51,15.79,12.05,13.4,39.49,9.67,34.09,12.02,12.14,1263.52,184.84,19.28,37.23,177.31,111.75,25.17,48.26,36.14,36.59,8.58,196.96,102.66,37.78,30.01,94.63,15.91,56.41,29.43,17.58,35.76,9.81,12.27
2024-06-20,171.08,40.03,12.27,15.61,11.48,13.0,39.14,9.47,32.55,11.85,12.05,1219.54,195.71,21.27,37.52,174.22,113.12,24.85,47.3,34.89,35.98,8.25,186.84,99.74,36.61,29.09,91.25,15.58,55.03,28.77,16.84,35.23,9.44,11.89
2024-06-24,168.25,38.24,11.79,16.05,11.06,12.71,38.77,9.17,30.73,11.87,12.04,1182.33,197.26,25.79,36.24,171.82,110.61,23.84,45.19,33.52,34.85,7.87,185.26,99.74,35.8,28.66,88.24,15.35,53.32,27.34,16.21,34.44,8.69,11.58
2024-06-26,171.08,39.36,12.15,17.12,11.48,13.2,39.5,9.57,31.82,11.85,12.04,1216.15,198.3,21.54,36.48,175.6,112.66,24.78,47.11,34.77,36.08,8.25,187.59,103.63,36.52,29.94,91.62,15.64,55.27,28.66,16.89,35.63,7.8,11.82
2024-06-27,170.79,39.14,12.03,15.46,11.85,13.0,39.14,9.42,30.88,11.99,11.97,1184.02,193.12,20.74,36.34,172.51,110.5,24.51,45.76,35.46,35.67,8.67,182.39,101.2,36.16,29.44,89.75,15.38,54.22,28.0,16.68,35.37,8.17,11.48
2024-06-28,171.93,39.14,12.03,14.25,11.59,13.1,38.96,9.35,31.02,12.13,12.25,1172.18,200.89,21.14,36.62,172.85,109.24,24.39,45.0,36.82,35.98,8.44,185.8,99.25,36.07,28.94,88.24,15.52,54.22,28.22,16.47,35.5,8.62,11.47
2024-07-02,173.63,40.48,12.45,13.95,11.85,13.49,39.5,9.77,32.26,12.42,12.33,1206.01,198.82,22.47,37.61,175.94,110.61,25.45,47.3,37.39,36.8,8.67,185.98,102.17,36.79,30.3,92.0,15.76,58.52,28.11,17.47,36.95,8.99,12.09
2024-07-03,173.63,40.93,12.45,13.81,11.9,13.89,39.5,9.82,34.38,12.47,12.34,1211.08,194.67,23.13,37.66,175.94,109.81,26.09,48.26,36.71,36.49,8.72,183.47,104.61,36.97,30.8,93.13,15.67,59.74,28.44,17.58,37.62,8.84,12.31
2024-07-04,171.08,39.36,11.85,13.44,11.32,13.3,39.14,9.45,32.19,12.4,12.21,1173.87,189.5,22.2,36.19,173.54,105.02,25.13,46.34,34.43,35.46,8.25,178.99,101.2,36.25,29.51,89.37,15.23,58.12,27.23,16.74,36.82,8.4,11.94
2024-07-05,171.08,39.14,11.91,13.33,11.43,13.4,38.96,9.5,32.92,12.24,11.99,1163.72,192.09,22.2,36.38,173.54,105.59,24.92,45.96,34.21,35.77,8.39,179.35,100.71,36.16,29.59,89.37,15.2,60.48,27.78,16.63,36.29,8.69,11.76
2024-07-08,168.53,38.47,11.61,12.74,11.01,13.0,37.87,9.15,36.2,12.1,11.48,1128.2,186.39,22.47,35.2,169.77,98.28,24.37,44.42,33.07,34.54,8.06,173.44,96.82,35.53,29.94,82.99,14.75,58.69,26.79,16.16,35.1,8.32,11.39
2024-07-09,170.51,38.47,11.61,12.63,11.17,13.2,38.23,9.3,39.85,12.01,11.63,1134.97,191.05,22.6,35.39,172.51,97.83,24.37,43.84,33.3,34.64,8.01,175.76,95.85,35.8,29.66,82.61,14.87,58.69,26.9,16.37,35.63,8.47,11.41
2024-07-10,168.81,36.68,11.19,12.33,10.8,12.9,38.23,9.12,36.64,11.9,11.59,1124.82,183.8,21.4,34.87,172.17,96.0,23.91,43.07,33.07,33.82,7.78,173.08,94.39,35.17,29.44,82.24,14.81,58.36,26.25,16.0,35.1,8.32,11.33
2024-07-11,171.36,40.26,11.61,13.0,11.17,13.3,38.96,9.5,37.15,12.22,11.75,1151.88,186.91,22.47,35.63,176.62,98.4,24.28,44.23,33.98,35.15,8.3,176.48,98.28,35.53,30.44,85.62,15.14,59.66,27.45,16.32,35.5,8.4,11.5
2024-07-12,173.06,41.37,11.61,12.66,11.27,13.49,39.32,9.6,37.15,12.35,11.79,1175.56,194.67,22.2,36.0,178.0,99.2,24.49,45.57,35.11,35.15,8.39,174.69,99.74,35.89,31.01,87.87,15.23,59.34,27.34,16.58,36.43,8.47,12.12
2024-07-15,173.06,40.48,11.37,12.52,11.01,13.2,39.32,9.47,35.69,12.33,11.83,1155.26,189.5,22.07,35.29,178.0,95.77,23.89,44.61,34.43,34.43,8.06,172.18,97.31,35.62,30.8,85.24,15.23,57.53,26.46,16.06,35.37,8.25,12.09
2024-07-16,173.06,40.48,11.31,12.48,11.01,13.3,39.14,9.35,35.77,12.26,11.8,1170.49,187.43,22.2,35.25,176.19,96.23,23.61,44.8,34.09,34.33,8.01,172.18,97.8,35.62,30.44,85.24,15.19,57.78,26.46,16.16,35.5,8.17,12.33
2024-07-18,174.54,40.48,11.31,12.04,11.01,13.2,39.68,9.42,37.52,12.47,11.9,1207.7,187.94,23.13,35.2,177.64,96.11,23.91,45.57,34.21,34.54,7.92,171.29,99.25,35.89,30.58,87.12,15.32,59.25,26.03,16.11,35.76,8.17,12.83
2024-07-19,172.76,39.81,11.13,11.82,10.91,13.0,39.5,9.27,38.47,12.45,11.87,1194.17,186.39,22.47,34.87,178.36,94.63,23.41,44.23,33.75,34.33,7.92,173.44,98.28,35.51,30.65,84.86,15.22,60.32,26.03,15.79,35.23,8.17,12.41
2024-07-22,170.39,40.48,11.37,11.6,10.96,13.0,39.68,9.25,37.01,12.38,11.73,1180.63,184.32,22.73,34.73,176.92,94.06,23.68,44.42,33.98,34.43,8.01,170.57,97.31,35.32,30.23,84.86,15.22,55.73,25.92,15.9,34.84,8.03,12.2
2024-07-23,170.09,44.06,11.37,11.63,10.85,12.9,40.04,9.2,36.71,12.42,11.63,1158.65,189.5,22.73,34.63,175.47,93.03,23.68,44.03,33.41,34.13,7.92,167.34,96.34,35.13,30.23,83.36,15.04,55.33,25.48,15.74,34.57,8.03,12.05
2024-07-24,169.5,42.04,11.01,11.27,10.49,12.81,40.77,9.0,35.62,12.77,11.76,1124.82,183.28,23.0,34.11,173.67,89.38,23.15,43.26,33.07,33.92,7.73,166.27,93.9,34.07,29.94,80.73,14.86,54.75,24.93,15.48,34.04,7.88,11.58
2024-08-08,177.81,42.94,12.31,12.7,11.43,13.49,41.13,9.62,37.08,12.45,12.07,1170.49,200.37,22.73,40.4,184.48,98.05,24.92,46.92,33.98,35.67,8.44,170.75,99.74,35.89,32.72,85.99,15.96,59.66,29.21,16.68,35.9,8.62,12.05
2024-08-09,179.59,43.16,12.37,12.63,11.69,13.59,40.95,9.77,36.79,12.58,12.13,1214.46,201.41,22.33,44.43,185.56,103.42,25.38,47.49,34.32,35.57,8.86,169.67,101.69,36.18,32.86,89.75,15.93,59.17,32.18,17.31,36.69,8.69,12.26
2024-08-12,179.89,41.82,11.95,12.11,11.17,13.1,39.86,9.47,35.77,12.56,12.02,1163.72,192.6,24.19,40.07,184.48,98.17,24.33,45.76,33.07,35.57,8.25,167.34,97.8,35.32,32.15,85.99,15.81,58.44,35.36,17.21,35.37,8.55,11.85
2024-08-13,179.89,42.04,12.01,12.19,11.22,13.2,40.04,9.55,35.91,12.58,12.24,1155.26,195.19,22.73,37.85,186.28,95.66,24.39,46.53,33.07,35.87,8.15,168.96,97.8,35.41,32.22,84.86,15.96,58.27,38.87,16.95,35.9,8.99,11.91
2024-08-14,179.59,41.6,11.95,11.82,11.17,13.1,39.68,9.4,35.4,12.54,12.3,1146.81,195.19,22.73,37.47,184.84,94.63,24.37,45.76,32.84,35.67,8.15,167.7,96.82,35.13,32.08,84.11,15.9,57.78,35.58,17.05,36.03,8.84,11.77
2024-08-15,180.78,42.27,12.25,11.82,11.43,13.3,40.04,9.57,36.2,12.77,12.37,1168.79,201.92,22.87,37.52,186.28,96.23,24.9,47.49,33.41,35.77,8.34,166.81,98.28,35.51,32.51,86.74,16.02,57.78,32.07,17.63,36.69,9.29,11.97
2024-08-16,179.29,41.82,11.95,11.71,11.17,13.2,39.32,9.4,35.77,12.88,12.27,1150.19,198.82,22.6,36.15,184.12,94.4,24.53,46.15,32.73,35.36,8.15,161.25,96.34,34.93,31.8,83.74,15.78,57.29,28.88,17.05,36.56,9.36,11.96
2024-08-19,178.7,41.6,11.89,11.82,11.06,13.1,38.96,9.4,35.33,12.95,12.51,1150.19,195.19,22.6,35.63,184.84,94.17,24.74,46.34,32.5,35.26,8.11,162.86,96.34,34.74,31.72,82.24,15.81,57.45,28.11,16.63,36.82,8.92,12.01
2024-08-20,176.33,40.7,11.59,11.89,10.85,13.0,38.59,9.15,34.45,12.93,12.39,1128.2,191.57,22.6,34.68,182.32,91.32,24.23,45.0,31.93,34.74,7.92,158.03,94.88,34.07,31.3,81.48,15.56,56.55,27.45,16.26,35.63,8.62,11.95
2024-08-21,173.65,40.48,11.53,12.04,10.8,13.0,38.23,9.05,34.67,12.81,12.27,1107.9,195.71,22.47,35.53,181.96,92.23,24.35,45.19,31.93,34.54,8.01,158.39,93.9,33.79,31.08,80.73,15.41,55.73,27.12,16.42,36.16,8.62,12.15
2024-08-22,172.76,40.03,11.34,11.63,10.65,12.9,37.87,8.9,33.94,12.95,12.43,1094.37,199.85,22.47,35.63,179.8,90.86,24.14,44.23,32.05,34.02,7.82,153.01,91.96,33.5,30.58,79.98,15.38,54.92,26.57,16.26,35.63,8.55,12.3
2024-08-23,172.17,40.26,11.22,11.6,10.54,12.81,37.33,8.67,34.52,12.95,12.46,1084.22,205.03,22.07,34.92,180.52,89.61,24.39,44.23,32.05,33.71,7.78,154.98,91.96,32.92,30.8,78.11,15.47,54.34,26.46,16.26,35.23,8.55,12.5
2024-08-26,171.58,40.93,11.53,11.82,10.7,13.0,37.51,8.82,34.16,12.86,12.5,1104.52,201.92,22.87,35.29,181.24,90.41,24.46,45.0,32.05,34.43,7.97,157.31,92.44,33.21,31.51,78.86,15.44,54.83,27.01,16.54,35.1,8.47,12.72
2024-08-27,170.09,40.03,11.34,11.49,10.38,12.81,37.33,8.65,33.5,12.7,12.34,1067.31,195.19,22.47,34.49,181.96,88.47,24.39,43.65,31.82,34.23,7.68,153.73,88.55,32.64,30.94,75.1,15.5,55.08,26.36,16.06,34.05,8.4,12.27
2024-08-28,168.61,39.81,11.4,11.71,10.28,12.71,36.96,8.67,32.48,12.49,12.09,1052.08,195.19,22.47,34.68,181.24,88.01,24.26,43.46,31.59,34.23,7.78,152.65,87.58,32.16,30.51,74.35,15.29,57.04,26.57,15.96,31.48,8.55,11.92
2024-08-29,166.83,40.03,11.71,11.38,10.33,12.81,35.51,8.65,33.06,11.97,11.87,1055.47,193.64,22.6,34.77,182.68,88.92,24.78,43.65,31.71,34.13,7.82,154.26,88.55,32.25,30.51,74.73,15.59,55.0,27.01,15.96,31.18,8.47,12.01
2024-08-30,171.58,41.37,12.01,12.11,10.8,13.1,35.88,8.97,35.11,12.31,11.92,1143.42,201.41,22.87,36.0,183.4,91.43,25.54,45.96,32.84,34.85,8.2,157.13,93.42,33.4,31.01,79.61,15.66,56.47,27.45,16.7,32.39,8.77,12.47
2024-09-02,169.79,40.7,12.01,11.6,10.8,12.9,35.88,8.87,34.16,12.06,11.02,1085.91,196.23,22.6,35.01,180.16,89.49,25.04,45.76,32.16,34.64,8.11,148.35,91.96,32.06,31.01,77.73,15.53,55.65,27.01,16.49,30.88,8.62,11.93
2024-10-15,199.48,52.11,14.84,14.34,13.26,15.37,41.49,10.15,46.13,14.23,14.3,1556.14,302.37,27.39,42.49,192.05,111.87,31.55,58.26,45.11,39.16,10.32,179.71,130.39,38.67,37.43,118.28,18.09,67.0,34.26,24.33,35.7,8.55,14.91
2024-10-16,206.01,53.45,15.33,15.08,14.35,15.96,42.4,10.57,49.85,14.75,14.33,1691.45,309.62,27.52,45.42,194.57,116.55,33.5,60.76,46.59,39.57,10.65,180.96,140.12,39.62,38.5,130.3,19.07,68.32,35.69,26.76,37.51,8.62,15.46
2024-10-17,198.59,52.11,14.72,14.26,13.31,15.46,41.31,10.05,45.77,14.14,13.97,1557.83,297.19,26.45,42.11,189.53,111.07,31.53,57.3,45.34,38.75,10.18,175.76,130.39,38.19,37.28,119.79,18.02,66.09,34.48,28.13,35.4,8.55,14.35
2024-10-18,203.04,52.33,14.84,14.49,13.46,15.56,42.04,10.07,46.06,14.34,14.34,1584.89,326.7,27.12,43.67,193.49,113.81,32.38,58.07,44.55,39.27,10.23,180.06,130.88,38.95,37.5,121.66,18.21,66.5,35.25,27.39,35.7,8.47,14.53
2024-11-06,249.05,63.29,17.5,15.23,15.29,21.77,49.28,11.25,52.99,14.2,16.37,1606.88,442.16,41.21,46.65,201.06,135.84,42.11,65.76,55.91,42.25,14.05,202.28,154.72,42.88,43.63,150.95,20.52,70.23,39.09,29.34,39.17,11.44,16.76
2024-12-13,230.65,69.55,20.52,15.12,16.07,22.06,50.73,11.65,60.44,13.59,14.98,1422.51,463.39,43.21,46.08,203.22,150.45,37.15,74.99,55.57,45.02,16.78,186.69,147.91,42.59,42.2,147.57,19.47,88.94,44.03,25.7,39.62,11.59,14.72
2024-12-16,229.76,70.22,20.27,14.82,16.23,22.95,50.55,11.75,61.24,13.5,14.87,1392.07,443.19,43.6,45.7,200.34,145.43,36.99,77.11,54.32,45.12,16.78,184.54,145.48,42.4,40.85,142.69,19.22,97.81,43.16,25.23,39.92,12.19,14.58
2024-12-18,230.35,67.09,18.58,14.19,14.98,21.38,50.19,11.12,62.26,13.61,15.28,1376.84,450.96,39.62,44.52,195.65,142.12,36.46,67.11,50.91,43.07,16.64,182.39,148.88,41.44,40.28,139.69,18.85,85.8,41.51,23.54,38.11,12.48,14.41
2024-12-19,228.87,66.65,19.49,13.97,14.87,20.98,50.19,11.05,62.26,13.63,15.21,1337.94,463.39,40.81,44.62,194.93,141.43,35.96,64.61,50.34,42.66,16.73,183.47,142.56,41.35,39.71,136.68,18.98,80.17,41.51,23.44,37.66,13.08,14.39
2024-12-20,225.9,66.65,19.01,14.86,14.66,20.78,49.47,11.05,62.63,13.5,14.91,1322.72,461.83,40.28,44.19,193.49,140.4,36.33,64.99,50.23,43.48,17.39,181.86,142.07,40.77,38.92,137.44,18.7,80.17,41.95,23.54,37.21,12.86,14.43
2025-02-17,214.32,56.81,18.1,11.92,13.1,18.52,46.38,13.67,43.58,12.65,13.85,1299.04,366.57,39.08,40.64,180.52,120.77,36.44,54.61,46.14,42.04,16.4,177.38,124.07,38.38,35.36,120.16,17.99,72.38,37.89,22.49,30.73,12.48,13.26
2025-02-18,211.65,56.13,17.56,11.59,12.63,17.83,45.66,13.5,41.82,12.63,13.59,1271.97,344.82,37.62,39.32,179.8,116.55,35.73,52.69,44.21,41.22,15.74,195.11,119.69,37.9,34.65,116.03,18.02,68.65,36.68,21.86,29.83,11.89,12.82
2025-02-19,211.35,56.36,17.74,11.7,12.89,17.83,45.48,13.8,41.9,12.65,13.64,1293.96,345.86,37.62,39.32,179.8,116.89,36.28,53.07,44.21,41.42,15.84,214.64,120.18,37.9,34.86,116.03,18.08,69.4,36.79,21.86,29.98,11.44,12.86
2025-03-11,215.81,59.71,18.34,13.08,12.73,17.53,45.12,14.92,41.09,12.22,13.48,1256.75,349.48,38.82,39.6,177.64,124.99,34.06,51.92,48.18,42.86,17.21,205.33,118.23,36.94,34.86,113.03,17.71,70.64,39.09,21.6,29.53,10.77,12.81
2025-03-12,216.7,59.49,18.4,13.19,12.68,17.53,45.12,15.04,40.95,12.22,13.46,1258.44,344.82,39.48,39.74,176.92,126.48,33.96,51.53,47.16,43.89,17.11,204.07,117.74,36.94,35.07,112.65,17.9,70.64,39.42,21.44,29.23,10.77,12.74
2025-03-13,215.51,58.37,18.4,12.89,12.63,17.43,45.66,14.65,41.02,12.17,13.48,1243.22,337.06,38.42,39.6,177.28,132.76,33.8,51.15,47.27,43.07,16.59,202.1,116.28,36.75,34.93,111.53,17.99,70.73,38.76,21.17,29.07,10.63,12.74
2025-03-14,219.96,58.82,18.65,12.96,12.89,18.03,46.2,14.77,41.97,12.51,13.77,1275.36,341.2,38.95,40.12,179.08,132.76,34.35,52.49,47.73,43.38,16.97,205.33,119.2,37.42,35.57,114.15,18.17,73.29,38.65,21.75,29.68,10.77,12.97
2025-03-31,216.7,53.0,17.14,11.81,12.16,17.14,46.2,17.22,43.43,12.01,13.18,1192.47,377.44,38.02,39.36,177.64,122.03,34.08,50.19,43.41,41.63,17.68,186.34,117.74,35.99,35.43,104.39,17.99,76.85,35.25,20.7,29.23,10.77,12.39
2025-04-01,217.29,53.67,17.5,11.81,12.32,17.24,48.38,17.42,44.23,12.04,13.32,1202.62,374.33,37.36,40.22,179.08,126.13,34.26,50.76,43.75,42.25,16.45,190.81,122.12,36.47,36.0,105.14,18.3,76.19,35.36,21.02,29.38,10.25,12.64
2025-04-02,217.59,53.45,17.5,11.85,12.26,17.14,47.65,16.82,43.72,12.06,13.29,1190.78,365.53,37.36,39.93,179.8,123.74,34.1,50.76,43.52,41.94,15.89,189.38,119.2,36.47,35.57,105.14,18.36,75.36,35.03,20.81,29.23,9.81,12.62
2025-04-03,218.48,53.67,17.8,11.89,12.37,17.43,48.38,18.49,43.87,12.13,13.41,1207.7,360.87,37.49,40.36,181.24,124.65,34.42,51.53,43.75,42.45,15.7,191.53,122.12,36.85,36.36,107.02,18.48,77.43,35.25,20.91,29.68,10.03,13.01
2025-04-22,218.18,52.11,18.22,12.48,12.84,17.63,48.38,16.24,47.15,12.63,13.41,1214.46,332.4,34.03,39.74,173.67,124.42,34.81,53.84,42.16,40.5,14.61,187.59,122.61,37.52,35.36,111.53,18.17,82.57,33.93,23.65,29.53,9.88,13.28
2025-04-23,216.7,52.11,17.86,11.89,12.58,17.43,47.47,16.24,46.57,12.51,13.33,1195.86,332.91,34.17,39.74,172.95,125.34,35.39,52.11,42.61,40.4,14.75,192.61,119.2,36.56,35.15,109.65,18.11,79.01,33.6,21.86,29.38,10.03,13.09
2025-04-25,221.74,51.44,18.1,11.52,13.05,17.53,47.65,16.87,45.47,12.61,13.36,1192.47,323.59,34.43,39.65,173.67,121.91,34.77,52.49,41.71,44.3,14.47,199.95,119.2,36.94,35.36,110.4,18.21,77.93,33.05,25.49,29.53,9.73,12.66
2025-04-28,217.29,53.0,17.74,11.78,12.42,16.55,46.75,17.29,45.11,12.54,12.89,1155.26,319.97,33.1,38.13,172.95,117.57,35.48,49.8,40.8,42.45,14.61,189.56,113.85,35.6,34.86,102.14,17.9,76.11,32.5,22.96,28.02,9.21,12.28
2025-05-06,215.51,59.49,18.77,12.15,12.99,16.35,44.03,16.02,50.29,12.63,12.83,1155.26,334.47,36.29,39.32,172.59,121.0,36.53,50.76,41.82,42.35,14.99,186.16,115.8,34.26,33.72,104.39,17.49,77.6,34.48,23.23,28.47,10.33,12.38
2025-05-07,217.59,60.61,19.07,12.07,13.31,16.65,44.21,15.89,50.36,12.74,12.96,1167.1,339.64,36.82,39.98,174.75,122.6,36.6,51.34,42.16,42.76,15.32,189.02,116.28,34.46,34.01,105.52,17.65,77.76,34.59,24.39,28.92,10.33,12.51
2025-05-08,218.77,61.73,19.55,12.04,13.46,16.75,43.85,15.89,47.88,12.77,12.92,1163.72,344.82,37.62,39.79,174.03,126.48,37.13,51.34,42.05,42.76,15.74,192.07,116.28,34.74,33.93,105.89,17.62,78.51,35.14,23.97,29.07,10.85,12.42
2025-05-09,222.93,63.74,19.85,11.89,13.31,16.45,43.67,15.84,47.44,12.7,12.86,1146.81,333.43,38.02,39.69,172.59,125.34,38.55,50.38,41.14,42.45,15.08,192.61,114.34,34.26,33.65,102.89,17.68,76.61,34.92,24.12,28.32,11.07,12.18
2025-05-12,225.3,62.17,19.55,11.92,13.36,16.35,43.85,16.72,46.79,12.79,12.97,1158.65,334.98,38.55,39.41,172.95,124.54,37.98,50.38,41.25,42.66,15.18,199.24,114.82,34.46,33.58,104.02,17.74,76.27,35.36,23.91,28.47,11.59,12.22
2025-05-13,223.23,62.4,19.49,11.89,13.31,16.25,43.67,16.47,46.13,13.04,13.16,1160.34,336.02,38.02,39.6,172.59,124.54,39.45,50.38,41.14,42.25,15.08,204.61,115.8,34.36,33.51,104.39,17.99,76.11,34.92,23.65,28.32,12.19,12.23
2025-05-14,224.12,62.84,19.61,12.0,13.52,16.45,44.03,16.44,46.35,13.18,13.22,1165.41,341.72,37.89,39.88,173.67,123.97,39.43,50.76,40.8,42.45,15.04,205.69,116.77,34.46,33.72,105.89,18.05,76.52,34.7,23.91,28.77,11.89,12.26
2025-05-15,221.45,62.4,20.09,11.78,13.46,16.15,43.49,15.52,45.62,13.22,13.08,1148.5,337.57,37.89,39.65,172.59,125.79,39.15,50.76,40.0,42.55,14.71,202.64,116.77,34.26,33.36,104.02,17.9,75.78,34.59,24.28,28.47,11.29,12.16
2025-06-24,227.68,64.41,22.63,11.52,13.99,15.96,43.12,14.3,42.77,13.25,12.83,1074.07,352.07,40.15,40.12,165.75,131.84,44.77,50.19,40.8,42.45,14.47,195.54,109.47,33.59,31.22,105.14,18.11,72.3,36.02,23.07,27.27,10.48,11.76
2025-06-25,230.65,65.08,23.17,11.63,14.19,16.06,43.49,14.6,43.21,13.31,12.95,1087.6,354.14,39.48,40.45,166.83,133.67,44.29,50.96,41.93,42.77,14.61,196.08,109.96,33.88,31.22,107.77,18.27,72.97,36.13,23.97,27.57,10.4,11.82
2025-06-26,230.65,65.75,23.29,11.59,14.19,16.06,43.3,14.47,43.14,13.31,12.83,1080.84,350.0,39.35,39.98,166.11,133.55,43.58,50.57,41.36,43.39,14.47,193.9,108.99,33.88,31.3,106.27,18.24,73.23,36.02,23.86,27.42,10.4,11.81
2025-06-27,231.24,66.42,23.23,11.59,14.25,16.15,43.49,14.5,42.92,13.2,12.86,1080.84,346.38,39.75,39.93,166.11,134.12,42.89,50.76,41.71,43.7,14.57,213.36,108.99,33.88,31.66,106.27,18.33,73.14,36.24,23.81,27.42,10.4,11.78
2025-06-30,228.87,66.65,23.71,11.52,14.35,16.06,43.3,14.7,42.85,13.18,12.8,1085.91,333.95,40.01,39.98,166.47,132.07,43.19,50.96,41.48,44.74,14.66,214.64,109.47,33.88,31.95,105.89,18.17,73.31,36.57,23.86,27.27,10.63,11.85
2025-07-01,228.87,66.2,23.65,11.52,14.3,16.06,43.3,14.77,42.33,13.15,12.76,1074.07,330.84,39.35,39.88,167.55,132.76,43.26,50.57,42.05,44.12,16.12,219.91,108.99,33.88,31.95,105.14,18.17,73.31,37.23,23.81,27.12,10.48,11.66
2025-07-09,234.8,68.66,24.14,11.96,15.08,16.75,43.85,15.14,43.21,13.66,13.33,1106.21,329.81,43.74,41.63,173.67,142.91,42.82,54.42,42.61,44.54,15.46,202.81,111.9,35.03,33.27,109.27,18.58,74.41,38.21,32.87,28.62,10.92,12.14
2025-07-10,240.44,68.88,24.5,12.33,15.45,17.34,44.75,15.59,43.87,13.95,13.35,1143.42,337.06,48.12,42.72,178.0,146.11,47.11,57.49,43.41,45.16,15.65,203.72,116.28,35.7,34.0,118.28,18.85,75.18,38.32,36.13,29.68,11.44,12.5
2025-07-11,238.66,68.88,24.2,12.3,15.39,17.53,44.75,17.14,43.72,13.89,13.27,1143.42,336.02,52.91,42.16,175.83,144.63,45.23,57.88,42.84,44.95,15.93,204.63,116.28,35.8,33.85,116.78,18.79,75.26,38.21,37.29,30.13,11.15,12.39
2025-07-14,238.96,68.88,24.8,12.11,15.08,17.04,44.75,18.87,43.06,14.0,13.29,1126.51,329.29,51.85,41.68,175.83,143.49,44.06,56.53,42.39,45.26,15.93,201.36,114.82,35.7,33.92,113.4,18.76,75.26,38.32,33.55,29.23,10.92,12.2
2025-07-15,238.66,67.09,24.14,11.96,14.87,16.94,44.21,17.32,42.19,13.98,13.17,1116.36,325.67,49.59,41.59,172.23,137.89,45.39,57.69,41.48,43.18,15.18,199.36,112.88,35.11,34.14,111.53,18.58,74.08,37.56,36.92,28.92,10.85,12.07
2025-07-16,238.66,67.54,24.2,12.0,14.92,16.84,43.85,16.67,42.26,13.91,13.08,1109.59,324.11,44.8,41.45,171.87,137.44,43.35,57.49,42.16,43.6,15.08,197.9,112.39,35.21,34.14,110.77,18.48,75.77,37.56,36.08,28.92,10.85,11.97
2025-07-17,237.77,67.09,24.62,11.96,14.82,16.75,43.85,16.12,42.41,13.91,13.13,1109.59,325.67,43.34,41.16,173.31,136.75,43.35,56.53,41.71,43.29,14.94,199.36,111.9,35.01,34.07,110.77,18.48,75.68,37.67,34.71,28.77,10.7,12.02
2025-07-18,238.96,67.54,24.26,11.96,14.82,16.56,44.03,16.49,42.33,13.98,13.19,1111.28,324.11,42.27,41.11,173.31,137.21,43.37,56.15,41.48,43.7,14.8,199.72,112.88,35.11,34.8,110.77,18.67,76.02,37.89,33.24,28.62,10.85,12.17
2025-07-22,241.04,70.45,24.74,12.18,15.24,17.05,46.2,16.57,43.43,14.29,15.15,1133.27,323.08,47.73,41.49,183.4,137.44,44.29,59.42,43.3,45.37,14.71,214.45,115.8,36.68,40.85,114.9,19.59,80.68,38.32,32.13,29.53,10.7,12.43
2025-07-23,240.73,68.66,24.44,12.04,14.92,17.15,45.66,16.17,43.14,14.08,14.37,1136.66,321.52,45.47,41.11,181.9,137.55,43.74,60.76,42.84,44.85,14.57,205.54,114.82,36.29,37.64,114.15,19.34,81.02,37.89,31.5,29.23,10.7,12.38
2025-07-24,242.58,69.33,24.44,12.15,15.08,17.55,46.02,16.39,44.89,14.08,14.3,1151.88,324.63,45.86,41.87,187.74,138.58,43.69,63.07,43.3,45.47,14.75,206.45,116.77,36.78,37.72,116.78,19.34,84.06,38.32,31.5,29.98,10.77,12.67
2025-07-25,241.35,68.66,24.5,12.15,15.03,17.35,45.3,16.27,43.79,13.86,13.89,1146.81,324.63,45.2,41.63,184.82,139.83,43.97,62.11,42.96,44.95,14.71,205.72,115.31,36.39,36.84,115.28,19.12,84.57,38.43,30.92,29.68,10.77,12.96
