date,sh600136_daily,sh600138_daily,sh600158_daily,sz000156_daily,sz000428_daily,sz000430_daily,sz000524_daily,sz000526_daily,sz300010_daily,sz300012_daily,sz300027_daily,sz300031_daily,sz300043_daily,sz300052_daily,sz300058_daily,sz300063_daily,sz300071_daily,sz300079_daily,sz300081_daily,sz300113_daily
2023-04-21,6.08,76.47,63.44,16.25,68.04,37.52,55.15,40.16,14.53,362.67,41.85,128.29,86.59,57.98,197.15,33.51,53.34,83.71,36.84,166.49
2023-04-24,6.11,74.17,63.7,16.94,64.49,36.87,53.62,40.95,15.2,358.18,42.6,131.42,103.91,57.07,211.41,34.22,53.56,84.97,36.28,167.65
2023-04-25,5.81,72.73,60.24,16.87,61.99,35.95,51.99,40.8,14.11,363.25,42.3,140.06,98.84,59.35,223.94,34.22,51.11,82.96,35.72,169.17
2023-04-28,5.86,75.89,62.72,17.25,64.23,37.57,55.5,46.98,12.04,375.54,46.68,202.94,106.65,57.04,252.07,40.36,49.77,81.7,38.46,192.09
2023-05-08,6.33,71.28,65.27,17.87,58.17,34.61,51.3,57.01,13.18,368.71,47.89,193.48,99.26,55.8,261.33,42.48,48.77,84.47,41.1,206.47
2023-05-09,6.01,71.66,66.06,18.67,57.78,34.06,50.6,53.51,12.4,364.62,48.04,173.34,91.66,54.86,244.37,41.15,47.21,85.85,39.98,199.46
2023-05-10,6.03,71.98,66.51,18.02,57.38,33.83,50.41,56.1,12.71,359.74,47.89,167.35,89.34,55.8,245.33,40.12,47.55,85.47,39.98,198.4
2023-05-11,6.33,72.19,71.48,19.33,58.17,34.2,50.21,61.71,13.23,343.17,57.41,169.32,91.24,54.03,233.96,41.15,49.66,87.36,39.78,192.91
2023-05-12,6.38,70.21,67.95,18.58,58.31,34.01,50.31,63.39,12.97,338.3,53.48,161.29,85.75,49.54,234.54,38.39,47.32,84.22,38.76,182.39
2023-05-15,6.13,70.96,67.23,17.18,58.96,34.57,50.9,69.74,13.02,346.29,51.36,164.83,83.63,48.34,243.79,37.92,47.1,81.7,37.95,177.71
2023-05-17,6.63,69.25,64.03,16.51,57.25,33.83,49.96,61.83,12.76,359.16,47.89,183.07,80.68,49.09,225.87,36.82,46.32,79.06,36.68,176.19
2023-05-18,6.55,69.14,66.84,16.54,55.54,33.74,50.16,63.04,12.71,363.45,46.98,185.59,82.16,49.09,231.45,37.37,47.88,81.07,37.75,178.76
2023-05-19,6.23,68.71,66.58,16.49,56.07,33.83,50.55,60.42,12.55,371.83,45.47,174.9,80.89,48.87,208.52,36.27,46.32,79.31,37.34,174.44
2023-05-23,6.21,68.45,66.25,15.74,56.07,34.01,50.01,60.33,12.4,375.15,43.96,163.33,77.72,52.53,195.61,35.95,45.1,76.55,35.72,166.95
2023-05-24,6.21,66.63,64.81,15.47,54.88,33.74,48.72,59.41,11.98,369.3,44.26,171.5,78.14,51.0,196.57,36.58,45.1,76.67,36.13,167.77
2023-05-25,5.91,66.63,65.08,15.34,54.49,33.23,48.23,60.35,11.47,369.3,42.9,165.04,76.24,50.43,193.87,34.69,44.88,75.67,35.21,165.55
2023-05-26,5.71,66.79,66.45,15.41,54.62,33.69,49.47,66.38,11.31,374.77,43.36,178.51,76.45,50.11,199.46,34.93,45.43,76.3,38.31,171.4
2023-06-28,7.65,68.07,65.47,15.52,55.41,35.86,53.03,63.84,12.66,385.73,42.0,164.63,80.89,55.27,184.82,33.2,43.76,76.67,51.7,198.73
2023-06-29,8.0,66.25,65.89,15.76,54.36,35.35,51.94,64.21,12.35,384.94,42.15,172.05,80.68,55.13,186.36,33.67,43.2,76.42,53.22,202.25
2023-06-30,8.4,66.95,66.41,15.83,55.02,35.77,52.98,65.66,12.87,381.42,42.15,168.23,78.78,54.33,186.36,34.07,43.76,76.67,54.59,201.9
2023-07-03,8.7,70.8,67.59,15.78,57.52,36.69,53.97,66.23,13.02,379.47,42.45,161.84,75.19,52.74,183.66,33.83,43.43,76.05,52.72,196.62
2023-07-04,8.37,70.91,67.52,15.78,57.91,37.2,54.36,64.92,12.87,379.66,42.9,160.34,73.71,52.5,181.93,33.91,43.09,76.04,52.31,196.5
2023-07-05,8.5,69.79,67.59,15.74,56.99,36.64,53.08,63.96,13.33,374.58,41.85,159.93,72.23,51.56,182.5,33.28,42.87,74.53,50.74,190.75
2023-07-06,8.4,68.71,66.93,15.63,57.12,36.32,53.13,64.58,13.9,369.49,42.15,160.0,72.65,51.59,182.89,33.36,42.98,74.91,50.33,198.26
2023-07-07,8.42,68.98,67.0,15.61,57.65,36.41,53.32,64.01,15.04,363.82,42.0,161.84,72.65,50.38,179.42,33.04,42.98,73.78,48.45,191.81
2023-07-10,8.25,70.43,68.11,16.05,58.04,37.01,54.12,64.9,15.56,366.17,43.96,161.97,74.13,50.83,181.15,33.12,42.98,73.9,48.15,192.16
2023-07-11,8.42,70.32,66.74,15.96,57.65,36.83,54.22,63.56,14.11,366.95,43.66,157.35,73.28,51.21,175.95,33.2,44.76,74.16,48.4,190.75
2023-07-12,8.0,69.57,65.17,15.67,56.59,36.74,53.87,63.81,13.18,374.58,42.6,151.76,71.38,50.65,169.4,32.26,44.21,71.64,46.12,183.6
2023-07-13,7.83,69.52,66.08,15.98,56.73,36.41,53.42,64.85,13.23,384.55,44.87,153.13,73.92,51.43,179.23,33.67,48.1,73.28,47.59,189.11
2023-07-14,8.1,68.45,66.28,16.22,55.67,35.81,54.26,67.96,12.92,384.75,44.26,156.53,74.55,51.77,184.82,34.22,47.1,74.41,47.95,194.51
2023-07-17,7.85,68.77,65.95,16.32,55.54,35.49,51.74,68.18,12.97,387.1,44.57,154.15,73.07,50.97,178.84,33.44,45.54,74.53,47.14,186.29
2023-07-18,7.8,68.5,64.06,16.16,55.67,35.03,50.75,68.43,13.49,380.25,43.96,150.95,72.23,50.32,174.41,33.12,44.88,73.65,46.83,184.89
2023-07-19,7.85,68.39,64.64,16.45,55.41,34.94,50.95,71.08,13.33,378.49,43.81,149.79,72.44,50.51,177.69,33.59,45.1,74.16,47.29,187.35
2023-07-20,7.75,68.13,63.92,16.22,56.46,35.03,51.05,78.19,13.49,387.68,43.36,146.46,71.6,49.3,174.6,33.91,43.98,73.4,46.53,182.66
2023-07-21,7.35,68.45,64.12,16.25,57.91,35.49,51.25,71.97,13.13,390.42,44.26,146.12,72.44,49.36,170.75,33.51,45.43,72.9,46.12,187.23
2023-07-24,7.03,68.13,65.17,16.25,58.04,35.58,51.25,69.0,12.66,384.75,43.81,148.23,71.81,49.44,172.1,33.83,45.1,73.65,47.08,188.52
2023-07-25,6.98,70.11,67.72,16.36,60.15,36.0,53.13,69.07,12.81,390.42,44.41,149.18,74.34,50.38,176.53,34.22,45.65,74.79,48.1,189.23
2023-08-10,7.15,72.19,64.84,16.27,58.83,35.31,54.02,66.7,12.14,391.2,46.08,141.56,76.66,49.28,165.93,34.38,46.1,73.65,44.4,176.56
2023-08-11,7.3,71.66,62.94,15.94,58.96,36.32,53.62,65.71,11.67,381.42,44.72,138.83,74.13,48.25,162.85,33.12,44.88,71.51,42.87,173.27
2023-08-14,7.25,73.16,63.47,16.07,64.89,37.84,54.07,67.3,11.93,378.49,46.38,143.33,75.82,49.28,169.4,33.12,45.43,72.02,44.09,180.43
2023-08-15,7.2,70.96,62.23,15.83,63.18,37.24,53.42,66.68,12.14,373.6,45.62,140.2,74.55,48.44,165.54,32.41,44.32,70.0,43.28,175.15
2023-08-16,7.3,69.79,61.96,15.54,65.81,36.37,51.69,65.79,12.71,365.58,45.32,135.98,74.97,47.64,161.69,31.71,43.87,69.88,42.16,170.34
2023-08-17,7.33,70.21,62.62,15.67,64.49,35.77,51.99,67.22,12.55,374.19,45.32,138.83,75.61,48.04,163.04,32.49,44.32,70.0,42.62,173.51
2023-08-18,7.18,67.86,60.26,15.43,61.73,34.34,50.36,65.69,12.55,377.71,44.41,133.05,72.02,46.48,156.1,31.55,42.65,67.86,41.1,165.76
2023-08-21,7.03,66.47,59.81,15.41,61.46,34.29,49.86,66.23,12.76,386.51,44.11,132.78,72.44,46.35,156.87,31.55,42.43,67.48,41.1,167.88
2023-08-22,7.05,65.72,60.72,15.63,60.81,34.29,49.66,67.72,12.61,375.95,45.02,136.18,73.92,47.02,161.88,32.1,42.98,69.25,42.47,172.22
2023-08-23,6.95,64.59,60.26,15.51,62.78,33.32,48.28,64.53,12.24,380.84,43.66,134.07,71.81,46.02,163.23,31.71,42.09,68.24,41.45,169.64
2023-08-24,6.95,64.81,60.72,15.81,63.31,33.69,48.38,64.8,12.19,383.38,45.32,135.5,73.92,46.11,174.22,32.02,42.2,69.12,41.76,171.28
2023-08-25,7.0,64.17,59.41,15.44,63.18,33.41,47.04,62.7,11.88,391.59,44.87,129.31,70.54,43.61,163.42,31.08,39.42,64.46,39.73,163.3
2023-08-28,6.9,65.13,59.74,15.81,61.33,33.6,47.59,63.98,12.09,385.53,45.62,129.37,70.12,44.25,168.05,31.63,40.2,64.46,39.58,166.82
2023-08-29,7.03,66.57,62.09,16.26,64.1,34.43,48.03,66.36,12.35,387.49,46.83,138.56,72.65,45.84,176.91,32.73,41.2,68.24,41.4,173.51
2023-08-30,7.38,66.63,62.29,16.34,65.41,34.24,47.69,68.68,12.76,385.53,46.83,140.67,73.07,46.62,177.11,33.44,42.76,69.37,42.16,180.9
2023-08-31,7.4,66.31,61.44,16.23,67.39,34.11,47.24,67.3,12.61,380.45,46.23,137.61,72.23,46.05,171.71,32.65,42.09,68.87,41.5,175.38
2023-09-01,7.78,67.64,63.08,16.47,66.07,34.43,47.88,69.42,12.81,372.82,46.23,134.55,71.38,46.37,168.82,32.49,42.09,68.36,41.1,171.28
2023-09-04,8.17,68.77,63.34,16.21,66.99,35.07,48.92,71.5,12.92,374.38,48.04,135.64,73.28,46.75,169.78,32.96,42.87,69.37,42.01,172.45
2023-09-05,7.78,68.39,63.01,15.81,65.28,35.07,48.77,70.68,12.55,375.75,47.44,140.88,73.92,48.42,164.77,32.49,42.43,69.62,44.7,169.64
2023-09-06,7.38,67.8,62.42,15.12,64.36,35.26,48.58,68.9,12.5,368.71,46.98,142.78,72.23,47.34,159.38,32.96,42.65,71.01,45.26,164.71
2023-09-07,7.3,67.16,63.08,14.86,65.28,35.21,48.92,69.1,12.66,364.6,46.38,134.07,79.62,48.93,157.07,32.33,42.54,69.37,44.04,169.87
2023-09-08,7.43,67.54,62.16,14.51,68.18,35.44,48.23,68.46,12.35,362.84,46.83,124.54,75.61,48.09,146.85,32.1,42.43,72.77,42.77,161.07
2023-09-18,7.25,68.77,63.01,15.05,73.57,36.23,49.07,65.49,12.87,364.6,48.95,115.63,72.02,46.19,144.73,31.39,40.98,71.51,41.55,153.68
2023-09-19,7.28,67.75,60.79,14.88,69.76,35.26,47.59,64.53,12.76,362.25,47.44,113.93,70.54,45.3,141.65,31.0,39.98,75.54,42.21,150.75
2023-09-20,7.45,65.66,58.76,14.88,64.1,33.55,45.36,64.28,12.55,361.86,45.62,112.63,70.33,45.03,140.88,30.76,39.75,73.4,40.69,150.4
2023-09-21,7.35,64.33,59.55,14.62,61.99,32.81,44.47,63.49,12.5,360.69,44.87,112.36,69.27,44.71,140.68,30.45,39.86,75.92,40.49,149.69
2023-09-22,7.38,65.13,59.48,15.01,63.04,33.27,45.21,65.15,12.66,361.47,46.08,121.48,71.38,46.02,148.59,31.31,41.09,76.93,41.66,156.14
2023-09-25,7.23,64.33,57.0,14.81,61.99,32.91,44.47,65.12,12.35,361.67,47.59,119.51,69.91,45.59,146.27,31.55,40.31,77.81,42.87,154.38
2023-09-26,7.13,64.38,56.6,14.68,60.41,32.81,44.37,65.1,12.45,364.8,47.44,121.0,69.69,45.89,148.59,31.23,40.2,74.28,42.26,155.79
2023-09-27,6.93,64.49,57.0,14.43,58.57,32.77,44.12,66.63,12.24,370.47,46.98,122.43,69.48,45.81,148.78,31.31,39.98,73.9,41.76,156.5
2023-10-20,6.13,55.55,53.07,13.24,51.2,29.49,39.77,80.32,12.04,309.25,37.77,113.04,64.63,49.71,134.9,34.07,37.64,68.49,42.77,156.73
2023-10-23,5.83,54.37,51.57,12.96,50.15,28.8,38.98,78.27,11.67,300.05,36.71,108.82,68.85,48.87,130.28,35.4,36.19,65.72,39.73,146.06
2023-10-24,5.66,54.91,53.27,13.41,51.33,29.44,40.17,86.1,11.78,297.71,37.47,111.07,69.27,48.79,134.13,37.45,38.31,67.23,40.18,148.87
2023-10-25,5.76,55.6,54.12,13.35,52.65,30.46,41.01,94.7,11.88,289.88,37.77,111.75,69.91,50.97,134.32,37.21,38.97,68.99,42.26,158.14
2023-10-26,6.06,55.71,54.19,13.44,52.51,30.51,40.96,94.8,11.67,289.69,37.62,110.45,69.91,50.51,135.48,35.56,38.31,69.62,42.01,167.52
2023-10-27,5.98,57.1,54.71,13.57,52.91,30.74,42.05,93.66,11.78,294.38,37.92,107.66,72.65,49.03,134.32,35.32,38.19,68.99,41.15,164.0
2023-10-30,5.88,57.64,54.58,13.59,52.78,30.78,42.59,95.32,11.93,294.77,39.13,108.96,73.5,50.08,138.37,42.4,39.98,70.63,42.82,168.93
2023-10-31,5.98,57.05,54.45,13.56,52.25,30.74,42.44,93.2,12.09,296.14,38.83,109.57,74.13,49.73,137.02,42.17,40.09,70.13,43.18,173.62
2023-11-01,5.91,56.57,54.45,13.57,52.25,30.74,42.19,93.94,12.09,294.77,38.98,112.29,75.19,49.68,136.83,40.12,39.98,69.62,42.92,171.86
2023-11-02,5.96,55.98,54.38,13.78,51.86,30.41,41.85,90.58,12.5,293.6,39.58,121.82,77.93,51.51,143.77,48.15,40.53,69.75,43.43,170.69
2023-11-03,5.91,56.51,54.9,13.8,52.25,30.78,42.05,90.18,12.81,294.19,39.88,119.17,76.24,50.78,142.61,45.63,40.53,71.01,43.68,171.4
2023-11-06,5.93,57.32,55.75,14.23,53.17,31.06,42.64,91.56,13.23,298.49,41.7,125.43,79.83,54.11,147.24,50.35,41.87,73.28,45.21,176.32
2023-11-07,6.06,56.89,55.69,14.3,53.04,31.2,42.24,91.76,13.85,295.36,41.7,124.34,79.62,54.17,148.78,60.42,42.09,74.28,46.17,178.43
2023-11-08,6.06,56.73,55.75,14.53,53.44,31.2,42.05,91.91,14.84,295.75,43.21,131.01,83.0,57.77,154.17,68.21,42.87,75.42,47.59,185.94
2023-11-09,6.16,56.25,55.04,14.38,52.78,30.97,41.8,89.98,14.06,314.92,41.54,129.37,80.47,53.79,150.71,56.41,41.76,74.79,47.14,190.28
2023-11-10,6.31,55.98,54.25,14.17,52.65,30.69,41.55,86.62,15.2,320.79,40.94,126.65,78.99,54.65,147.24,54.05,41.53,74.03,49.32,182.42
2023-11-13,6.16,56.62,54.97,14.36,53.3,31.11,42.15,86.45,15.25,323.72,41.09,127.88,79.83,54.06,151.48,51.29,42.2,75.16,53.48,187.47
2023-11-14,6.18,56.99,55.43,14.25,53.3,31.29,42.19,86.89,15.67,320.79,40.94,131.14,79.83,55.43,154.17,51.69,42.43,76.42,55.3,193.22
2023-11-15,6.08,57.16,55.17,14.23,53.44,31.34,42.15,84.77,15.56,328.61,40.64,128.83,78.99,54.17,151.09,50.51,42.2,75.92,52.36,187.94
2023-11-16,5.93,57.9,55.1,14.34,53.17,31.38,42.29,84.22,14.01,331.35,40.79,128.56,81.73,53.63,155.91,57.9,45.54,75.79,51.9,188.64
2023-11-17,5.96,57.42,55.82,14.53,53.44,31.29,42.1,84.42,14.21,322.55,40.94,127.95,81.94,53.17,156.1,59.0,44.65,76.67,51.14,186.41
2023-11-20,5.98,58.23,56.28,14.56,54.49,31.66,42.49,86.89,13.85,322.94,41.24,130.6,82.37,53.52,154.37,60.03,44.21,77.43,51.3,185.82
2023-11-21,5.98,58.01,56.28,14.83,54.88,31.75,42.69,87.31,13.64,318.44,41.85,131.76,82.79,53.55,157.26,66.71,44.1,76.67,50.38,184.89
2023-11-22,5.93,57.74,56.15,15.14,55.15,31.94,42.79,85.36,13.49,312.96,42.6,126.45,82.16,54.84,163.62,64.51,44.21,75.92,49.93,182.77
2023-11-23,6.06,57.85,55.82,14.9,55.15,31.84,42.99,87.31,13.49,315.31,41.7,126.65,81.52,51.8,157.45,59.71,43.65,76.3,50.43,183.01
2023-11-24,6.06,58.07,55.23,14.84,55.8,31.89,42.64,85.86,13.7,309.05,41.54,121.96,80.25,50.65,151.67,58.93,42.98,74.41,49.72,179.26
2023-11-27,6.01,58.39,54.51,14.62,54.88,31.66,42.74,91.59,13.7,311.79,40.79,120.19,80.25,50.24,145.89,52.47,42.2,75.16,48.91,177.96
2023-11-28,5.98,58.23,55.56,14.6,56.86,31.89,43.18,95.77,13.49,313.35,40.64,122.91,79.83,50.43,146.08,52.63,42.43,75.29,50.43,177.14
2023-11-29,5.91,57.21,54.71,14.41,58.31,31.66,42.89,95.99,13.23,311.59,39.88,121.28,79.2,49.2,143.96,51.61,42.2,74.16,47.74,175.85
2023-12-08,5.88,57.96,55.23,14.97,55.94,30.14,42.39,115.41,13.75,295.16,43.36,136.38,84.27,50.65,159.76,52.4,43.32,77.81,54.85,187.0
2023-12-11,5.61,57.85,55.56,15.25,55.94,30.23,42.19,125.25,13.7,299.47,44.72,149.59,85.53,51.77,164.97,55.78,44.43,78.69,56.52,189.93
2023-12-12,5.88,58.44,56.47,15.52,57.65,31.01,43.48,125.67,14.11,301.62,44.26,148.09,86.17,51.94,163.23,54.68,44.32,78.06,56.12,187.82
2023-12-13,5.63,57.42,55.89,15.4,56.59,30.83,42.89,138.25,14.11,294.58,43.21,147.07,84.69,51.0,158.41,53.1,43.98,76.93,54.24,184.18
2023-12-14,5.71,57.8,56.41,15.55,57.38,31.11,47.19,131.85,14.06,293.6,42.9,144.96,84.27,50.4,158.22,51.92,43.76,75.79,52.56,183.01
2023-12-15,5.88,58.23,55.95,15.7,57.12,31.52,51.89,133.43,14.63,284.6,43.66,146.8,85.75,51.0,165.93,53.1,44.21,75.29,53.63,187.94
2023-12-18,5.86,56.08,54.25,15.48,55.02,30.78,47.93,126.29,14.99,280.3,42.3,145.57,83.84,49.44,159.76,56.88,43.2,72.9,51.45,180.19
2023-12-19,5.73,56.83,54.58,15.48,56.2,31.57,46.7,128.83,14.06,280.3,42.6,153.53,84.69,50.16,163.62,58.45,43.54,73.9,55.76,184.07
2023-12-20,5.56,55.5,52.94,15.16,54.36,30.14,44.87,126.16,14.27,277.36,41.09,152.45,83.21,49.73,156.49,55.23,44.88,72.39,56.17,177.38
2023-12-21,5.36,56.19,53.01,15.14,55.15,30.64,44.62,127.28,13.38,277.17,41.54,154.83,84.27,50.11,160.53,62.94,44.21,72.77,55.71,181.6
2023-12-22,5.18,55.66,51.11,14.38,53.7,29.81,42.94,121.59,13.02,273.26,39.43,130.06,76.66,45.78,140.11,60.42,40.87,69.12,50.84,162.6
2023-12-25,5.38,55.23,49.81,14.17,52.65,29.08,42.49,123.84,13.9,272.28,39.28,126.86,75.61,45.14,137.22,61.13,38.42,68.87,51.9,164.24
2023-12-27,5.43,55.34,49.15,13.8,52.51,28.84,41.7,121.49,14.57,267.19,38.22,118.28,73.71,44.65,132.98,53.97,36.75,69.75,52.26,161.42
2023-12-28,5.66,56.35,50.46,13.76,53.7,29.44,43.53,118.63,14.57,274.04,39.13,117.74,74.34,44.92,134.32,54.05,37.19,70.0,54.69,161.42
2024-01-02,5.66,57.32,51.38,13.93,54.23,30.69,44.77,123.32,14.9,274.43,39.43,124.0,78.78,45.49,136.83,53.34,38.64,71.01,57.33,162.95
2024-01-03,5.61,58.12,51.7,14.13,54.62,31.01,46.35,123.57,14.18,274.62,38.67,123.59,79.41,45.62,136.64,52.32,38.31,70.38,57.59,164.12
2024-01-04,5.61,58.28,51.96,14.23,55.02,31.75,46.35,121.49,14.29,274.43,37.92,121.55,78.99,45.73,134.52,48.86,38.19,69.25,53.43,163.42
2024-01-05,5.51,57.05,51.18,13.99,53.83,31.34,45.26,119.79,13.79,274.04,37.31,115.01,77.3,44.6,131.05,45.47,37.08,67.61,50.69,159.9
2024-01-08,5.36,56.78,50.33,13.72,53.57,31.06,44.96,119.86,13.52,265.63,36.56,112.36,76.88,44.09,129.89,45.63,36.3,66.1,48.4,157.32
2024-01-09,5.41,58.76,50.79,13.72,56.07,31.89,45.95,118.55,13.85,267.97,37.01,113.18,77.09,44.14,130.08,46.65,37.19,66.22,48.2,156.03
2024-01-10,5.33,57.74,50.39,13.39,57.65,31.71,45.46,114.82,13.79,266.21,36.11,112.02,74.34,43.31,125.84,44.29,36.3,64.59,43.84,152.74
2024-01-11,5.31,57.69,50.0,13.72,56.07,31.61,46.55,118.25,14.07,264.06,37.01,116.24,76.03,44.17,129.89,46.5,37.19,66.22,45.11,158.14
2024-01-12,5.28,57.1,49.09,13.54,54.09,31.29,45.16,119.86,13.57,256.83,36.71,113.25,74.34,43.28,127.19,44.69,36.3,64.97,43.68,155.21
2024-01-15,5.28,58.92,49.22,13.63,55.02,32.17,46.7,120.7,13.68,249.2,36.41,113.38,73.92,43.07,132.4,45.16,35.97,64.59,42.67,155.68
2024-01-16,5.21,59.03,48.24,13.39,60.54,32.68,47.04,117.83,13.85,240.59,36.11,111.75,72.86,42.26,132.78,44.29,35.63,63.83,43.23,153.92
2024-01-17,5.01,56.94,49.02,13.09,58.57,31.66,44.77,113.86,13.41,232.77,35.2,108.28,71.38,40.95,129.31,43.51,34.63,62.32,41.05,150.87
2024-01-18,4.78,56.08,49.74,12.86,57.25,30.97,43.93,110.49,13.02,222.01,35.2,112.29,70.96,40.87,133.75,43.9,34.63,62.07,49.27,150.87
2024-01-19,4.81,57.8,48.5,13.0,58.44,32.26,44.92,108.54,12.8,221.23,35.05,114.67,72.02,40.84,132.4,42.48,34.3,61.06,50.64,150.51
2024-01-22,4.56,54.37,45.88,12.1,52.65,29.54,40.51,99.72,12.19,225.92,32.78,109.03,66.53,37.96,122.57,40.67,32.07,57.03,47.49,140.19
2024-01-23,4.74,54.43,47.13,12.34,50.41,29.31,40.27,99.23,12.36,228.46,33.54,114.67,68.64,38.69,126.23,40.67,32.07,57.79,48.2,143.47
2024-01-24,4.88,55.5,49.02,12.64,51.72,29.12,41.25,100.93,12.8,251.15,33.99,111.68,69.48,38.77,127.0,41.15,32.85,58.42,46.32,144.3
2024-01-25,4.96,61.06,52.88,13.39,52.78,30.32,43.28,111.01,12.74,263.08,35.05,113.79,70.96,39.95,130.86,42.17,34.41,60.56,46.73,147.58
2024-01-26,5.03,60.53,52.81,13.48,52.38,30.46,43.68,113.39,12.86,246.07,35.2,115.36,71.6,46.54,130.28,42.25,34.74,59.68,45.21,147.23
2024-01-29,4.78,60.15,51.9,13.24,50.15,29.12,41.95,112.3,12.25,236.29,33.99,104.67,67.79,44.28,124.69,39.89,33.18,57.54,41.25,141.95
2024-01-30,4.54,59.3,50.07,12.75,47.12,27.92,40.27,106.47,11.97,229.25,32.78,99.09,64.84,42.64,121.99,38.08,31.62,56.15,39.58,135.5
2024-01-31,4.76,55.12,50.39,12.51,42.51,25.38,37.79,109.41,10.98,229.64,30.97,93.51,61.04,39.39,115.25,36.19,30.07,52.63,36.73,127.75
2024-02-01,4.51,53.94,48.24,12.25,41.33,24.28,36.11,107.01,10.98,222.4,30.06,94.46,59.35,38.04,115.63,35.4,29.29,51.62,35.41,125.53
2024-02-02,4.29,53.68,48.17,12.01,40.41,23.91,35.62,115.71,10.54,216.92,29.01,92.56,56.39,38.96,113.13,34.14,27.73,49.23,33.94,120.25
2024-02-05,4.06,49.5,43.34,11.03,36.33,21.55,32.05,127.28,9.49,226.31,26.59,81.46,47.94,34.39,101.95,29.03,23.72,43.44,29.48,105.58
2024-02-06,3.86,51.8,46.28,11.74,36.46,21.6,31.86,124.88,9.77,257.02,28.55,85.21,49.21,35.09,112.93,29.19,23.27,47.34,30.09,112.15
2024-02-07,3.66,53.52,47.52,12.9,35.27,20.77,31.16,128.14,9.54,266.8,29.61,84.39,46.89,33.13,120.45,26.67,20.27,49.1,29.33,115.08
2024-02-08,3.81,55.44,49.02,13.33,38.56,22.11,33.88,131.38,10.15,261.91,31.27,91.81,51.53,35.87,123.53,28.95,23.94,56.15,33.44,124.35
2024-02-19,4.01,55.01,49.68,13.24,39.48,22.66,35.52,140.6,11.97,257.02,30.67,96.91,54.28,37.83,137.6,33.59,27.06,64.34,38.51,132.1
2024-02-20,4.16,54.1,50.13,13.29,39.62,22.84,35.07,141.81,11.86,256.04,30.67,95.82,56.6,38.96,136.83,38.71,27.73,64.59,36.94,132.68
2024-02-21,4.34,54.43,51.24,13.26,40.93,23.44,35.37,138.4,12.69,257.02,31.12,96.5,58.08,39.25,135.87,37.21,28.62,63.08,36.68,133.5
2024-02-22,4.21,54.85,51.38,13.35,41.99,25.8,36.46,130.96,12.63,258.19,31.12,99.09,59.35,40.54,137.41,38.55,30.07,63.96,37.8,139.6
2024-02-23,4.31,54.96,53.01,13.56,43.43,26.03,37.25,129.5,12.52,258.0,32.78,102.7,62.3,41.65,141.07,40.91,31.74,66.98,39.47,144.3
2024-02-26,4.49,55.01,52.36,13.41,43.83,25.8,37.25,142.45,12.8,255.26,32.33,105.49,62.94,41.59,139.33,40.2,32.63,64.46,39.83,142.54
2024-02-27,4.51,56.14,53.47,13.82,45.28,26.17,37.99,153.67,12.91,257.02,33.54,110.52,64.84,43.5,147.04,41.62,32.63,65.97,41.0,150.75
2024-02-28,4.34,54.43,51.18,13.33,41.85,25.29,35.71,151.54,12.63,250.37,36.71,104.13,59.98,41.35,136.06,38.79,29.95,61.06,36.78,140.19
2024-02-29,4.39,55.66,52.75,13.76,43.17,25.8,36.56,155.6,12.86,257.8,36.86,108.62,62.3,42.88,142.23,40.83,31.96,63.83,38.61,146.29
2024-03-01,4.41,55.34,52.94,13.91,43.43,25.84,36.8,149.07,12.58,257.02,36.11,108.21,63.99,43.55,144.73,41.46,33.41,64.71,39.88,149.93
2024-03-04,4.59,54.69,52.94,13.93,43.04,25.89,36.85,161.95,12.14,257.41,36.41,107.66,63.57,44.17,146.85,40.83,32.96,64.84,42.52,153.21
2024-03-05,4.61,54.91,52.62,13.89,42.38,26.4,36.7,158.98,11.75,252.52,35.05,104.94,61.25,42.93,142.42,40.67,31.51,63.96,40.54,149.69
2024-03-06,4.81,54.91,52.42,13.72,42.64,26.63,40.36,159.16,12.36,248.22,34.44,104.87,61.67,42.77,140.68,39.89,31.51,63.58,40.49,148.17
2024-03-07,4.61,56.08,51.7,13.44,44.09,28.01,41.85,155.82,12.03,241.18,33.54,100.93,60.19,42.61,135.48,38.47,30.84,61.82,38.81,143.12
2024-03-08,4.59,55.76,51.77,13.54,42.77,27.14,39.33,153.5,12.3,240.59,33.69,102.15,60.61,42.99,138.37,38.86,31.29,62.7,39.32,145.7
2024-03-11,4.56,56.19,52.22,13.76,43.04,27.23,39.18,153.2,12.69,247.83,34.44,104.67,62.3,43.88,141.45,39.1,32.07,63.33,40.03,147.58
2024-03-12,4.61,57.53,53.4,13.59,44.62,27.64,40.91,153.15,12.97,252.33,34.6,105.55,63.99,44.2,142.42,41.22,32.4,63.83,40.64,148.64
2024-03-13,4.56,57.42,53.86,13.87,43.96,27.32,40.76,149.25,13.35,250.96,35.2,110.59,66.53,45.14,144.92,41.54,33.41,65.6,41.4,153.33
2024-03-14,4.54,57.8,53.47,13.57,44.35,27.46,41.06,149.02,13.63,257.8,34.44,107.26,64.41,43.79,141.65,40.44,34.52,63.96,40.84,149.93
2024-03-15,4.61,58.49,53.99,13.69,45.01,27.6,40.91,147.32,13.9,255.85,34.9,107.6,65.05,44.87,141.45,40.75,33.63,64.21,42.97,151.33
2024-03-18,4.59,58.65,54.51,13.89,45.54,27.97,45.01,151.17,13.9,258.98,36.41,110.25,66.32,45.68,144.92,42.48,33.96,65.47,43.33,154.27
2024-03-19,4.61,57.69,53.79,13.85,45.67,27.97,43.63,147.86,13.57,254.87,35.8,109.64,66.1,45.16,142.61,41.7,33.63,65.22,42.67,156.97
2024-03-20,4.59,58.33,55.3,14.27,46.59,28.75,44.72,156.19,13.9,259.17,36.86,111.61,68.22,45.62,149.36,43.43,35.52,67.36,43.23,155.68
2024-03-21,4.41,58.97,55.56,14.41,47.78,29.95,46.25,153.64,13.96,259.95,37.31,111.48,68.85,45.76,152.83,49.56,35.97,67.86,43.63,155.44
2024-03-22,4.34,57.9,55.95,15.85,47.12,30.23,44.27,148.41,14.95,249.39,37.77,109.91,69.06,45.54,158.8,47.91,36.41,68.11,42.97,156.26
2024-03-25,4.34,56.67,54.9,15.4,45.28,28.94,43.09,142.72,14.62,245.09,35.5,104.74,66.1,43.45,147.81,44.76,39.08,64.34,40.54,148.87
2024-03-26,4.31,56.83,54.19,16.06,45.54,29.03,42.84,145.02,14.84,256.04,34.75,100.59,65.47,42.53,142.42,46.34,38.97,62.7,38.81,145.35
2024-03-27,4.09,55.66,52.22,14.99,44.49,28.15,43.58,139.68,14.23,239.03,32.93,93.99,62.09,40.03,134.52,42.48,34.63,59.05,35.62,135.73
2024-03-28,4.11,56.51,53.07,16.15,44.88,28.52,46.15,144.18,14.57,246.46,33.84,98.27,64.2,41.62,138.95,43.19,36.08,62.32,37.39,141.01
2024-03-29,4.16,57.53,54.19,15.74,45.14,29.44,46.0,150.31,15.23,249.98,33.84,97.18,63.78,41.4,137.6,41.46,35.08,61.94,37.39,139.84
2024-04-01,3.96,58.49,55.43,15.61,46.33,29.72,45.95,150.7,15.39,257.61,34.6,101.68,66.1,42.67,141.65,45.47,35.3,63.08,38.46,146.52
2024-04-02,3.86,58.55,55.56,14.92,47.25,31.66,46.3,150.01,14.9,258.78,33.69,98.61,64.63,41.56,137.22,43.74,34.63,61.69,37.34,139.6
2024-04-08,3.91,57.58,54.38,14.06,46.46,30.32,44.47,149.89,14.18,246.07,32.33,90.99,60.82,39.71,128.74,39.42,32.07,59.05,35.11,131.98
2024-04-09,3.86,59.99,54.58,13.87,47.64,32.21,44.82,142.97,13.85,245.48,32.78,93.24,62.09,40.44,130.28,39.89,32.4,59.93,35.82,135.85
2024-04-10,3.71,60.1,54.84,13.41,48.57,31.98,45.11,139.16,13.68,237.46,31.72,89.29,60.19,38.82,124.69,37.68,32.74,60.56,34.6,131.04
2024-04-11,3.71,61.81,55.56,13.93,53.44,32.91,45.76,141.98,14.01,234.72,31.88,89.63,61.04,38.85,126.04,38.39,33.52,72.65,34.76,132.21
2024-04-12,3.76,61.33,53.47,13.24,56.07,33.69,47.78,144.7,14.18,225.72,31.27,87.66,59.98,37.83,123.72,36.98,32.18,64.21,34.25,130.1
2024-04-15,3.56,60.69,54.12,13.46,50.41,30.32,44.07,143.27,13.52,235.5,30.06,84.05,55.97,35.9,120.64,34.69,29.62,57.92,31.66,125.64
2024-04-16,3.39,60.63,51.77,12.98,45.41,27.28,39.67,134.47,12.41,226.9,27.65,78.81,51.32,32.97,114.28,30.6,25.72,51.75,29.12,119.07
2024-04-17,3.24,64.54,54.45,13.54,44.49,27.46,41.01,147.91,13.57,236.68,29.61,83.44,56.6,35.14,123.34,33.83,28.73,57.79,31.36,125.64
2024-04-18,3.09,63.04,54.9,13.61,43.17,27.55,45.11,151.84,13.41,237.85,29.16,83.98,54.7,34.69,121.41,33.28,27.73,55.4,30.75,125.64
2024-04-19,2.94,63.63,54.45,13.67,42.38,26.58,46.0,153.2,13.68,229.83,28.85,81.87,54.28,34.01,119.1,32.49,28.17,54.01,30.14,121.19
2024-04-22,2.79,64.97,54.71,13.09,44.75,29.26,47.83,159.9,13.96,233.16,28.4,82.21,53.64,34.12,115.82,32.33,27.17,53.38,30.54,120.83
2024-04-24,3.09,61.44,56.41,13.37,42.77,29.86,48.92,166.22,14.34,244.89,28.85,85.95,56.81,35.28,121.22,34.22,28.51,55.77,31.61,125.17
2024-04-25,3.24,61.12,56.02,13.28,43.56,29.35,53.82,163.11,14.62,237.27,28.7,85.68,56.39,34.82,120.26,33.83,28.62,55.65,31.1,124.35
2024-05-14,4.19,55.34,60.4,13.44,41.59,30.41,45.01,163.85,14.9,243.13,29.61,102.49,53.64,39.17,124.11,37.53,28.84,56.91,31.2,134.68
2024-05-15,4.16,55.34,60.53,13.33,41.46,29.68,45.46,161.08,14.95,237.46,30.21,99.36,59.56,37.05,121.03,36.43,28.51,56.15,30.54,131.27
2024-05-16,4.36,56.01,59.74,13.61,42.12,29.86,48.03,156.81,15.06,237.07,30.52,97.8,66.32,36.19,121.03,36.82,29.17,56.91,30.95,131.98
2024-05-17,4.29,56.66,61.64,13.69,42.25,29.86,48.38,154.95,15.17,239.42,30.82,97.8,61.25,35.95,121.03,36.58,29.17,57.79,31.25,132.92
2024-05-20,4.19,57.36,60.59,13.76,42.77,31.24,49.81,154.78,16.11,242.16,29.46,97.46,57.66,36.84,120.64,36.35,28.51,57.41,31.15,131.98
2024-05-21,4.29,57.36,60.0,13.69,43.17,30.32,48.92,155.82,16.17,234.92,29.16,101.54,58.92,38.53,121.03,35.8,28.62,57.03,30.75,132.1
2024-05-22,4.26,57.52,59.68,13.74,42.64,29.49,47.78,155.28,16.66,237.46,29.61,101.13,57.66,38.74,122.18,35.95,29.4,57.41,31.25,133.03
2024-05-23,4.26,55.69,58.04,13.29,41.2,28.43,45.36,149.07,16.44,231.4,29.01,98.48,54.7,36.81,117.75,34.54,28.51,55.65,30.39,128.93
2024-05-24,4.24,55.42,58.57,13.16,41.2,28.38,44.67,146.06,17.38,229.22,28.85,97.52,53.85,38.02,115.82,33.83,27.73,54.52,29.48,127.29
2024-05-27,4.04,55.9,59.15,12.96,41.2,28.84,44.92,148.03,16.94,233.75,28.7,97.86,53.85,37.56,118.33,34.46,27.73,55.15,29.28,128.22
2024-05-28,3.91,55.74,58.5,12.62,41.06,29.77,44.12,146.13,18.15,227.05,27.95,95.01,52.59,35.87,115.25,33.28,27.06,54.01,29.02,125.76
2024-06-13,3.99,54.23,56.28,12.32,36.33,27.46,41.11,158.12,16.17,220.14,26.89,98.35,48.36,34.07,112.94,31.71,24.16,52.12,22.73,124.82
2024-06-14,4.06,54.45,54.06,12.32,37.51,27.69,41.5,158.56,16.22,220.74,27.34,100.05,48.79,34.58,113.33,31.86,23.94,52.63,22.53,126.11
2024-06-17,4.19,54.55,53.53,12.08,38.69,27.88,41.65,155.7,15.56,221.13,26.59,100.19,48.15,35.55,112.75,31.31,23.27,52.25,22.58,126.23
2024-06-18,4.19,54.93,53.66,12.1,38.17,27.92,41.8,156.19,16.0,221.92,26.89,102.58,48.58,35.41,113.33,33.44,24.16,53.63,24.3,127.29
2024-06-19,4.11,54.34,52.16,11.91,38.17,28.01,40.56,155.79,15.5,218.96,26.29,100.94,48.15,34.71,111.4,32.41,23.72,53.13,23.54,125.53
2024-06-20,4.16,53.15,50.66,11.56,36.98,27.51,39.42,162.17,16.17,218.37,25.53,98.14,46.25,34.07,107.54,31.15,23.83,51.12,22.78,121.01
2024-06-24,3.99,51.26,48.63,11.41,35.4,25.98,37.99,157.97,14.73,209.89,24.62,95.34,56.18,31.57,102.32,29.82,22.05,48.72,21.31,115.81
2024-06-26,3.99,52.23,51.38,11.91,36.85,27.18,39.62,156.91,15.01,211.66,25.68,98.82,51.95,32.83,107.34,30.76,22.83,52.0,22.53,123.61
2024-06-27,3.84,51.96,50.13,11.84,36.59,27.0,39.38,154.16,15.01,207.52,24.93,96.71,49.63,32.67,106.18,30.05,23.05,51.24,22.68,122.55
2024-06-28,3.76,52.13,50.26,11.73,36.59,27.14,39.87,152.24,14.79,198.44,25.08,98.21,48.15,32.27,105.03,29.97,23.05,51.12,22.43,121.01
2024-07-02,3.71,52.88,50.26,11.91,38.04,27.97,40.71,149.49,15.39,188.19,25.38,100.19,50.05,32.46,106.18,30.53,23.38,52.12,23.44,122.9
2024-07-03,3.69,53.26,50.46,11.88,39.62,28.34,41.35,148.9,15.23,193.12,25.68,98.96,49.63,31.87,105.03,30.21,23.61,51.62,22.98,121.72
2024-07-04,3.56,51.8,48.3,11.54,37.51,27.46,39.47,145.84,14.51,205.15,24.62,95.95,47.52,31.09,101.74,29.19,21.94,50.11,22.02,118.06
2024-07-05,3.66,52.45,49.22,11.61,37.91,27.6,40.41,145.64,14.62,222.51,25.53,97.53,49.84,31.38,102.71,29.74,25.72,51.12,22.68,118.53
2024-07-08,3.71,51.48,47.06,11.39,37.64,27.74,39.67,132.84,13.9,216.0,24.32,99.71,47.31,30.28,98.85,28.4,25.05,49.6,21.61,115.1
2024-07-09,3.69,52.13,47.85,11.54,37.91,28.98,40.41,135.43,14.07,222.31,24.17,105.59,47.73,30.39,100.59,28.95,23.94,50.49,22.12,117.59
2024-07-10,3.64,51.8,47.65,11.28,36.72,28.52,40.17,129.77,13.52,231.98,23.57,106.07,46.89,30.84,100.2,28.56,24.05,51.25,22.53,117.11
2024-07-11,3.69,53.58,48.96,11.61,37.77,29.49,41.4,126.11,13.68,235.14,24.62,107.23,48.36,31.33,103.67,29.42,24.16,52.13,22.68,120.54
2024-07-12,3.66,53.47,49.15,11.3,37.77,29.03,41.95,125.25,13.96,231.98,24.32,109.69,47.94,30.9,102.32,29.58,23.5,50.87,22.12,117.94
2024-07-15,3.64,53.1,49.28,11.15,36.72,28.2,40.12,129.25,13.35,222.91,24.47,105.18,48.58,31.81,101.55,30.6,22.38,50.24,21.46,115.58
2024-07-16,3.61,52.77,48.76,11.17,36.59,28.01,40.36,128.41,13.13,219.35,24.32,106.0,47.94,31.44,100.97,29.74,22.27,50.36,21.61,117.47
2024-07-18,3.59,54.01,48.85,11.18,36.72,27.74,43.68,128.83,13.96,223.3,24.32,105.18,47.1,31.03,99.43,29.74,21.38,49.23,20.9,116.4
2024-07-19,3.59,53.64,49.63,11.3,36.46,27.32,43.63,128.83,14.34,218.76,24.32,106.62,47.52,31.11,100.01,29.58,21.49,49.23,20.75,117.82
2024-07-22,3.59,53.42,50.42,11.2,36.46,27.18,43.78,124.38,13.96,221.72,24.47,107.37,49.21,31.35,101.16,29.66,22.05,49.86,21.36,119.36
2024-07-23,3.54,52.56,48.45,10.98,36.06,26.91,45.31,119.12,13.63,216.59,24.32,103.95,48.15,31.54,98.46,29.9,21.38,48.85,21.31,115.7
2024-07-24,3.36,51.64,47.67,10.83,35.01,26.35,43.18,117.12,13.63,211.66,23.72,102.24,46.89,30.63,94.99,28.79,20.82,47.21,20.55,113.21
2024-08-08,3.49,53.85,48.45,11.8,39.75,27.46,44.62,143.76,15.12,230.4,26.74,102.24,51.11,34.39,101.74,31.55,26.06,51.25,21.97,120.42
2024-08-09,3.49,53.1,48.26,11.63,39.22,27.23,44.03,147.37,14.51,228.82,26.29,99.92,49.84,32.94,99.04,31.71,25.05,50.61,21.46,117.94
2024-08-12,3.49,51.8,46.42,11.67,37.91,26.54,42.34,145.0,14.07,235.14,25.98,98.35,48.15,27.65,97.88,30.29,24.72,50.11,21.06,116.29
2024-08-13,3.66,51.91,46.42,11.76,38.04,26.44,42.54,141.31,14.01,232.57,25.98,97.73,48.79,27.65,98.46,30.29,24.94,50.61,21.46,116.76
2024-08-14,3.61,51.48,46.49,11.82,37.51,26.31,42.19,138.37,13.9,227.25,29.61,98.69,50.9,28.1,99.23,30.76,25.95,51.12,22.68,118.06
2024-08-15,3.54,51.75,47.14,12.01,38.17,26.63,42.74,138.4,14.12,226.26,33.69,104.22,54.7,29.18,101.74,31.63,27.06,52.38,23.39,123.97
2024-08-16,3.49,51.32,46.55,12.04,37.77,26.35,42.15,142.77,13.85,222.31,31.12,103.68,53.01,28.72,102.13,33.67,26.17,56.55,23.95,122.9
2024-08-19,3.49,50.88,46.42,12.36,38.3,26.35,41.65,142.3,13.85,222.31,37.31,103.4,54.49,28.75,102.71,32.89,27.28,62.73,23.39,125.86
2024-08-20,3.34,50.13,45.7,12.19,37.64,26.03,41.35,143.59,13.68,216.2,44.41,102.1,53.85,28.8,102.13,32.73,26.06,58.94,24.25,134.72
2024-08-21,3.34,50.24,45.5,11.95,37.51,25.94,41.01,145.19,13.96,215.61,40.03,102.51,51.95,28.18,100.2,31.55,25.05,56.8,23.34,132.0
2024-08-22,3.24,49.21,44.52,11.71,36.59,25.11,40.07,143.59,13.35,211.46,34.75,98.48,49.84,27.57,98.46,34.62,25.05,53.9,25.88,126.1
2024-08-23,3.34,49.59,44.52,11.76,36.72,25.34,43.48,143.12,13.46,212.65,36.26,98.69,49.84,27.51,97.69,32.89,23.94,55.41,24.51,130.23
2024-08-26,3.31,49.7,44.58,11.82,37.12,25.52,40.81,137.8,13.35,211.66,32.03,99.3,49.63,27.75,98.08,33.28,23.83,53.26,23.39,133.78
2024-08-27,3.41,49.32,42.95,11.65,36.72,25.24,39.92,138.64,13.63,214.03,30.82,98.55,47.73,27.19,95.57,32.26,23.16,51.25,21.72,130.0
2024-08-28,3.36,49.43,43.14,11.94,37.64,25.15,40.46,138.05,14.29,204.95,29.61,100.19,48.15,27.73,96.34,32.33,23.38,51.37,21.72,129.17
2024-08-29,3.36,49.54,43.67,11.92,37.91,25.15,40.86,136.32,14.51,205.94,29.16,100.81,48.15,27.7,97.5,32.33,24.16,52.13,21.92,131.3
2024-08-30,3.41,50.4,44.52,12.17,38.69,25.61,42.29,136.07,14.9,206.73,33.54,104.84,57.87,30.79,103.29,33.91,28.39,53.77,23.49,136.02
2024-09-02,3.36,49.97,43.73,11.8,38.69,25.61,42.19,130.78,14.68,202.0,32.03,102.38,54.49,29.04,101.55,34.3,26.06,52.25,23.14,128.58
2024-10-15,3.46,52.61,49.44,13.33,40.67,28.15,44.72,139.71,27.09,280.51,39.58,123.77,62.3,45.25,129.54,52.08,39.42,70.05,31.25,159.3
2024-10-16,3.54,52.72,50.09,13.49,40.93,28.15,45.21,139.09,26.37,282.48,38.98,124.18,64.2,51.08,129.74,56.64,39.2,69.67,31.51,160.72
2024-10-17,3.59,52.39,48.78,13.27,41.06,27.88,45.46,135.11,28.14,282.28,39.13,125.07,64.41,54.14,131.67,56.25,40.64,69.67,32.57,160.72
2024-10-18,3.59,53.47,49.7,13.64,41.33,28.06,46.99,135.21,31.12,290.96,40.49,129.03,65.47,53.74,136.11,56.41,41.09,71.95,33.79,171.0
2024-11-06,4.21,55.9,54.75,14.53,45.41,31.84,50.31,126.26,61.79,291.36,44.11,134.43,69.91,60.43,157.15,86.54,47.66,75.1,32.93,174.43
2024-12-13,5.36,60.11,59.01,16.25,51.86,35.72,56.89,109.31,51.92,260.19,53.33,148.37,116.79,62.01,230.71,105.11,77.95,84.44,49.98,191.68
2024-12-16,5.28,60.11,64.91,16.08,52.38,35.35,57.28,120.23,52.36,263.34,52.72,144.2,108.98,56.91,219.71,101.57,72.38,82.17,47.24,211.54
2024-12-18,5.18,57.95,63.8,15.56,48.04,33.69,52.98,116.08,47.72,251.9,48.04,137.44,111.72,52.42,204.07,92.76,70.04,78.63,43.38,198.07
2024-12-19,5.18,57.47,60.19,15.42,47.78,33.41,52.38,111.85,46.95,254.66,47.89,140.51,103.91,53.87,202.72,92.68,73.72,79.39,42.97,204.57
2024-12-20,5.16,56.82,59.27,15.19,46.99,33.64,52.93,112.69,46.73,252.89,47.89,140.58,104.96,52.9,203.49,92.05,73.6,79.64,43.33,197.95
2025-02-17,5.28,53.96,52.65,17.59,41.46,30.32,48.53,127.99,49.66,257.43,45.47,163.34,93.77,52.23,198.66,86.46,79.06,81.66,41.55,272.64
2025-02-18,5.28,52.66,50.94,15.86,40.14,29.49,46.35,123.57,45.19,249.54,43.21,153.77,88.28,50.86,184.18,78.67,72.49,77.37,39.42,249.24
2025-02-19,5.36,52.72,51.67,16.29,40.27,29.63,46.35,124.51,46.01,255.26,43.81,162.93,89.55,50.83,187.46,80.01,76.17,78.76,41.0,265.9
2025-03-11,5.73,55.74,53.76,16.64,41.06,32.68,50.46,128.02,44.8,263.74,40.49,214.53,85.75,47.07,197.7,77.26,70.82,73.71,41.91,252.66
2025-03-12,6.03,55.58,53.63,18.3,41.06,32.31,50.21,124.38,44.36,261.77,41.7,214.8,90.6,48.39,197.89,77.41,72.38,75.1,42.47,284.69
2025-03-13,6.01,56.12,53.44,17.57,41.06,32.03,50.16,123.52,42.92,258.02,40.34,203.18,86.38,46.78,200.4,74.74,69.48,73.21,40.54,272.04
2025-03-14,6.11,57.41,54.16,17.49,42.25,32.77,51.35,125.08,44.86,268.67,41.39,210.16,92.93,48.82,199.24,76.47,70.26,74.34,40.95,276.3
2025-03-31,5.28,56.33,52.85,16.04,40.8,34.75,53.42,117.34,44.25,254.07,36.86,185.01,78.56,29.23,181.48,72.14,59.46,67.78,35.82,235.06
2025-04-01,5.01,56.17,53.11,15.88,41.72,36.18,56.39,117.88,43.42,257.62,36.71,182.61,77.93,29.96,177.23,73.17,57.24,67.78,34.96,230.56
2025-04-02,5.18,56.44,53.9,16.04,41.99,37.29,62.03,118.08,42.54,254.66,37.16,183.5,78.78,29.39,177.81,74.82,57.57,68.16,34.91,231.04
2025-04-03,5.11,55.79,54.22,16.0,43.17,39.04,68.21,125.4,42.7,255.85,37.62,180.29,78.14,28.78,175.49,72.93,57.35,67.91,34.4,227.96
2025-04-22,5.08,54.98,54.68,14.76,45.14,33.78,65.39,138.03,39.01,224.29,36.26,155.34,73.28,22.81,158.31,64.2,54.79,67.28,30.39,210.36
2025-04-23,5.16,54.45,54.29,14.78,45.67,32.08,63.47,138.87,39.01,226.46,36.26,160.33,72.86,23.54,158.89,64.67,55.01,72.58,30.59,212.84
2025-04-25,5.06,54.66,53.57,14.68,43.96,31.48,63.12,133.95,38.46,225.86,36.41,155.07,69.91,23.21,159.66,63.49,52.56,67.02,28.51,209.17
2025-04-28,5.03,53.26,52.19,14.47,42.64,32.49,59.76,130.36,39.12,221.52,35.65,153.23,71.38,22.38,158.89,62.54,52.22,66.01,29.43,210.71
2025-05-06,5.03,52.61,52.52,15.19,41.46,32.68,59.11,139.29,42.65,229.22,37.31,176.19,77.09,23.7,169.7,66.79,56.34,69.29,32.12,228.32
2025-05-07,5.06,52.88,53.7,15.11,42.38,32.31,59.51,134.29,42.21,228.23,37.31,179.74,76.24,24.21,167.58,66.4,57.01,68.54,31.86,224.06
2025-05-08,5.06,52.77,53.44,15.28,42.51,32.31,59.26,132.71,42.04,229.61,37.77,188.7,78.14,24.83,169.51,69.23,57.9,69.04,33.03,226.43
2025-05-09,5.13,52.66,52.85,14.96,42.25,33.92,57.78,133.43,40.94,227.25,36.71,195.87,76.24,25.12,165.65,66.87,56.12,67.4,32.17,223.0
2025-05-12,5.11,53.04,52.78,15.09,41.72,34.66,59.01,133.16,41.32,228.43,37.62,200.93,76.66,25.69,168.54,67.66,56.9,68.16,32.83,225.13
2025-05-13,5.21,52.99,52.65,15.01,41.99,35.03,59.31,130.12,40.72,227.64,37.01,192.39,76.45,25.09,168.74,68.76,57.01,67.65,32.42,225.84
2025-05-14,5.23,52.99,52.71,15.09,41.85,35.54,59.71,130.74,40.61,228.03,37.16,186.24,76.88,25.39,170.67,68.29,57.35,68.03,32.88,225.01
2025-05-15,5.21,52.56,52.39,14.8,41.99,35.4,58.82,132.47,39.39,223.1,36.56,182.95,75.4,25.44,164.88,67.58,55.57,66.27,32.02,218.75
2025-06-24,4.96,52.66,55.73,15.23,43.43,37.01,57.53,116.55,42.04,231.7,40.18,167.44,97.57,25.9,171.36,63.65,54.79,72.45,33.94,216.26
2025-06-25,4.98,53.15,55.86,15.34,43.56,36.69,57.93,118.7,44.08,233.69,40.34,168.94,97.15,25.95,174.34,64.28,55.34,73.84,34.3,220.4
2025-06-26,4.98,53.53,55.46,15.34,44.35,36.46,59.27,117.34,43.09,231.3,40.03,166.76,97.15,26.12,174.07,68.84,55.68,73.96,34.35,221.1
2025-06-27,5.01,53.37,55.2,15.34,43.83,35.72,58.48,118.21,44.58,228.71,40.34,165.6,96.73,26.01,175.42,67.19,55.68,73.59,35.82,220.15
2025-06-30,5.13,53.53,55.4,15.36,43.7,36.78,58.53,118.01,45.74,232.7,40.49,171.06,102.22,26.44,177.31,67.66,56.01,73.84,35.92,234.64
2025-07-01,5.08,53.48,55.33,15.25,43.56,37.52,58.43,121.17,48.17,231.5,40.34,170.17,107.29,26.36,174.61,66.56,55.23,73.08,35.62,234.64
2025-07-09,4.96,53.53,55.46,15.63,44.62,37.2,59.42,118.9,48.88,238.47,41.7,162.86,102.01,29.55,174.88,67.5,56.34,75.61,35.87,233.45
2025-07-10,4.98,53.81,55.86,15.75,45.14,37.01,59.52,118.06,49.88,240.06,41.54,160.87,103.91,29.29,175.69,69.07,56.34,75.49,36.28,231.67
2025-07-11,4.98,53.81,55.66,15.79,45.28,35.17,59.42,118.77,47.34,243.44,41.85,161.28,103.06,29.1,176.23,67.58,56.68,75.99,36.02,233.09
2025-07-14,4.98,53.7,55.33,15.57,44.88,34.61,59.87,122.46,47.12,242.05,41.24,162.18,99.26,28.35,173.25,66.64,54.79,74.98,35.41,228.34
2025-07-15,4.93,52.99,53.95,15.48,43.43,34.34,58.92,125.67,48.28,239.86,40.34,161.49,102.85,28.21,176.5,67.11,54.79,74.6,35.16,234.99
2025-07-16,4.93,53.1,54.28,15.65,43.83,33.27,59.27,129.94,50.59,239.26,41.24,162.52,99.9,28.72,179.2,67.19,56.46,74.6,35.26,243.54
2025-07-17,4.93,53.32,54.41,15.83,43.7,34.11,60.17,127.6,51.03,240.66,41.54,166.09,97.99,28.32,180.28,67.42,57.01,74.73,35.77,240.93
2025-07-18,4.91,53.59,55.0,15.92,43.96,33.92,60.72,128.26,50.04,243.44,41.85,164.58,96.73,27.97,178.93,67.11,56.57,74.22,35.47,239.03
2025-07-22,4.86,54.08,55.86,16.08,44.75,33.27,60.37,125.52,49.6,245.24,41.54,170.82,95.25,28.18,176.5,66.16,55.57,73.21,34.91,235.35
2025-07-23,4.88,53.91,56.25,15.94,44.22,33.23,59.42,124.95,48.28,242.05,41.24,167.8,94.19,28.1,174.34,65.3,55.34,73.21,34.86,237.25
2025-07-24,4.93,54.89,58.09,16.08,45.41,33.46,61.61,126.41,48.61,251.8,42.45,169.24,96.1,29.23,177.31,66.4,55.68,73.97,35.21,238.91
2025-07-25,4.91,54.62,57.76,16.21,44.75,33.14,60.17,125.57,49.99,249.42,42.15,169.66,97.58,28.88,184.61,67.5,57.79,74.6,35.97,239.27
