date,sh600022_daily,sh600111_daily,sh600114_daily,sh600117_daily,sh600126_daily,sh600143_daily,sh688052_daily,sh688065_daily,sh688077_daily,sh688082_daily,sh688093_daily,sh688099_daily,sh688102_daily,sh688110_daily,sh688116_daily,sh688119_daily,sh688120_daily,sh688122_daily,sh688123_daily,sh688126_daily,sh688130_daily,sh688135_daily,sh688141_daily,sh688143_daily,sh688147_daily,sh688148_daily,sh688153_daily,sh688186_daily,sh688200_daily,sh688233_daily,sh688256_daily,sh688299_daily,sh688368_daily,sh688399_daily,sh688508_daily,sh688521_daily,sh688536_daily,sh688550_daily,sh688595_daily,sh688598_daily,sh688608_daily,sh688689_daily,sh688699_daily,sh688711_daily,sh688733_daily,sh688779_daily,sh688786_daily,sh688798_daily,sh688981_daily,sz000017_daily,sz000408_daily,sz000426_daily,sz300046_daily,sz300077_daily,sz300127_daily
2023-04-21,9.35,508.41,55.17,7.85,28.16,186.27,305.67,80.46,42.15,115.75,26.99,88.69,16.28,37.18,54.81,6.68,383.4,80.58,93.58,25.19,46.47,31.92,48.0,46.33,49.1,12.6,64.63,30.96,448.22,57.22,248.0,15.17,164.31,97.52,78.07,90.69,360.24,66.86,57.88,166.2,141.19,25.9,92.14,111.49,34.51,14.49,44.64,104.45,62.8,13.76,146.72,146.16,73.36,78.78,40.16
2023-04-24,9.06,502.62,57.35,7.77,28.1,178.89,290.63,81.65,40.87,115.55,26.62,84.03,15.3,36.06,53.96,6.57,396.9,79.94,88.6,23.76,44.54,30.49,46.5,47.31,51.99,12.34,65.64,32.96,403.19,45.77,243.0,15.2,154.48,96.88,76.02,88.0,340.27,65.69,54.2,166.39,134.45,25.4,89.85,104.35,33.49,14.42,44.22,95.59,63.05,13.37,150.44,145.32,72.0,76.87,39.35
2023-04-25,8.94,495.64,54.71,7.71,27.93,177.46,281.61,80.29,39.35,115.49,25.96,85.44,14.95,35.74,52.06,6.34,398.0,79.11,85.14,22.5,42.58,29.07,43.92,46.08,54.28,11.4,64.97,35.4,391.83,40.25,248.0,14.66,153.65,94.47,71.57,86.95,324.5,65.84,53.02,166.78,126.02,24.54,84.25,104.86,31.74,11.54,47.36,91.99,61.37,13.01,143.52,144.3,76.38,73.68,38.51
2023-04-28,9.06,502.02,50.42,8.27,28.1,182.58,285.67,75.28,39.89,118.4,25.99,83.85,15.66,33.62,54.06,6.51,382.99,79.88,81.98,23.82,43.4,29.38,41.79,45.89,53.04,12.07,64.64,36.65,397.81,40.58,249.5,15.54,147.32,73.26,69.99,83.62,346.63,67.03,52.69,176.5,123.89,25.14,81.45,105.29,32.11,11.2,45.53,95.54,61.58,13.86,149.53,148.03,75.9,73.99,41.28
2023-05-08,9.06,485.46,48.24,7.47,28.4,182.37,279.94,77.59,36.98,103.97,25.38,75.01,15.05,30.0,51.98,7.14,352.9,81.59,68.14,22.73,43.2,29.48,39.73,39.42,46.0,11.55,59.69,35.81,374.54,36.99,208.39,15.09,148.68,72.61,70.57,81.19,339.63,61.23,48.17,164.76,128.41,24.24,77.59,102.58,32.62,11.18,43.65,90.77,59.43,14.02,148.55,146.0,73.14,74.04,42.37
2023-05-09,9.18,498.63,47.31,7.41,28.63,179.71,270.59,78.06,38.51,100.82,24.91,73.01,14.4,29.64,51.23,7.22,345.3,77.39,65.64,22.54,41.92,28.61,39.45,37.7,45.35,11.08,59.68,34.97,355.9,36.26,211.4,14.77,142.78,71.38,69.38,80.0,340.03,60.6,46.99,160.79,128.32,23.72,76.6,98.17,31.79,11.06,42.7,86.57,52.78,13.92,148.22,139.37,73.36,77.28,42.95
2023-05-10,9.18,495.24,47.97,7.6,28.28,182.17,280.61,80.48,37.93,99.8,25.01,73.06,14.55,29.05,52.54,6.99,338.98,78.75,65.32,21.87,42.39,28.71,39.94,37.2,44.61,11.28,57.79,36.13,357.32,35.51,199.08,14.94,139.84,70.84,68.85,79.7,346.5,61.16,47.41,160.54,130.46,23.76,77.44,98.25,32.67,11.28,42.03,87.18,52.45,13.95,151.23,139.71,74.71,77.8,42.62
2023-05-11,9.18,496.24,47.91,7.96,28.4,181.56,274.6,78.61,37.96,99.98,25.36,77.77,14.56,31.4,53.69,6.86,340.02,78.58,64.58,21.58,42.59,29.15,39.9,36.92,45.15,11.43,59.88,35.88,351.7,34.27,196.02,15.05,144.86,70.48,70.48,79.58,351.21,61.36,47.54,166.31,140.57,24.15,76.98,98.63,32.06,11.49,41.8,86.38,52.96,14.15,151.23,137.0,75.98,76.61,42.75
2023-05-12,9.06,487.26,47.31,7.85,27.93,181.15,275.14,76.48,37.77,101.69,24.77,79.81,14.59,31.73,53.25,6.62,332.7,79.13,63.9,20.16,42.12,28.72,38.7,36.44,43.68,11.08,59.25,35.67,344.99,33.44,196.0,15.06,143.82,70.76,71.17,78.83,339.35,60.6,46.4,161.68,147.15,24.05,79.19,97.2,30.97,11.41,41.76,86.86,53.69,14.18,149.66,133.43,73.58,76.15,42.34
2023-05-15,9.06,499.43,48.37,7.71,27.93,182.17,275.6,75.99,38.72,106.02,25.19,78.37,14.74,31.32,53.19,6.69,346.51,80.21,64.43,20.2,42.47,29.04,38.2,37.09,43.41,11.56,60.5,35.92,357.09,33.93,188.45,15.28,145.27,71.23,71.72,77.28,350.72,61.39,46.88,163.29,145.59,24.31,82.89,97.19,31.45,11.9,42.35,88.03,54.87,14.28,160.25,137.51,74.54,76.05,42.88
2023-05-17,9.0,497.63,49.03,7.88,27.23,181.96,283.12,76.26,38.58,111.0,25.79,81.02,15.09,34.47,52.08,6.86,369.0,87.84,68.49,20.21,43.58,30.13,37.79,41.8,46.4,11.56,61.49,35.83,372.72,33.96,187.54,15.41,145.57,70.69,73.6,78.18,352.02,61.66,47.23,160.94,144.56,24.98,82.12,93.83,31.1,11.82,42.92,88.13,54.2,14.28,154.1,141.75,78.04,75.69,43.28
2023-05-18,8.94,493.24,48.9,8.1,27.41,180.33,276.19,74.17,38.09,109.3,26.88,82.99,15.42,34.32,50.54,6.89,365.22,86.51,72.9,20.53,43.4,30.49,37.08,42.08,46.09,11.33,64.8,36.2,385.41,34.26,196.81,15.47,146.33,69.81,69.88,79.48,349.97,61.59,47.55,158.89,145.49,25.14,80.88,96.54,31.06,11.9,43.08,89.73,55.1,14.25,153.12,150.07,77.91,76.61,43.46
2023-05-19,8.88,487.46,49.16,7.93,27.12,181.35,280.41,74.13,37.87,108.61,26.96,85.95,15.49,37.03,50.15,6.75,360.02,90.17,79.68,21.12,44.65,31.64,38.9,44.04,45.98,11.29,66.1,36.29,389.98,36.33,195.3,15.73,151.43,70.18,73.04,83.15,343.46,62.79,49.71,157.72,152.51,25.8,83.8,98.49,31.38,12.08,43.06,92.22,55.0,14.31,153.58,147.52,79.18,77.9,43.67
2023-05-23,8.76,487.26,51.28,7.96,26.13,185.04,271.84,75.25,38.0,108.15,27.83,82.21,15.45,35.65,49.12,6.65,352.34,87.04,77.31,20.54,46.18,31.16,37.55,43.9,44.44,11.51,64.85,36.72,381.27,35.87,184.11,15.98,151.37,70.27,69.79,78.83,335.2,63.69,49.29,157.03,141.58,25.94,81.56,99.71,31.03,11.81,43.87,90.51,52.9,14.25,153.58,147.35,76.03,74.29,43.08
2023-05-24,8.59,482.87,51.47,8.35,26.07,183.6,268.97,75.52,38.03,110.5,27.94,82.56,15.58,35.91,48.21,6.59,372.06,86.71,76.76,20.83,45.96,32.1,37.94,44.2,46.04,11.67,64.88,35.51,387.18,36.68,182.0,16.04,150.13,69.06,68.51,79.59,334.6,65.02,49.45,159.49,139.24,26.1,81.8,98.85,31.28,11.73,43.63,90.49,49.91,14.25,153.58,148.54,78.13,74.24,43.77
2023-05-25,8.53,481.07,51.14,8.24,26.07,181.96,267.67,75.55,38.33,113.56,27.94,81.88,15.66,35.78,48.32,6.58,385.0,85.98,77.32,21.01,45.6,32.02,37.36,44.1,48.5,11.67,63.7,36.49,392.0,37.66,194.5,16.04,152.62,67.84,69.59,80.75,336.51,64.51,49.29,161.18,140.53,26.13,82.79,99.19,31.3,11.67,43.9,91.94,50.36,14.25,149.2,143.11,79.44,74.14,44.02
2023-05-26,8.53,476.88,51.61,7.93,26.36,181.56,267.93,75.18,37.78,113.33,27.74,84.78,15.64,37.61,47.61,6.55,387.01,85.98,77.88,21.19,46.4,32.2,37.51,43.92,49.05,11.42,65.6,36.31,395.96,38.21,224.0,16.08,150.23,68.31,69.89,84.0,339.03,64.54,50.75,150.29,142.85,26.67,80.71,100.34,31.31,11.55,43.93,91.45,51.8,14.31,149.66,147.01,78.43,75.27,44.91
2023-06-28,8.47,472.49,48.8,8.46,25.34,181.23,231.79,90.59,37.72,112.7,27.51,85.57,16.67,35.61,43.0,5.57,361.62,76.19,69.17,20.86,42.29,30.28,39.96,44.66,51.0,11.24,70.5,33.21,343.46,31.13,202.95,15.39,137.87,60.24,58.18,77.55,342.07,75.91,43.82,159.64,123.22,25.2,76.37,90.02,30.25,11.41,46.52,80.94,51.72,13.69,146.13,150.58,71.34,67.8,44.92
2023-06-29,8.41,480.28,51.48,8.38,25.46,180.81,227.02,90.26,43.18,110.78,28.16,84.2,16.91,36.09,42.92,5.58,359.11,77.89,70.3,20.91,43.21,31.58,39.39,48.53,51.59,11.33,73.12,33.82,332.53,31.44,193.0,15.69,134.21,61.3,57.95,74.91,329.52,76.34,44.19,171.79,123.46,26.49,77.11,91.24,30.41,11.42,48.07,80.85,51.0,13.66,143.78,148.2,71.74,67.85,46.97
2023-06-30,8.53,481.88,51.01,8.51,25.52,183.75,222.86,88.18,43.73,110.4,28.98,84.5,17.27,36.4,45.91,5.68,376.12,81.07,71.7,20.9,44.1,32.41,39.1,49.56,52.78,12.26,73.16,33.87,340.13,32.08,188.0,15.93,131.62,62.09,59.0,71.92,325.64,81.84,45.03,172.35,121.44,26.63,78.09,90.08,31.26,11.58,47.07,83.11,50.52,14.05,147.5,150.75,73.4,68.52,47.16
2023-07-03,8.65,485.1,51.95,8.65,26.29,185.65,223.56,91.48,42.53,110.71,29.52,86.59,17.72,36.54,45.94,5.79,373.75,81.71,71.54,21.47,43.73,31.77,40.25,48.85,53.51,12.01,71.47,34.5,337.66,32.35,192.54,15.77,131.72,62.45,60.89,72.16,326.2,83.0,45.05,172.86,123.24,26.46,78.24,94.77,31.21,11.3,47.15,88.61,51.0,14.25,150.38,151.09,73.58,69.45,46.38
2023-07-04,8.59,488.72,53.82,8.21,26.17,186.07,242.44,91.54,43.07,113.94,29.82,88.23,17.82,37.21,45.71,5.75,370.72,81.94,82.34,21.6,44.42,33.03,40.71,49.7,61.98,12.11,72.77,33.74,343.51,33.52,202.41,16.08,146.88,62.29,65.12,72.38,331.42,80.52,46.33,173.42,125.92,27.26,80.29,98.8,31.3,11.09,47.94,95.55,51.41,14.31,149.73,153.46,79.13,70.33,46.9
2023-07-05,8.59,532.32,53.42,8.21,26.05,187.54,235.77,90.72,48.62,109.0,29.3,87.06,17.86,38.06,45.53,5.72,355.15,81.78,82.6,21.65,44.27,32.73,40.36,52.02,54.99,12.06,69.99,33.26,332.77,33.21,200.8,16.1,144.61,61.68,65.11,71.31,331.16,79.67,47.88,173.09,128.71,27.88,79.27,97.77,30.96,10.98,48.55,94.14,50.98,14.28,151.1,163.48,78.52,69.55,56.29
2023-07-06,8.47,507.6,53.22,8.1,26.17,186.28,237.86,91.04,46.83,109.36,29.4,86.61,18.0,39.02,44.62,5.72,346.84,79.32,88.45,21.46,44.18,32.82,39.94,53.22,54.95,11.82,67.28,32.84,327.9,33.45,206.82,16.27,147.7,61.38,64.76,71.69,334.43,79.01,48.47,170.55,131.85,28.24,81.07,99.82,30.94,11.03,48.21,98.09,50.0,14.25,149.59,165.52,78.26,68.99,59.98
2023-07-07,8.47,506.4,53.82,8.16,25.99,185.65,233.59,90.04,44.89,109.16,29.0,85.4,17.99,37.72,43.58,5.67,351.54,78.33,86.09,21.45,43.64,32.26,39.11,51.52,53.53,11.69,68.46,31.97,321.21,32.74,195.43,16.05,150.94,60.98,64.41,71.22,335.3,78.95,47.54,167.73,128.38,27.75,79.16,98.42,30.73,11.01,47.48,94.92,49.38,14.44,149.07,165.86,77.73,67.8,55.3
2023-07-10,8.47,501.38,52.89,8.13,26.11,185.65,238.77,90.75,44.27,110.74,29.01,87.51,18.17,37.9,44.62,5.71,344.86,77.39,86.09,21.08,43.4,31.42,39.08,50.03,52.51,11.82,68.84,32.07,318.79,32.72,196.96,16.07,146.46,61.77,66.02,70.28,345.29,77.17,48.23,172.85,126.08,27.52,79.11,96.58,30.58,11.18,47.56,96.67,49.72,14.77,150.77,166.71,77.47,68.52,53.37
2023-07-11,8.47,503.99,55.97,8.16,26.46,187.12,246.28,90.49,45.57,110.44,29.45,93.45,17.98,40.07,45.77,5.77,339.96,77.97,89.68,21.17,44.37,33.14,40.14,50.38,52.98,12.02,71.19,31.67,332.01,33.9,210.3,16.46,150.99,61.91,67.86,71.92,350.28,76.18,50.2,171.25,135.36,28.52,80.65,99.16,31.35,11.3,48.01,99.65,50.3,15.06,150.38,166.71,79.09,70.22,57.53
2023-07-12,8.41,501.38,54.76,8.05,25.99,186.07,238.52,90.99,45.86,103.2,28.91,92.28,19.28,38.98,44.64,5.68,331.7,77.82,88.63,20.72,43.63,32.48,39.08,47.9,51.38,11.96,68.52,30.79,335.42,33.14,196.29,16.36,148.71,60.37,67.2,68.85,353.34,78.26,50.34,169.69,133.82,27.88,78.82,97.68,31.29,11.23,48.0,98.91,48.38,14.99,150.51,165.01,77.86,68.73,58.78
2023-07-13,8.53,503.59,54.29,7.91,25.76,187.54,242.33,91.0,44.15,103.22,28.98,94.3,18.92,41.83,45.03,5.73,336.52,77.14,92.53,20.63,45.21,33.14,40.18,49.8,53.19,11.88,67.99,31.19,341.28,34.93,200.1,16.36,153.31,60.4,70.83,69.23,363.79,79.07,49.79,172.17,139.2,28.42,80.34,99.08,33.86,11.29,48.36,98.73,49.2,15.03,150.97,163.65,79.88,70.53,59.64
2023-07-14,8.47,497.76,54.96,8.05,25.82,186.91,230.85,90.36,42.65,103.4,29.36,94.34,18.3,39.96,43.39,5.71,337.17,75.22,89.7,20.33,45.16,32.86,39.09,47.04,53.16,11.39,65.87,29.89,364.56,38.93,206.01,16.51,157.03,60.15,71.21,69.78,351.48,79.67,49.06,167.62,136.83,28.22,80.32,101.4,34.73,11.22,47.71,97.21,49.46,15.03,149.86,162.8,79.57,70.74,56.18
2023-07-17,8.47,479.67,55.56,7.96,25.7,187.54,225.75,90.18,41.0,101.24,29.39,96.61,17.66,39.51,42.56,5.66,322.33,75.38,87.19,20.51,44.88,32.44,38.44,45.73,51.35,11.36,65.12,28.5,351.93,37.57,200.2,16.33,151.07,59.14,68.64,69.16,347.89,79.54,48.53,170.04,137.16,28.01,78.85,101.51,36.17,11.26,48.92,97.33,48.77,14.96,150.25,160.93,79.31,69.45,53.56
2023-07-18,8.47,482.69,58.58,7.99,25.82,189.23,232.65,89.21,40.85,102.06,29.43,94.9,18.06,37.69,42.04,5.71,312.77,75.44,86.07,20.6,45.14,33.71,38.43,45.59,49.66,11.38,65.65,27.85,362.76,37.6,185.0,16.35,145.22,58.8,69.45,69.91,346.1,77.37,49.15,176.6,131.4,28.24,79.69,101.89,37.89,11.27,51.62,100.12,49.7,14.9,151.82,162.63,78.83,70.89,57.09
2023-07-19,8.41,482.08,56.5,7.96,25.93,188.6,214.17,88.15,40.63,102.66,29.43,94.94,17.37,37.21,41.49,5.74,313.67,75.68,83.42,20.3,45.21,32.76,37.79,45.2,54.05,11.15,66.78,27.36,352.31,37.05,182.37,16.22,141.22,58.59,71.12,68.59,337.76,76.73,47.95,170.74,134.44,28.14,78.34,98.99,37.76,11.21,48.7,100.52,49.15,15.09,152.86,162.12,77.91,70.28,53.89
2023-07-20,8.47,480.68,54.09,7.96,25.64,187.96,208.54,87.32,40.04,102.44,28.93,92.51,16.49,35.67,41.09,5.67,306.63,74.81,81.13,20.3,43.91,31.3,37.32,42.81,54.99,11.17,64.49,26.81,357.0,35.71,176.0,15.95,136.66,58.13,71.42,66.5,340.74,75.39,46.08,173.74,130.43,27.11,76.3,96.52,37.39,11.17,48.05,96.04,49.29,15.03,155.61,159.92,75.81,68.68,52.23
2023-07-21,8.53,478.47,53.49,7.85,25.52,187.96,209.57,87.92,39.19,100.42,28.45,91.3,16.72,36.74,41.37,5.73,306.61,75.26,77.51,20.39,43.41,31.3,37.06,42.07,51.5,11.18,62.72,26.95,354.38,35.57,170.9,15.87,135.34,58.88,69.55,67.16,347.67,75.23,45.6,171.8,127.93,26.62,76.27,94.28,35.66,11.2,48.53,94.83,49.0,15.06,154.56,161.61,74.98,68.78,50.46
2023-07-24,8.53,475.05,53.09,7.74,25.58,187.12,204.04,86.94,38.8,99.07,28.67,92.33,16.29,36.24,40.24,5.75,297.05,75.13,75.21,20.61,43.45,30.96,36.73,41.05,50.65,10.88,64.61,26.87,355.65,34.79,167.16,15.81,134.3,60.06,68.18,65.86,348.56,76.36,44.86,177.25,129.48,26.86,74.95,93.94,35.55,11.14,48.39,96.39,49.0,14.93,148.48,159.41,74.32,67.08,50.2
2023-07-25,8.65,484.7,55.56,7.82,26.05,189.65,204.84,89.28,38.48,102.36,28.87,94.54,16.62,37.27,41.37,5.84,298.54,76.44,77.18,20.77,44.37,31.59,36.92,41.55,50.73,11.12,63.87,27.68,367.54,34.96,167.0,16.06,140.6,60.26,67.09,67.19,352.73,76.86,45.7,182.51,130.3,29.26,77.44,92.04,34.7,11.28,48.55,97.28,49.77,15.06,154.24,159.92,75.55,70.07,50.49
2023-08-10,9.31,498.36,58.58,8.29,27.4,187.12,208.81,88.29,37.16,109.21,27.03,88.0,16.14,33.38,45.46,5.71,311.54,72.0,74.28,21.33,42.7,29.54,31.83,38.94,50.06,10.68,66.5,26.38,349.42,32.12,164.0,15.39,123.49,59.93,64.19,67.92,335.02,72.7,45.46,164.0,123.31,25.62,73.31,84.46,31.09,11.25,45.46,102.6,48.47,14.77,158.48,155.33,72.79,69.3,53.43
2023-08-11,9.07,487.51,56.37,8.16,26.76,182.7,202.44,87.07,36.55,108.86,26.6,86.49,15.92,32.35,44.12,5.61,310.04,70.58,72.74,20.77,42.71,28.77,31.29,38.1,48.98,10.39,66.94,25.63,335.9,31.35,158.0,14.99,118.93,60.01,63.44,66.3,325.56,72.04,43.77,156.7,122.04,25.15,70.08,84.15,30.65,11.07,45.33,100.27,46.92,14.64,156.85,153.13,70.73,68.01,50.98
2023-08-14,9.07,483.69,56.5,8.27,26.87,181.02,197.05,85.62,35.99,110.18,26.46,85.92,15.78,32.46,43.76,5.63,305.9,69.6,72.01,20.58,41.94,28.67,31.75,38.47,48.87,10.21,67.45,25.75,333.64,31.41,159.4,14.94,118.47,59.16,62.64,66.06,297.02,71.22,41.39,147.79,118.48,24.95,68.47,81.84,30.35,10.67,43.97,99.99,47.34,14.67,156.85,153.29,71.26,68.27,50.95
2023-08-15,9.13,480.28,55.5,8.29,26.64,180.18,192.47,86.09,35.55,110.11,26.12,83.5,15.67,32.26,43.75,5.63,296.93,70.11,69.39,20.47,41.63,28.34,31.23,38.21,47.7,9.97,66.08,25.26,335.1,31.02,158.57,14.89,113.26,58.74,62.62,64.15,286.8,72.33,40.46,141.94,116.66,24.69,60.24,81.59,29.71,10.04,43.7,95.8,47.52,14.7,156.85,150.41,70.21,67.13,49.78
2023-08-16,9.19,472.64,56.3,8.27,26.4,180.6,184.85,86.1,35.31,104.18,26.28,83.07,15.41,31.05,43.97,5.61,288.9,67.99,67.61,20.4,41.55,27.85,30.24,37.6,46.45,9.91,64.29,25.06,324.68,30.54,152.8,14.67,109.88,59.46,60.1,62.5,273.88,69.42,39.63,139.49,114.67,24.31,59.09,77.99,29.2,9.99,43.32,88.64,47.55,14.51,156.85,148.54,68.94,66.57,47.13
2023-08-17,9.07,476.86,61.32,8.35,26.52,179.54,189.81,86.24,36.99,109.13,28.05,85.79,15.78,31.26,43.24,5.67,290.09,70.69,69.89,20.45,42.16,28.5,30.01,41.58,46.36,9.97,67.11,25.34,325.68,30.94,156.94,14.77,113.12,58.85,60.33,62.41,267.78,71.32,39.71,139.32,116.64,24.57,59.65,79.46,29.32,10.07,44.62,86.23,48.15,14.96,156.98,153.8,69.94,66.77,47.99
2023-08-18,9.07,470.03,59.58,8.24,26.23,177.44,190.18,87.12,36.33,105.55,27.92,85.02,15.71,30.95,43.38,5.79,287.45,69.57,68.51,20.65,42.57,28.08,29.77,41.94,45.71,9.68,69.7,24.62,324.34,31.02,151.4,14.58,110.94,57.71,59.39,63.56,262.55,71.01,39.57,136.56,117.18,24.4,59.92,79.63,28.75,10.1,44.03,89.31,48.01,14.7,153.91,146.33,69.11,65.28,47.21
2023-08-21,9.01,462.99,61.12,8.21,25.87,176.18,188.67,84.48,35.44,105.68,27.09,83.14,15.17,30.56,41.45,5.72,284.17,68.18,68.89,20.33,42.05,27.72,30.54,41.02,44.98,9.55,69.71,24.2,321.05,30.12,151.4,14.35,108.23,57.29,57.99,58.6,251.56,70.66,39.57,133.31,110.97,24.17,58.97,81.25,27.57,9.94,43.37,88.14,47.68,14.67,152.34,145.66,68.72,63.94,47.49
2023-08-22,8.89,456.96,64.53,8.24,25.99,174.91,186.25,87.25,35.51,101.55,26.87,85.81,15.88,30.47,40.08,5.5,287.23,68.16,72.12,20.59,42.48,28.03,31.28,42.14,45.39,9.47,69.6,24.61,319.45,30.32,157.61,14.38,109.98,55.49,57.67,60.3,250.2,70.66,39.26,129.59,113.49,24.41,59.87,82.41,27.83,9.81,43.51,88.86,48.82,14.44,152.54,147.86,69.68,63.37,47.75
2023-08-23,8.89,441.49,62.66,8.07,25.58,173.44,180.94,85.65,34.44,99.41,27.34,85.78,15.41,29.53,39.13,5.38,280.65,66.32,69.97,20.63,41.54,27.32,30.64,40.49,43.37,9.22,68.1,23.88,301.56,29.37,150.14,14.09,107.18,54.77,56.48,59.8,246.32,68.9,38.26,124.52,111.87,23.71,58.32,79.13,26.97,9.65,42.64,88.26,47.89,14.18,149.99,148.2,67.89,61.05,46.06
2023-08-24,8.77,442.9,65.94,8.13,25.29,173.65,173.84,85.31,34.48,100.79,26.99,86.49,15.23,30.0,38.59,5.26,292.02,65.97,70.74,19.2,41.87,28.03,31.17,42.7,44.4,9.37,68.27,24.27,304.27,29.35,150.3,13.96,108.64,54.43,56.46,60.71,253.4,70.08,38.57,127.13,116.84,23.97,58.71,80.38,26.75,9.58,43.24,87.34,48.62,14.31,152.39,147.52,68.19,61.41,45.99
2023-08-25,8.83,432.65,64.87,8.29,25.05,174.28,168.38,85.86,33.69,99.01,26.67,83.13,14.86,28.54,37.64,5.22,293.05,63.57,67.58,18.73,41.32,26.73,29.54,41.26,42.35,9.3,65.38,22.06,301.56,28.34,140.52,13.51,104.41,53.54,54.94,59.15,247.62,69.36,37.18,123.97,114.0,23.07,57.32,77.53,25.9,9.57,42.27,85.49,48.3,14.18,150.43,141.58,65.61,59.15,44.63
2023-08-28,9.01,442.5,63.13,8.35,25.58,173.23,171.16,85.49,33.84,101.55,26.6,85.85,14.83,28.09,38.36,5.27,277.54,63.44,65.8,19.46,41.14,26.72,28.88,40.18,41.93,9.34,65.17,21.53,301.22,26.15,145.1,13.5,102.23,55.12,53.62,59.7,244.35,68.3,36.43,119.31,113.58,22.77,57.15,78.73,25.85,9.71,41.7,85.53,48.55,14.38,151.51,141.07,66.09,60.49,44.87
2023-08-29,9.07,450.74,66.94,8.4,25.58,174.49,177.95,86.14,36.1,107.13,27.96,87.3,15.73,29.55,39.84,5.45,294.05,65.3,71.66,19.43,42.82,28.24,30.87,43.1,46.7,9.77,72.0,22.26,309.18,28.3,145.96,14.56,110.7,57.52,56.28,62.99,261.29,71.82,38.88,123.76,120.55,25.03,60.85,81.84,26.83,9.88,44.13,92.51,51.0,14.86,153.2,144.25,68.5,62.08,47.08
2023-08-30,8.89,448.73,66.01,8.4,25.11,171.34,180.12,86.29,37.16,110.8,28.62,87.9,16.45,30.24,39.93,5.57,307.25,67.6,74.31,19.86,44.03,33.88,32.38,43.77,48.58,9.81,75.2,22.49,315.79,30.32,159.86,15.02,114.37,58.58,59.06,66.15,273.16,74.4,40.32,126.61,125.65,26.28,62.68,85.2,27.04,9.83,43.41,98.05,52.94,14.83,153.07,157.35,70.03,62.6,47.65
2023-08-31,8.83,443.7,68.35,8.51,24.58,166.92,180.99,85.16,36.48,113.77,28.68,87.77,16.46,30.95,39.74,5.51,311.28,68.99,74.88,20.36,44.57,33.82,32.25,43.5,49.23,9.64,73.8,22.17,312.56,31.02,158.8,15.14,117.52,57.97,60.32,66.75,274.65,76.84,41.06,124.15,125.29,26.63,63.52,83.98,26.85,9.67,43.34,99.41,54.24,14.64,152.12,154.63,71.08,61.77,47.81
2023-09-01,8.95,449.33,70.43,8.71,24.7,169.02,180.56,84.0,36.49,113.82,28.68,85.06,16.06,31.8,39.34,5.5,316.16,69.43,75.45,20.61,44.44,32.36,31.93,42.2,49.28,9.47,71.1,22.02,316.83,30.68,148.83,14.94,117.59,56.78,60.53,66.2,276.46,75.8,40.54,122.81,123.29,26.83,63.31,82.45,27.11,9.65,42.18,96.74,53.68,14.7,153.13,157.35,70.16,61.36,48.01
2023-09-04,9.19,461.79,71.63,9.12,25.99,172.18,180.6,84.72,37.46,114.73,28.84,81.08,16.04,32.95,40.27,5.57,312.16,69.69,76.99,20.8,44.26,34.49,31.82,42.29,47.97,9.63,71.15,22.52,312.85,30.58,148.88,15.24,121.98,56.31,60.56,66.5,277.39,75.1,41.02,123.78,123.24,26.59,64.17,81.91,27.36,9.89,42.47,98.5,56.9,15.03,163.83,158.2,71.3,63.17,49.16
2023-09-05,9.07,461.59,75.18,8.98,25.82,172.18,179.87,83.3,37.46,113.28,28.98,76.93,16.36,33.96,40.12,5.52,309.09,70.23,77.42,20.65,44.41,33.96,33.57,42.41,50.42,9.51,70.77,22.42,308.45,30.9,144.5,15.3,122.2,55.6,61.35,65.9,278.22,75.27,43.01,124.88,124.12,26.79,64.8,82.87,27.27,9.81,42.93,98.73,55.63,14.83,164.44,158.2,71.69,63.58,49.11
2023-09-06,8.95,459.58,78.39,9.09,25.64,172.39,181.53,82.68,37.78,115.49,29.26,72.59,16.91,34.46,40.27,5.53,318.37,71.63,79.43,21.2,45.06,36.79,34.61,45.31,51.06,9.56,70.7,22.72,321.45,32.62,152.95,15.44,125.19,55.25,62.81,69.18,281.67,77.81,44.19,122.3,127.36,27.52,66.84,85.28,27.78,9.8,44.53,99.2,56.83,15.06,162.27,158.03,75.46,65.74,49.5
2023-09-07,8.83,451.14,70.56,9.28,25.23,169.44,175.9,80.75,36.87,111.0,28.88,70.55,16.73,34.4,38.62,5.4,303.76,71.39,78.03,20.32,44.3,34.08,32.62,46.78,48.61,9.25,66.93,22.14,313.76,31.02,138.88,15.18,121.39,53.92,60.99,64.55,272.56,73.16,42.6,117.99,123.81,27.07,65.07,82.14,26.87,9.45,44.66,98.5,52.12,14.86,160.38,154.97,73.31,64.04,48.67
2023-09-08,8.95,445.51,77.59,9.37,24.99,169.23,179.2,81.26,37.0,109.66,29.4,73.79,17.35,33.97,38.27,5.4,305.03,73.04,77.79,20.46,44.82,34.96,33.23,46.97,48.55,9.15,67.5,22.1,317.16,32.89,140.48,15.28,121.71,53.9,61.42,65.5,274.76,74.48,42.94,116.33,126.84,27.36,66.42,83.02,26.95,9.39,44.73,102.39,52.5,14.93,159.09,154.63,74.1,64.61,50.02
2023-09-18,8.95,451.34,69.69,10.0,25.05,170.49,173.22,79.36,37.38,106.96,27.8,68.53,16.45,33.85,38.55,5.36,278.81,73.46,75.79,20.4,42.97,33.57,31.32,44.11,44.35,9.21,57.97,22.05,293.69,31.95,129.2,14.93,116.88,57.06,57.83,62.85,287.81,70.47,41.09,114.92,125.43,26.15,63.67,82.28,26.83,9.63,44.96,99.84,49.63,15.06,159.43,160.75,70.34,61.47,49.97
2023-09-19,8.95,445.51,69.96,10.5,25.11,169.65,170.78,78.49,36.32,105.78,26.69,67.5,16.04,34.59,38.0,5.33,276.21,72.73,76.74,20.38,42.52,33.1,30.81,43.85,43.8,9.06,56.02,21.55,290.6,32.27,126.79,14.69,115.68,56.98,57.58,61.15,290.04,67.68,40.13,115.69,125.96,25.84,62.96,80.41,26.64,9.44,44.62,99.81,49.35,14.73,159.63,161.43,69.81,60.33,48.09
2023-09-20,9.01,438.88,71.9,10.03,25.23,168.81,165.2,78.35,35.76,103.13,26.47,66.75,15.94,35.02,36.99,5.3,268.01,71.16,76.35,20.35,41.37,33.17,30.33,43.21,43.01,8.89,53.96,21.41,289.42,31.5,123.3,14.44,112.94,56.54,56.54,60.34,282.85,66.4,39.67,112.91,122.41,25.21,61.48,79.09,26.33,9.06,44.33,97.15,49.34,14.47,158.89,160.24,68.72,59.56,46.74
2023-09-21,8.89,434.26,73.1,9.75,25.11,167.97,165.96,77.98,35.29,100.97,26.24,65.86,15.8,34.38,36.78,5.24,267.38,69.05,74.09,20.01,41.32,33.25,30.15,44.03,42.7,8.86,54.4,21.13,282.77,31.14,123.8,14.4,112.37,55.93,56.99,59.81,282.66,65.49,39.47,111.58,120.29,25.24,61.65,78.87,26.11,9.03,44.19,97.7,49.5,14.25,157.47,158.2,68.76,59.77,46.19
2023-09-22,8.89,443.3,74.24,10.11,25.23,170.07,171.34,78.13,36.46,106.45,26.87,67.12,17.03,34.97,37.94,5.31,270.53,68.34,74.88,19.98,42.32,33.19,31.3,45.75,43.47,9.16,59.38,21.65,292.07,31.4,130.49,14.72,113.53,57.52,58.08,62.18,293.22,66.86,40.48,114.99,121.64,25.91,63.25,81.06,26.6,9.1,44.39,96.87,51.2,14.41,158.01,159.56,70.12,61.52,46.71
2023-09-25,8.83,437.47,75.58,9.78,24.93,169.44,170.69,77.57,36.83,103.58,26.93,64.4,16.83,34.16,38.21,5.25,270.57,67.07,72.37,19.79,42.29,32.85,30.7,44.57,43.47,8.96,58.24,21.2,289.73,31.06,126.13,14.68,111.23,57.41,56.95,61.04,289.37,67.19,40.51,114.23,120.05,25.62,61.75,81.25,26.32,8.93,44.39,94.85,51.33,14.15,159.23,160.92,69.15,60.33,46.32
2023-09-26,8.77,434.86,74.31,9.28,24.76,167.55,168.72,77.64,35.71,101.87,26.8,65.2,16.76,33.83,37.61,5.19,272.08,65.52,71.7,19.43,42.95,32.79,30.45,43.48,42.61,8.71,58.29,20.86,289.11,30.4,130.42,14.46,110.66,56.92,55.83,59.99,277.4,65.74,39.7,111.95,115.66,25.41,60.92,79.98,25.86,8.82,44.0,94.09,50.06,14.15,152.53,161.6,68.72,59.87,45.73
2023-09-27,8.71,437.87,73.57,9.15,24.46,168.18,170.1,78.59,36.33,102.57,26.72,64.17,16.73,32.97,39.07,5.2,270.17,66.08,72.69,19.24,43.25,32.58,30.39,44.57,43.01,8.95,57.5,21.21,291.4,30.37,126.8,14.49,110.2,58.26,55.97,60.61,277.19,67.0,40.1,118.8,113.22,25.2,61.16,80.37,26.19,8.86,43.99,93.1,50.66,14.21,155.1,164.5,68.59,58.99,45.99
2023-10-20,8.35,418.98,76.99,8.43,23.52,161.65,175.57,73.11,34.31,116.6,25.82,58.77,15.57,35.75,38.88,5.0,313.04,66.5,77.64,17.84,41.6,32.85,31.78,42.23,41.2,8.54,57.24,20.47,266.79,29.47,135.55,14.53,105.98,54.26,53.93,56.06,235.82,63.12,43.81,129.31,111.9,25.09,59.53,73.81,23.13,8.67,40.11,98.78,57.1,13.24,146.09,166.88,68.02,60.85,45.05
2023-10-23,8.23,401.9,78.86,8.21,22.82,156.18,171.3,71.81,32.57,115.47,25.23,57.22,15.44,34.92,35.83,4.89,304.91,64.73,76.76,17.62,40.09,31.84,28.7,41.32,39.22,8.05,57.97,19.66,255.96,28.4,108.44,13.97,103.55,52.83,51.41,53.96,224.84,60.2,44.72,125.92,108.78,24.79,57.23,69.48,22.4,8.29,38.44,95.62,56.79,12.85,146.09,158.2,65.87,58.12,43.57
2023-10-24,8.29,414.76,76.72,8.35,23.05,157.86,179.54,74.37,35.35,123.5,26.31,57.32,15.26,35.81,36.01,4.98,316.36,66.65,76.0,17.97,41.74,32.92,29.76,42.39,41.04,8.34,60.93,20.19,273.19,30.35,108.66,14.48,105.45,53.99,53.11,55.46,224.61,62.66,45.19,125.42,108.36,25.81,59.73,71.61,23.09,8.47,39.24,97.1,55.05,13.4,147.72,159.56,68.24,59.92,45.34
2023-10-25,8.47,408.33,82.61,8.38,23.99,156.81,181.02,74.75,35.19,117.43,25.53,58.37,15.19,35.68,36.56,5.05,309.49,66.65,76.27,18.05,41.92,32.67,30.8,44.41,41.01,8.33,58.41,20.46,257.1,30.47,112.68,14.74,106.23,54.24,53.58,56.5,221.55,61.79,50.83,123.85,114.28,25.66,60.43,71.97,23.08,8.53,39.98,96.94,54.68,13.63,146.97,160.24,68.41,61.0,44.97
2023-10-26,8.41,412.35,81.4,8.46,24.05,154.29,182.16,75.17,35.31,124.46,25.82,57.5,15.23,34.47,36.01,5.06,312.03,66.04,74.65,18.31,41.83,31.9,30.04,44.57,40.35,8.3,61.15,20.48,257.34,30.57,111.26,14.7,107.48,53.86,53.31,56.52,223.85,62.5,53.76,120.03,114.18,25.5,59.31,72.69,23.25,8.46,39.58,96.76,54.89,13.53,148.8,159.9,70.25,59.82,45.18
2023-10-27,8.53,417.18,82.27,8.46,24.58,158.5,182.37,74.87,35.58,123.53,26.54,57.59,15.82,36.3,39.31,5.09,305.19,67.0,78.62,18.41,41.69,31.61,30.68,44.15,43.19,8.56,62.22,20.69,268.46,30.59,109.16,14.2,105.64,58.1,54.33,57.81,226.05,64.79,50.86,123.93,115.89,26.01,60.24,73.64,23.91,8.79,41.14,99.78,56.98,13.95,150.63,161.6,71.12,60.02,45.41
2023-10-30,8.59,420.19,89.37,8.51,25.17,160.6,194.91,76.39,36.52,120.94,27.55,60.7,16.31,36.99,43.73,5.12,305.16,68.11,86.63,18.36,43.88,33.84,34.14,49.22,43.26,8.7,70.65,20.57,264.77,31.91,109.68,14.66,114.68,57.2,56.09,54.63,239.01,67.37,56.33,122.63,124.78,27.39,64.07,76.89,24.41,8.88,42.71,116.35,58.3,14.02,151.78,155.65,72.48,61.98,45.83
2023-10-31,8.59,419.99,86.29,8.6,25.29,161.65,201.87,75.44,36.86,120.94,27.31,60.3,15.71,37.72,43.38,5.09,317.62,66.69,83.6,18.13,44.2,33.54,33.43,48.64,41.43,8.46,71.05,20.34,267.21,32.0,107.23,14.38,116.62,59.49,55.64,53.35,240.64,68.2,56.9,116.88,125.05,27.18,66.11,75.54,23.9,8.75,42.88,116.88,57.25,13.99,151.58,159.73,72.83,61.57,45.57
2023-11-01,8.53,417.98,86.29,8.82,25.4,163.13,201.06,75.71,37.28,118.42,26.4,61.14,15.88,37.8,42.62,5.1,314.64,68.92,82.22,18.01,44.8,33.01,33.46,47.24,40.56,8.49,70.04,20.53,268.06,31.53,108.0,14.35,118.75,58.66,55.63,53.34,238.77,68.8,55.79,111.83,126.47,27.33,65.95,76.12,24.24,8.75,43.0,116.63,58.21,14.05,150.97,158.54,72.96,61.88,46.04
2023-11-02,8.53,415.57,85.82,8.79,25.11,160.39,197.72,74.91,36.68,116.72,26.01,60.73,15.46,36.99,42.8,5.04,304.81,65.73,81.82,17.96,43.13,31.84,32.5,46.73,39.88,8.32,68.52,19.81,263.43,31.05,104.75,14.18,115.42,57.82,54.39,52.93,228.84,67.33,54.1,108.74,123.72,26.65,64.18,73.96,23.83,8.67,43.43,114.74,57.31,14.02,150.02,154.8,71.91,60.85,45.83
2023-11-03,8.53,423.61,87.76,8.65,24.87,161.86,208.12,75.34,37.41,118.03,26.8,63.73,16.02,39.12,42.49,5.07,313.94,66.46,88.13,18.37,44.68,33.94,34.01,47.37,40.88,8.51,68.64,20.19,280.15,32.28,109.03,14.54,118.82,58.2,57.23,56.26,238.42,67.79,56.52,113.95,125.71,27.96,66.67,80.45,24.4,8.71,44.42,118.38,57.86,14.08,150.22,153.1,73.75,63.42,46.48
2023-11-06,8.53,433.25,96.53,8.68,24.99,165.23,215.58,75.85,38.51,116.8,27.6,65.57,16.53,39.28,44.68,5.16,315.15,67.89,90.51,18.83,45.33,34.5,34.39,46.79,42.26,8.85,71.54,21.27,303.25,32.86,116.77,15.2,123.12,59.95,58.37,57.0,253.01,69.31,58.1,120.62,130.54,28.36,67.16,81.08,25.36,8.97,46.08,120.43,57.3,14.34,152.32,156.33,74.63,64.09,47.68
2023-11-07,8.53,433.86,98.94,8.62,25.11,165.02,210.67,75.04,39.14,116.65,27.65,66.63,16.87,38.51,44.91,5.16,314.42,67.74,91.5,18.65,45.26,34.65,36.93,48.33,42.9,8.8,69.99,21.15,299.38,32.7,122.82,15.31,122.4,59.5,58.05,59.36,249.63,68.86,56.43,120.65,131.25,28.55,67.6,81.05,25.29,8.85,46.56,123.93,57.55,14.44,153.07,155.31,74.76,64.81,48.17
2023-11-08,8.41,429.64,96.94,9.04,24.87,163.76,203.77,72.76,38.62,118.66,27.81,65.19,18.0,38.51,45.87,5.5,324.97,68.67,95.28,18.72,44.8,34.93,38.09,46.41,43.46,8.75,70.39,21.05,303.05,33.57,134.99,15.27,120.74,62.36,58.32,59.9,252.14,69.44,57.31,121.55,130.85,28.37,67.26,80.29,25.26,8.84,44.44,120.84,58.31,14.44,152.25,158.03,74.23,64.56,47.68
2023-11-09,8.47,427.42,93.19,8.93,25.05,163.76,198.71,73.36,38.2,114.61,27.24,64.54,17.95,38.07,45.22,5.35,318.74,70.65,91.3,18.55,44.24,34.25,36.99,45.78,43.18,8.7,67.62,20.96,302.98,34.96,132.52,15.09,119.94,60.26,57.61,59.11,248.95,69.58,56.16,123.27,130.44,28.01,66.19,79.44,25.24,8.82,43.92,119.03,57.0,14.28,153.81,157.52,73.53,63.89,47.34
2023-11-10,8.41,425.82,95.19,9.06,24.99,162.5,196.72,73.36,38.26,113.61,27.25,65.49,17.95,38.52,45.49,5.29,325.18,71.28,91.75,18.32,43.96,34.58,36.22,45.83,43.21,8.6,66.15,20.92,307.89,34.29,136.99,15.07,119.61,59.84,57.95,58.56,247.3,68.96,55.44,123.48,131.27,27.93,66.37,81.31,25.36,8.77,44.34,115.67,54.39,14.25,157.6,155.31,73.44,64.09,47.36
2023-11-13,8.53,426.82,96.06,8.95,26.46,163.76,198.41,72.5,38.29,115.78,27.26,65.37,18.46,39.02,44.59,5.33,325.01,74.19,91.2,18.5,45.13,35.04,34.76,48.59,43.39,8.69,65.5,21.36,307.34,34.27,135.19,15.07,120.37,61.56,58.32,59.38,247.71,69.69,59.02,125.12,136.46,28.52,66.87,81.08,25.55,8.78,44.41,114.81,54.24,14.47,162.55,154.12,74.28,65.07,47.88
2023-11-14,8.47,426.22,100.28,8.87,29.11,163.34,205.25,72.69,38.07,119.31,27.35,67.36,18.8,40.13,45.71,5.38,329.04,73.78,91.1,18.69,45.28,35.6,35.12,49.54,43.8,8.68,67.19,21.31,307.29,35.12,153.02,15.32,123.2,61.19,59.37,60.75,251.23,70.12,64.61,125.51,145.36,28.65,68.53,81.6,26.25,8.8,44.8,115.55,54.65,14.38,163.36,151.23,75.02,65.74,47.75
2023-11-15,8.53,431.44,97.47,8.76,32.05,169.65,206.42,74.28,38.65,117.82,27.7,68.7,19.25,39.8,45.62,5.34,321.98,73.05,91.83,18.5,45.19,35.26,34.68,48.85,43.07,8.91,66.69,21.82,304.18,34.49,151.5,15.35,122.92,61.59,59.21,60.26,250.65,72.08,63.85,124.55,150.7,28.8,68.33,80.23,31.5,8.9,45.24,115.92,54.32,14.31,165.79,152.25,74.63,65.59,48.01
2023-11-16,8.47,423.41,97.07,8.65,31.11,166.07,200.58,73.7,37.74,114.35,27.57,66.79,19.41,40.38,44.16,5.28,311.06,72.11,90.92,18.08,44.86,34.74,34.59,50.14,41.59,8.61,65.8,21.16,296.69,34.69,151.95,15.19,121.07,60.38,57.97,58.76,245.05,73.76,60.31,119.01,148.09,28.49,67.5,78.33,35.09,8.69,45.61,112.43,53.42,14.21,166.95,150.04,73.88,64.4,47.34
2023-11-17,8.47,424.41,95.13,8.57,33.46,167.34,203.34,73.7,37.91,115.23,27.83,67.33,19.21,39.03,43.91,5.29,316.21,72.7,90.96,18.08,45.06,35.17,36.1,55.22,43.01,8.79,65.53,21.32,296.0,36.44,153.7,15.32,121.93,61.88,58.54,59.04,245.17,73.99,60.61,117.91,145.56,28.69,68.48,78.25,41.0,8.76,47.79,111.51,53.7,14.34,167.15,154.97,74.41,64.56,47.99
2023-11-20,8.47,427.83,97.27,8.54,33.7,166.92,207.66,73.46,38.07,114.37,28.19,65.97,19.02,38.24,44.43,5.33,316.24,74.59,88.54,18.01,44.97,35.17,35.11,53.19,44.08,8.91,63.09,21.66,292.53,38.65,165.43,15.38,121.74,62.34,57.98,59.01,246.35,74.71,58.55,132.34,143.17,28.76,69.03,78.16,37.77,8.83,45.97,108.36,53.92,14.41,165.86,152.93,75.15,64.92,48.59
2023-11-21,8.47,424.01,93.59,8.6,32.81,166.28,198.9,74.13,37.13,113.03,27.71,64.9,19.21,37.23,43.79,5.35,311.58,75.03,88.44,17.88,44.48,34.37,32.99,49.43,42.4,8.74,63.51,21.33,291.15,39.54,155.0,15.15,119.79,61.85,57.35,57.31,251.02,72.35,57.61,128.99,142.56,28.21,67.41,76.93,34.43,8.74,45.5,108.03,53.61,14.44,165.86,154.97,73.79,64.3,47.62
2023-11-22,8.47,415.97,90.04,8.62,32.93,164.18,193.12,73.11,36.19,109.7,27.18,64.13,18.37,36.31,42.74,5.27,307.58,74.72,85.29,17.61,44.06,33.69,31.85,47.79,41.35,8.59,63.29,20.7,285.66,37.46,152.78,14.85,116.66,61.34,55.72,56.28,246.51,72.5,56.41,124.12,140.5,27.87,66.0,73.25,34.94,8.51,44.73,106.06,52.64,14.57,162.95,152.76,72.61,63.01,46.92
2023-11-23,8.53,416.77,94.12,8.57,34.46,165.02,197.37,73.79,36.61,111.56,27.77,64.61,18.85,37.62,42.86,5.29,316.36,77.09,87.83,17.76,44.99,34.33,31.89,48.16,41.65,8.68,63.78,20.99,286.02,37.67,152.03,15.15,117.21,62.29,57.15,56.48,242.34,72.66,57.19,126.54,141.96,28.14,67.78,73.87,33.72,8.53,45.85,108.59,53.38,14.57,165.25,153.44,73.97,63.32,47.39
2023-11-24,8.65,409.94,90.64,8.49,34.22,163.34,197.57,73.73,35.87,111.5,27.03,63.64,18.71,37.49,42.32,5.22,310.36,74.62,84.68,17.56,43.64,33.29,31.2,48.63,40.2,8.49,63.32,20.65,278.93,35.42,142.08,14.81,114.57,62.52,55.85,54.48,233.44,71.9,56.17,122.72,141.56,27.43,64.59,72.09,32.32,8.41,45.74,106.93,54.09,14.41,164.58,151.57,72.52,61.36,46.14
2023-11-27,8.53,403.71,91.04,8.6,33.7,162.28,209.66,73.83,36.06,114.27,27.32,63.06,18.97,39.22,41.89,5.22,327.06,75.52,86.11,18.02,44.35,34.87,31.69,49.56,40.61,8.41,64.4,20.73,280.95,35.78,144.01,14.91,116.4,63.43,56.13,54.79,239.16,72.33,57.52,120.06,142.84,28.18,66.71,72.8,32.95,8.36,45.46,109.07,54.61,14.44,163.02,155.31,73.66,61.77,46.32
2023-11-28,8.59,405.52,93.45,8.6,33.28,162.71,211.77,74.2,36.78,113.72,27.7,63.39,19.24,39.83,42.8,5.27,326.4,76.7,88.12,18.11,45.0,35.08,33.36,49.39,40.65,8.57,64.38,20.95,283.13,37.46,144.1,15.11,117.38,62.35,56.96,55.29,241.03,72.13,58.34,120.82,142.98,29.07,68.28,72.82,33.43,8.37,45.66,108.2,54.55,14.44,163.56,155.31,74.14,61.98,46.69
2023-11-29,8.47,403.51,92.58,8.57,32.05,160.39,215.48,75.44,36.93,111.94,27.54,62.11,19.76,40.01,43.6,5.16,328.23,76.67,87.41,17.67,45.1,35.04,33.82,50.92,42.94,8.37,66.03,20.53,281.51,39.3,142.8,15.11,116.68,60.87,56.69,54.11,241.81,74.4,57.52,120.67,143.06,29.7,67.72,74.19,32.87,8.01,46.09,107.1,53.7,14.57,162.34,155.48,74.23,61.67,46.79
2023-12-08,8.47,394.27,86.69,8.16,30.99,160.6,225.36,73.93,34.19,111.69,25.59,62.54,19.9,39.07,40.76,5.0,330.61,76.18,84.7,17.4,42.24,32.66,32.55,47.3,37.15,7.86,66.8,19.4,259.43,35.43,169.42,14.03,111.13,60.51,54.04,54.98,230.02,74.36,56.59,108.6,136.41,27.7,62.68,63.77,31.59,7.75,44.15,102.77,52.55,13.92,162.82,153.44,69.86,59.46,44.71
2023-12-11,8.53,395.07,90.44,8.16,31.46,164.6,236.42,77.0,34.34,111.5,26.12,65.25,19.66,39.34,40.85,5.06,335.56,74.4,86.31,17.35,42.32,33.56,33.71,45.82,39.0,7.69,68.41,19.4,263.94,35.73,169.99,14.15,114.14,60.26,54.49,56.35,229.38,76.47,60.57,106.02,136.14,28.06,64.06,65.62,31.24,7.55,45.26,102.21,53.18,14.12,164.51,153.27,70.77,61.47,45.41
2023-12-12,8.47,393.66,92.32,8.21,31.81,162.71,234.52,78.08,33.9,111.06,25.98,64.14,19.18,38.85,40.36,5.11,325.94,73.07,86.65,17.31,42.17,33.5,33.64,46.9,39.02,7.56,67.43,19.0,265.83,35.31,154.0,14.19,115.28,59.79,54.38,55.95,232.31,76.42,61.65,103.33,140.88,28.01,63.13,65.5,31.15,7.42,44.87,102.27,54.12,14.47,163.09,153.27,70.82,64.81,45.05
2023-12-13,8.41,386.43,93.32,8.27,31.58,162.5,244.22,78.79,33.67,109.36,26.02,63.9,19.02,38.02,39.02,5.12,322.34,74.01,85.99,17.15,41.34,33.22,34.43,45.02,38.44,7.35,66.0,18.62,273.46,34.84,148.28,14.12,114.31,60.18,53.51,55.6,234.74,77.23,60.9,94.58,137.9,27.72,62.31,64.25,30.49,7.33,44.79,100.96,53.75,14.41,162.0,152.25,69.94,63.42,44.97
2023-12-14,8.41,380.0,91.04,8.21,31.93,161.65,244.88,78.55,33.53,109.24,26.07,64.35,18.27,38.4,39.25,5.16,314.91,74.91,92.46,17.28,41.1,33.01,34.42,44.61,38.08,7.31,66.99,18.6,277.13,36.09,148.85,14.07,113.44,63.15,53.48,54.92,234.05,77.17,60.69,92.25,139.47,28.35,62.38,64.05,30.24,7.31,44.7,101.79,53.1,14.57,163.15,153.95,69.72,62.14,44.58
2023-12-15,8.35,379.4,89.71,8.16,31.34,160.39,231.75,79.07,33.51,107.85,25.76,64.17,18.0,37.94,39.28,5.27,314.21,74.04,86.23,17.25,40.88,33.19,34.59,44.27,38.48,7.33,65.65,18.55,270.55,35.46,144.8,13.94,108.43,62.39,52.29,53.36,234.07,78.3,58.17,92.04,139.41,27.98,61.64,63.23,30.09,7.29,44.65,99.34,53.6,14.44,162.61,150.72,69.29,60.85,44.19
2023-12-18,8.23,367.54,92.99,8.05,31.34,158.5,229.69,77.41,32.82,105.54,25.24,61.91,18.05,34.47,38.03,5.05,309.28,73.09,84.49,16.93,40.49,32.33,33.1,43.16,37.12,7.19,64.94,18.3,261.63,34.39,145.45,13.64,108.18,61.68,50.3,51.6,223.94,76.8,55.75,88.34,136.96,27.63,60.91,60.33,29.31,7.12,44.26,96.62,53.74,14.28,162.61,152.93,67.8,58.53,43.54
2023-12-19,8.23,359.5,97.94,7.63,31.23,159.34,231.59,77.38,32.98,107.32,25.52,62.33,18.13,34.26,38.27,4.94,311.88,73.89,87.49,17.01,40.81,32.69,32.29,44.77,37.45,7.19,64.8,18.24,267.9,35.55,148.78,13.81,109.06,62.64,50.07,51.46,224.4,77.09,57.64,89.46,138.75,28.32,61.58,60.48,29.36,7.17,44.89,97.04,54.76,14.28,164.44,150.72,68.37,59.92,43.88
2023-12-20,8.11,355.69,97.07,7.71,30.64,164.39,226.51,77.07,33.0,106.49,25.65,61.15,18.32,33.52,37.75,4.94,309.79,72.09,87.03,17.02,40.66,32.63,31.49,42.86,36.94,7.12,65.78,18.06,260.77,35.06,142.89,13.69,107.9,61.71,48.89,48.77,220.28,76.18,58.04,88.16,139.22,28.31,60.58,59.03,28.94,7.06,44.44,95.83,54.51,14.21,163.49,150.72,68.02,58.63,43.65
2023-12-21,8.17,362.32,95.06,8.07,30.76,158.08,233.59,75.28,33.42,106.89,25.62,61.17,18.09,34.59,39.65,4.97,312.21,72.29,87.15,17.13,40.59,32.36,30.15,43.85,37.74,7.22,65.5,18.2,266.63,35.42,146.2,13.67,109.09,62.98,49.29,49.71,219.98,77.54,57.95,92.2,141.76,28.56,61.03,59.93,28.78,7.18,44.95,95.45,54.57,14.44,164.91,150.89,68.72,58.74,43.67
2023-12-22,8.17,373.57,94.86,8.1,30.4,165.02,231.06,75.42,33.37,105.38,25.47,61.16,18.06,33.63,39.57,4.92,301.14,74.4,86.33,16.93,39.59,31.43,28.9,44.75,36.18,7.23,63.88,18.22,261.92,34.49,147.0,13.56,106.41,62.35,48.63,48.69,214.81,78.45,54.92,97.8,137.4,27.34,59.67,59.34,28.88,7.23,43.81,94.33,54.79,14.08,166.2,149.7,67.36,57.34,43.78
2023-12-25,8.11,382.01,93.86,8.35,30.05,162.07,232.2,78.15,32.76,104.38,24.91,60.46,18.09,33.17,39.66,4.91,291.03,76.44,79.89,17.03,39.6,31.49,26.03,45.86,38.27,7.18,62.77,18.18,259.92,34.54,136.2,13.43,106.57,62.39,48.83,49.24,215.25,77.64,55.05,96.58,139.35,27.7,59.45,58.95,28.0,7.26,43.51,94.14,53.01,13.82,167.49,150.38,67.05,57.45,43.98
2023-12-27,8.11,377.99,93.05,8.68,29.99,166.49,228.95,75.8,32.66,103.16,24.68,58.59,17.99,33.29,39.34,4.77,287.3,76.31,81.9,16.47,39.2,31.39,26.52,44.61,38.1,7.0,64.16,17.9,256.83,34.03,131.51,13.24,104.48,61.31,47.0,47.09,207.14,79.3,58.23,96.57,142.58,27.18,58.41,58.23,28.29,7.12,42.82,93.15,51.91,13.73,166.95,151.74,66.75,55.64,43.41
2023-12-28,8.41,390.05,94.26,8.98,30.11,166.49,229.96,77.91,34.42,103.93,25.49,62.32,18.24,33.85,43.33,4.92,284.24,76.7,81.65,17.11,40.24,32.54,27.76,44.24,39.9,7.66,63.42,18.8,267.9,34.87,132.11,13.77,108.95,62.16,48.96,49.25,219.48,78.12,57.61,105.55,145.5,27.8,60.77,63.26,29.31,7.54,44.06,95.13,53.13,13.89,171.21,152.25,68.19,57.24,44.66
2024-01-02,8.29,386.83,103.76,8.71,31.34,166.07,239.39,75.44,34.64,102.17,26.33,62.49,18.47,33.08,41.76,4.99,279.5,78.69,78.62,17.26,40.7,33.37,27.05,46.54,37.97,7.5,63.5,19.14,261.72,34.24,134.9,14.15,110.03,61.76,49.07,47.78,211.2,82.19,60.45,101.97,149.72,28.32,61.62,62.74,29.37,7.35,46.24,92.18,52.96,14.41,175.68,154.97,69.42,57.76,44.95
2024-01-03,8.29,385.43,95.66,8.73,31.75,163.34,232.8,75.72,34.13,101.71,26.12,59.75,18.32,32.52,41.64,5.01,280.5,78.55,77.86,17.28,40.57,32.73,26.87,45.23,37.75,7.46,60.8,19.24,247.54,34.08,127.96,13.94,107.42,61.53,48.42,46.53,209.47,81.28,62.62,101.59,143.19,28.28,60.41,61.9,29.13,7.34,46.13,89.23,52.48,14.64,177.17,155.65,68.72,56.88,44.5
2024-01-04,8.29,376.99,96.2,8.79,31.28,160.39,225.22,74.51,33.83,100.58,25.92,57.42,18.23,33.07,40.73,4.97,281.97,76.85,76.84,16.77,40.31,32.11,25.52,44.71,36.58,7.33,62.65,19.03,241.54,32.5,127.6,13.69,100.63,62.94,46.59,45.7,202.07,80.25,61.52,98.16,141.97,27.84,59.33,60.23,28.45,7.2,45.49,89.0,51.88,14.86,182.45,159.22,68.24,55.75,43.96
2024-01-05,8.29,371.16,91.65,8.54,30.7,158.08,220.52,71.96,32.86,99.16,25.29,56.06,17.76,32.25,40.44,4.89,283.45,72.38,75.52,16.8,40.1,30.71,24.89,42.53,35.58,7.2,61.95,18.6,234.6,31.98,125.1,13.4,98.55,61.95,45.73,45.16,197.92,79.73,59.28,93.84,140.69,27.37,57.82,58.26,27.63,7.17,45.05,87.74,50.58,14.51,180.69,162.28,66.79,54.56,43.23
2024-01-08,8.17,363.52,89.24,8.38,29.93,157.02,207.46,67.04,32.08,96.22,24.64,53.41,16.93,31.39,39.16,4.81,276.63,67.97,73.68,15.98,38.79,29.15,23.56,41.61,34.5,6.96,59.09,17.99,224.15,31.9,122.09,13.05,95.34,60.19,44.17,43.56,188.21,80.23,55.96,92.32,139.47,26.73,55.94,56.47,26.63,7.05,44.2,85.29,49.5,14.54,181.23,159.39,63.99,52.66,41.59
2024-01-09,8.11,367.14,89.71,8.32,29.99,156.81,201.56,66.56,32.03,94.34,24.62,53.98,16.96,31.06,39.37,4.84,272.72,65.98,76.86,16.1,39.07,29.49,23.14,42.01,35.32,7.05,58.99,18.1,218.53,31.91,119.02,13.11,95.33,60.56,43.97,42.6,184.21,78.51,55.68,94.14,139.13,26.26,56.18,56.48,26.8,6.99,44.6,84.59,48.45,16.0,182.11,161.6,64.65,52.55,42.03
2024-01-10,8.11,368.14,84.82,8.27,29.93,154.71,198.37,66.02,31.8,95.75,24.13,53.75,16.81,30.92,39.34,4.82,267.56,65.59,75.55,16.12,39.07,29.35,22.76,42.33,34.74,7.09,57.3,18.02,219.13,31.58,118.45,12.95,95.8,59.29,44.05,44.3,181.44,75.1,54.83,94.97,139.57,25.88,55.42,56.42,26.53,7.07,44.59,86.43,47.47,17.6,182.18,157.69,63.42,51.73,41.69
2024-01-11,8.23,372.77,88.7,8.49,30.7,156.18,204.32,67.17,32.45,96.62,24.74,55.32,17.08,30.75,42.28,4.91,273.57,66.33,78.36,16.13,39.15,29.92,23.15,43.21,35.31,7.36,56.75,18.35,220.75,31.76,120.39,13.15,96.58,60.53,44.69,44.48,185.37,76.11,59.21,97.92,142.78,26.02,56.64,58.47,27.6,7.33,45.53,89.4,47.6,19.35,182.85,157.35,65.04,53.17,42.73
2024-01-12,8.23,368.34,88.97,8.38,30.4,155.97,199.68,66.54,32.14,96.35,24.35,54.33,16.7,30.46,41.37,4.88,276.1,63.78,74.73,15.85,38.6,29.47,22.56,41.87,35.56,7.32,55.17,18.42,218.08,31.16,117.15,13.03,93.95,60.31,43.77,43.13,183.82,77.97,56.2,100.84,136.52,25.46,55.79,57.18,27.26,7.28,44.93,85.71,45.83,21.3,185.5,160.41,64.08,52.09,42.29
2024-01-15,8.17,362.72,88.77,8.21,30.05,151.97,204.39,66.56,30.96,96.83,24.22,54.28,16.42,30.76,39.26,4.9,275.32,59.35,75.03,15.95,37.95,29.52,23.52,40.49,35.06,7.14,54.33,18.04,214.75,30.51,120.8,12.82,93.97,60.69,44.32,43.35,182.0,77.89,53.5,96.22,138.45,26.15,55.94,59.23,27.12,7.07,43.68,86.54,45.67,23.45,180.55,162.62,64.87,52.45,41.85
2024-01-16,8.17,361.51,87.7,8.13,29.93,151.34,208.49,66.46,30.69,97.22,24.03,53.72,16.36,30.32,39.86,4.85,282.32,59.49,73.55,16.04,37.52,29.54,23.19,38.78,35.53,7.16,53.73,18.01,214.5,30.51,122.76,12.75,93.95,59.6,43.58,42.92,180.92,76.88,53.16,96.82,136.85,25.86,55.42,58.64,26.82,7.08,43.37,85.43,45.99,25.79,181.09,164.84,64.12,52.14,41.43
2024-01-17,7.99,351.67,84.28,7.99,29.52,147.76,197.72,65.18,29.94,92.44,23.48,52.15,15.99,29.04,36.17,4.76,273.08,56.45,69.54,15.68,37.0,28.56,22.17,35.6,34.01,6.86,51.45,17.62,206.06,29.35,123.92,12.42,91.06,58.49,41.82,41.38,173.39,74.07,50.83,93.17,129.65,24.81,53.35,56.62,25.78,6.8,41.55,83.59,44.69,28.36,177.44,162.11,62.2,50.49,40.52
2024-01-18,7.93,353.47,83.75,8.07,28.81,147.55,198.57,63.99,29.56,92.97,23.25,52.27,15.98,28.77,36.48,4.67,276.21,56.83,70.09,15.66,36.98,28.39,22.22,35.93,34.07,6.84,52.82,17.3,208.72,29.92,131.5,12.12,90.86,57.37,42.07,42.0,173.92,75.08,52.27,94.7,131.52,24.77,53.17,57.5,25.88,6.79,42.44,83.54,45.64,31.19,177.85,155.31,61.93,50.44,40.0
2024-01-19,7.87,353.88,81.0,8.07,28.34,145.45,194.77,64.43,28.95,92.64,22.67,51.59,15.5,28.07,36.1,4.63,271.81,56.63,66.77,15.52,36.07,28.05,22.14,35.25,33.82,6.75,54.49,17.1,204.3,29.51,131.68,11.94,90.13,59.55,41.11,41.28,172.26,74.03,48.38,90.68,131.69,24.04,52.56,55.74,25.55,6.68,40.11,83.75,45.86,34.31,176.76,155.65,61.01,49.72,39.33
2024-01-22,7.63,342.42,75.85,7.85,26.87,138.92,181.55,63.56,26.88,87.62,20.95,49.01,14.51,26.26,32.98,4.35,252.19,54.88,62.97,14.92,34.02,26.08,20.5,33.16,31.61,6.2,52.16,15.89,193.58,27.42,129.0,11.24,84.0,59.73,38.41,39.7,162.7,68.2,46.2,83.67,122.16,22.48,48.62,51.39,23.84,6.15,39.09,79.19,44.83,37.76,170.67,148.85,57.03,46.37,36.88
2024-01-23,7.69,346.24,79.53,7.96,26.58,140.39,179.2,64.03,26.55,91.78,20.84,50.08,14.59,26.23,32.73,4.33,250.73,54.98,63.68,14.9,33.48,25.99,20.4,32.59,32.94,6.1,53.7,15.89,197.21,27.48,134.72,11.06,83.97,59.42,38.77,39.74,166.72,69.34,46.22,83.88,124.17,21.86,48.6,52.59,23.75,6.22,38.76,89.84,44.72,41.53,173.24,150.21,57.12,46.42,37.06
2024-01-24,7.81,352.87,78.26,8.05,27.11,141.87,176.85,64.43,26.42,90.63,20.71,49.04,14.37,25.97,32.41,4.52,248.92,55.6,61.36,15.19,33.24,26.89,20.29,31.22,31.94,6.15,54.4,16.01,195.96,27.59,131.6,11.14,81.6,59.02,38.68,39.41,163.58,67.17,45.47,83.71,121.98,22.01,48.31,51.87,23.47,6.27,38.06,88.64,45.37,40.01,173.99,155.48,57.29,46.88,37.56
2024-01-25,8.05,361.31,82.27,8.16,28.76,145.03,179.01,66.81,28.21,93.64,21.46,50.91,15.92,27.51,32.68,4.87,258.11,57.91,63.8,15.56,35.12,27.47,20.99,33.33,33.11,6.43,56.47,16.67,199.08,27.8,132.81,11.64,86.73,61.07,39.92,41.01,168.64,69.19,47.03,83.95,127.71,22.98,50.59,53.42,24.75,6.54,39.13,91.81,47.26,44.01,177.64,157.69,59.44,48.53,38.99
2024-01-26,8.23,359.7,78.26,8.1,28.81,144.6,165.74,66.74,27.72,82.7,21.38,48.39,15.63,26.71,30.99,4.81,247.71,56.45,58.38,15.65,33.93,27.43,19.87,32.7,35.13,6.33,53.73,16.6,190.29,26.78,126.49,11.56,83.77,61.91,39.27,39.0,162.95,67.5,44.08,80.55,122.65,22.6,49.44,51.23,23.98,6.45,38.18,85.46,46.5,41.63,180.49,159.73,58.91,48.17,38.47
2024-01-29,8.05,357.29,74.11,8.43,28.05,142.5,158.55,66.39,27.01,81.1,21.02,46.88,15.19,26.06,29.43,4.91,238.51,55.28,57.23,15.49,33.01,26.14,19.13,30.88,33.73,5.97,52.54,16.07,184.51,25.24,127.2,11.01,79.83,63.24,37.98,38.07,157.13,65.82,41.74,75.68,115.99,21.64,47.5,48.65,22.88,6.26,36.84,82.9,45.35,40.98,173.24,157.69,56.55,45.85,40.68
2024-01-30,7.93,346.44,72.97,8.18,27.29,133.24,151.07,64.21,25.74,78.3,20.1,45.5,14.56,24.75,28.24,4.63,222.43,52.72,55.77,14.63,31.83,24.97,18.98,29.32,33.49,5.78,50.05,15.57,178.42,23.16,116.9,10.64,77.71,62.54,36.61,36.31,150.15,64.73,40.98,72.96,113.38,20.73,45.69,46.55,21.72,6.03,37.34,81.37,43.08,42.25,171.28,151.06,54.1,44.0,36.78
2024-01-31,7.81,339.21,70.96,7.85,26.34,129.87,145.08,62.31,23.89,77.8,18.97,44.84,13.93,22.78,27.63,4.7,221.12,51.57,52.06,14.19,30.62,23.42,17.56,27.4,31.54,5.35,48.24,14.67,170.82,21.35,110.0,9.94,72.64,61.25,35.16,34.66,145.89,63.51,39.44,68.28,109.37,19.28,42.83,45.3,20.2,5.77,36.0,74.87,43.29,38.02,167.69,146.12,50.55,41.06,36.52
2024-02-01,7.69,337.6,72.03,7.82,26.05,130.5,141.52,61.97,23.68,78.08,18.45,43.89,13.72,23.15,27.33,4.39,230.57,51.64,53.84,13.96,30.72,23.54,16.94,27.08,33.0,5.23,48.91,14.38,173.04,20.75,116.49,9.64,71.38,61.5,34.17,34.01,144.43,64.48,39.84,66.46,113.27,18.88,42.16,44.36,19.74,5.6,36.08,78.41,42.68,36.66,166.27,140.34,49.9,40.7,35.58
2024-02-02,7.63,326.75,74.17,7.44,24.64,127.98,134.29,62.57,22.21,74.31,16.89,44.03,12.91,21.5,25.71,4.23,230.78,49.69,52.28,13.45,29.61,22.03,16.05,25.99,33.0,4.92,47.2,13.77,164.28,19.12,108.49,9.0,67.88,61.53,31.81,32.09,136.66,64.48,36.89,62.35,107.27,17.57,39.06,41.23,18.39,5.29,35.38,72.51,42.13,33.99,162.82,134.05,46.79,38.23,33.81
2024-02-05,7.39,317.71,74.31,7.08,22.17,130.71,124.11,64.78,18.38,73.27,15.89,46.92,11.46,19.46,23.4,3.69,238.46,50.52,47.53,13.76,25.86,19.99,13.54,23.11,30.97,4.22,44.17,12.21,156.59,15.77,103.03,7.98,58.56,59.61,28.41,32.18,127.74,62.89,31.15,56.21,104.26,15.18,34.19,36.55,15.71,5.01,33.84,66.49,42.97,37.4,161.66,128.77,40.27,33.49,30.2
2024-02-06,7.87,349.46,81.74,6.97,22.29,139.76,148.18,66.76,19.11,80.26,16.18,48.79,12.16,20.12,25.77,3.79,259.67,54.55,51.96,14.05,26.07,21.57,14.13,22.09,32.7,4.29,50.76,12.81,169.26,16.16,111.2,8.52,62.22,59.95,30.45,32.98,146.25,67.06,32.35,62.41,112.47,15.75,34.9,38.56,16.76,5.38,34.33,73.49,44.97,35.39,171.75,141.36,41.62,37.51,32.07
2024-02-07,8.41,380.2,85.09,6.89,23.82,152.6,157.01,68.04,20.27,86.34,16.02,54.64,11.83,20.77,27.2,3.76,276.95,58.88,52.26,14.54,26.13,21.34,14.25,20.72,32.7,3.99,58.82,12.59,188.18,15.31,110.88,8.15,62.99,57.87,31.65,35.85,159.76,69.09,31.43,66.43,116.39,15.13,33.26,40.98,17.31,5.72,34.44,75.92,42.9,34.64,178.52,148.51,40.79,38.9,34.62
2024-02-08,8.41,375.78,88.83,7.19,24.7,152.18,156.59,68.49,21.15,87.54,19.23,53.86,14.15,23.11,29.15,4.0,276.66,60.92,57.18,14.88,29.74,23.29,17.02,24.86,34.43,4.68,58.0,14.09,184.51,17.85,115.4,9.13,71.6,59.82,35.6,37.01,166.36,71.71,36.26,69.99,123.81,17.56,39.73,45.44,19.37,6.08,37.02,78.59,44.0,31.19,176.69,149.53,45.74,46.68,35.27
2024-02-19,8.29,372.36,91.31,7.49,25.7,149.66,153.92,67.94,21.84,87.04,19.46,53.35,14.89,23.7,29.49,4.07,280.59,57.59,59.21,14.78,31.23,24.47,16.79,26.18,35.18,4.57,57.35,14.33,186.74,18.36,134.03,9.36,74.17,61.08,35.31,38.67,167.64,72.89,37.74,68.74,118.57,18.01,40.77,44.52,20.14,5.93,37.54,79.53,44.82,32.72,178.79,152.08,47.75,50.08,35.37
2024-02-20,8.23,368.55,95.6,7.69,25.64,148.81,152.92,67.81,21.79,86.11,19.98,53.06,14.41,23.9,29.41,4.07,272.04,57.44,60.55,14.74,30.84,25.49,16.9,26.18,35.38,4.6,58.35,14.37,185.18,18.45,129.3,9.37,74.16,61.49,34.93,38.46,163.43,72.89,38.44,68.56,114.39,17.99,41.37,45.09,20.04,5.82,38.52,76.83,44.45,36.0,179.27,151.4,48.41,48.95,35.37
2024-02-21,8.23,369.75,91.45,7.71,25.64,148.81,153.82,68.76,21.84,86.61,19.66,52.27,14.27,23.27,29.26,4.16,275.6,57.2,60.05,14.9,31.5,25.06,17.46,27.75,35.39,4.85,56.93,14.54,184.69,18.49,127.3,9.53,74.81,61.85,35.25,37.68,164.25,72.87,38.3,69.86,114.2,18.24,42.16,45.74,19.87,5.96,38.95,76.1,44.99,39.62,178.86,152.42,48.85,49.41,35.45
2024-02-22,8.29,374.78,91.58,7.63,26.58,148.6,154.04,68.93,22.37,85.91,20.01,52.59,14.49,24.05,29.9,4.18,273.2,57.46,60.93,14.9,31.7,25.48,18.5,28.42,35.41,4.9,57.12,14.77,187.83,19.64,139.88,9.75,76.04,61.03,36.18,38.46,163.71,73.99,39.96,70.77,114.7,18.93,43.08,46.34,20.68,5.94,38.53,75.93,45.14,37.99,182.38,152.59,50.47,50.9,36.26
2024-02-23,8.23,373.37,91.04,7.63,28.52,148.18,155.92,69.6,23.73,86.67,20.75,52.22,15.0,24.3,30.14,4.3,270.62,57.21,62.71,15.14,32.11,25.95,19.19,29.77,36.08,5.15,56.8,15.09,189.18,21.22,141.83,10.12,77.74,59.68,37.32,38.41,168.49,74.56,41.86,72.78,113.32,19.68,44.82,47.36,21.56,6.0,38.76,78.46,44.98,37.79,187.53,155.14,52.92,51.16,36.7
2024-02-26,8.23,372.36,94.26,7.58,28.87,148.6,157.8,67.47,23.64,87.21,20.42,52.28,15.07,24.68,30.35,4.3,272.34,57.38,65.51,14.91,32.99,25.86,18.77,29.74,36.8,5.28,57.47,15.38,190.52,21.34,151.26,10.32,78.53,63.44,37.3,38.62,168.33,75.31,42.67,74.74,116.29,19.98,46.15,48.78,22.04,5.99,39.57,80.4,44.92,41.57,188.41,153.95,53.27,51.16,37.45
2024-02-27,8.29,375.58,93.19,7.6,31.23,153.02,162.91,68.04,24.36,92.29,20.97,54.8,15.71,26.22,31.25,4.37,283.53,58.68,66.94,15.44,33.97,27.77,20.04,33.17,38.0,5.45,58.98,15.82,198.74,22.34,168.14,10.64,81.89,67.79,39.26,41.65,173.12,77.87,49.19,76.44,118.88,21.01,47.9,52.47,22.95,6.15,39.57,84.0,47.32,40.1,188.07,154.12,55.5,53.07,38.47
2024-02-28,8.23,370.76,88.23,7.38,29.93,147.97,152.45,65.55,22.58,87.37,19.4,53.0,14.3,23.97,30.13,4.13,272.93,56.8,60.71,14.82,31.31,24.54,17.7,31.96,35.12,5.06,55.44,14.63,185.29,19.96,158.1,9.75,73.24,64.15,35.86,37.1,160.46,75.1,42.46,71.45,108.98,18.39,43.19,48.17,20.6,5.9,37.56,74.88,45.56,36.13,185.9,149.87,49.9,48.89,35.87
2024-02-29,8.29,378.79,94.93,7.58,31.05,151.13,163.22,68.59,23.05,98.59,20.04,56.52,15.12,25.19,31.57,4.21,301.43,58.21,64.32,15.41,31.67,26.26,18.59,32.87,37.58,5.29,59.0,15.1,201.83,21.57,168.66,10.1,75.68,65.6,37.69,40.6,164.68,76.38,46.47,74.86,112.39,19.36,45.78,50.57,21.49,6.27,38.42,81.02,48.35,34.8,198.29,154.12,53.22,52.09,37.32
2024-03-01,8.17,383.22,92.78,7.69,31.46,151.13,164.19,67.38,23.15,96.6,20.36,56.16,15.64,25.81,32.37,4.16,301.43,59.29,66.35,15.64,31.42,26.63,19.62,34.25,38.0,5.22,59.48,15.4,207.92,22.02,170.0,10.38,80.4,63.89,38.62,41.46,171.74,74.4,47.09,75.25,114.36,20.07,47.02,51.71,21.87,6.26,39.05,86.14,48.51,34.74,199.24,153.78,55.37,52.81,38.0
2024-03-04,8.11,380.2,95.6,8.07,31.28,148.81,160.42,66.47,22.86,96.96,22.14,56.33,16.35,25.13,32.53,4.08,300.93,58.56,68.98,15.45,31.2,26.81,21.14,32.82,37.26,5.16,58.02,15.12,202.57,21.89,177.4,10.29,85.7,65.04,39.19,41.5,171.05,75.27,48.02,74.89,115.62,20.11,47.16,51.28,23.37,6.14,39.76,89.07,48.0,32.98,200.86,157.18,54.8,52.71,37.95
2024-03-05,8.05,384.62,92.78,8.02,29.99,147.34,152.29,66.76,22.55,94.49,22.02,56.64,15.8,24.02,31.17,4.01,297.09,58.34,66.59,15.42,30.39,25.99,19.7,31.57,36.86,4.94,56.33,14.67,198.41,21.12,175.0,9.94,79.67,64.2,37.94,40.37,165.88,76.03,48.69,73.31,114.38,19.53,46.03,50.01,22.59,5.95,38.96,86.58,48.0,33.31,197.88,161.43,54.1,51.68,37.53
2024-03-06,8.11,379.8,98.21,8.29,30.52,148.6,148.54,66.59,22.81,94.58,21.8,55.42,15.77,23.64,31.91,4.08,294.09,58.88,65.51,15.3,30.43,25.9,19.04,31.19,36.84,5.09,55.39,15.12,196.07,20.96,170.25,9.96,77.58,64.1,37.42,40.15,163.56,77.06,47.99,75.34,112.02,19.53,45.97,49.29,22.47,6.04,39.07,84.94,47.59,32.0,199.17,163.65,54.05,51.32,37.74
2024-03-07,8.17,393.66,96.87,8.21,30.7,147.76,146.63,65.38,23.74,93.47,21.05,54.5,15.94,24.14,30.69,4.09,291.11,57.59,63.67,14.98,30.12,25.58,18.27,30.94,36.0,4.96,52.66,15.1,189.36,20.33,164.76,9.79,75.77,63.29,36.38,38.61,157.51,76.16,44.99,71.84,107.96,19.01,44.86,48.1,21.37,6.03,38.45,80.99,47.09,33.83,200.39,164.67,54.8,51.78,39.41
2024-03-08,8.17,392.06,98.61,8.24,30.17,147.97,149.72,65.9,23.48,93.02,21.25,55.56,16.32,26.19,30.94,4.08,295.02,56.72,70.34,15.09,30.32,26.04,18.9,32.46,37.6,4.93,55.16,15.22,194.67,20.72,171.18,10.05,79.97,62.98,37.34,40.48,158.14,76.07,46.19,74.25,113.33,19.49,46.15,49.3,22.29,6.14,38.47,83.42,47.4,32.3,202.42,168.58,55.59,51.88,38.89
2024-03-11,8.23,398.09,100.48,8.24,30.34,150.92,147.82,67.01,24.41,95.33,21.34,56.01,16.76,26.32,34.48,4.13,297.14,58.26,73.25,15.13,30.62,26.5,19.9,32.33,38.79,5.37,55.95,15.67,197.61,21.02,179.71,10.35,81.47,63.56,38.31,43.47,162.59,76.51,47.65,79.85,113.38,19.92,46.87,50.51,23.08,6.47,38.8,83.54,47.99,31.71,201.0,166.88,55.54,52.24,39.15
2024-03-12,8.17,395.47,98.14,8.27,29.93,151.13,146.57,67.11,24.65,95.63,21.24,58.67,16.62,26.93,33.88,4.22,298.49,58.9,73.32,15.38,31.15,26.97,19.57,32.83,38.5,5.41,56.85,15.76,210.32,21.91,169.82,10.43,81.13,63.95,38.74,42.97,164.95,76.88,47.6,82.56,112.32,20.51,47.63,51.11,23.52,6.31,39.83,84.93,47.88,31.65,196.33,165.18,56.42,52.96,38.86
2024-03-13,8.11,393.46,107.98,8.18,29.99,149.45,148.6,65.88,24.22,94.66,21.36,57.41,16.93,26.64,34.85,4.19,295.55,58.62,75.44,15.27,30.81,26.97,19.55,34.22,38.05,5.43,55.63,15.92,209.68,22.73,171.5,10.57,81.14,63.61,38.89,43.27,162.01,76.36,48.24,82.67,113.4,20.36,48.71,51.25,23.38,6.24,39.85,83.63,47.85,31.91,195.65,165.01,56.2,53.53,38.7
2024-03-14,8.11,391.45,102.42,8.21,30.11,148.81,145.56,64.78,23.97,93.47,21.07,55.73,16.73,26.01,34.3,4.17,288.0,56.95,74.88,14.91,30.59,26.44,18.93,34.25,37.35,5.3,55.91,15.49,214.48,21.6,172.5,10.34,79.32,64.94,37.8,42.13,157.74,75.85,46.69,81.54,110.12,20.04,47.36,50.1,22.71,6.14,39.26,81.23,46.7,30.7,200.73,169.43,55.1,52.71,38.5
2024-03-15,8.17,399.89,103.23,8.46,31.75,150.29,144.94,65.49,24.55,93.2,21.18,55.36,16.21,26.4,33.81,4.24,285.97,58.08,75.19,14.84,31.01,26.61,18.58,34.83,36.66,5.48,56.22,15.87,218.77,21.72,171.45,10.47,78.61,64.62,38.28,41.62,158.19,80.7,46.64,84.08,109.72,20.3,47.69,50.43,23.01,6.2,39.99,83.61,46.67,30.51,212.98,181.68,55.85,53.02,39.41
2024-03-18,8.17,403.71,103.76,8.4,31.87,152.6,154.54,66.13,24.94,93.28,21.83,56.06,16.45,26.62,34.84,4.3,289.35,59.06,78.94,15.04,31.62,27.34,19.36,35.84,38.02,5.51,57.42,16.09,223.2,22.22,195.03,10.77,82.2,72.36,39.68,42.81,166.45,81.34,49.27,87.2,116.99,20.95,48.87,52.48,23.72,6.3,40.58,85.98,47.97,30.8,213.12,185.42,57.07,53.79,39.8
2024-03-19,8.29,412.15,102.16,8.82,31.34,151.55,156.15,65.36,25.77,90.74,21.8,57.69,16.42,26.45,34.7,4.26,285.85,58.68,76.28,14.92,32.08,27.34,19.58,37.76,37.7,5.45,59.49,16.0,230.75,22.62,186.41,10.81,82.44,71.82,39.03,42.31,169.75,79.88,49.51,83.99,114.74,20.96,49.33,51.79,23.61,6.2,40.64,86.02,47.21,31.39,212.78,185.42,57.21,57.03,40.29
2024-03-20,8.17,409.74,100.15,8.38,31.28,151.55,157.58,64.81,25.55,90.73,21.99,57.58,16.72,26.7,35.07,4.32,283.6,58.55,78.02,14.69,32.32,27.56,19.57,37.94,38.06,5.48,59.1,16.08,248.87,23.31,185.26,11.25,84.2,74.71,38.58,42.26,172.75,80.19,48.75,83.77,114.56,21.06,49.43,52.3,24.94,6.27,40.26,85.6,47.54,32.75,210.95,185.42,57.73,56.67,40.19
2024-03-21,8.11,407.13,100.88,7.96,31.7,150.29,150.57,63.63,25.36,93.37,21.72,56.41,16.39,28.03,34.36,4.31,287.27,58.18,79.53,14.5,32.42,27.4,19.12,37.51,37.89,5.38,58.81,16.03,253.85,23.52,180.21,11.33,81.69,76.08,38.16,41.2,172.98,79.75,51.61,82.18,113.27,20.95,49.39,51.79,25.0,6.07,40.48,85.76,47.55,33.21,207.43,187.46,58.04,56.88,40.0
2024-03-22,8.05,395.27,101.62,8.07,33.93,147.55,152.0,62.21,24.46,94.56,20.95,54.6,16.33,27.27,33.16,4.21,284.29,56.57,78.24,14.03,31.73,27.32,18.56,36.93,37.5,5.17,58.55,15.45,255.65,22.78,181.31,11.46,79.33,76.17,37.08,39.68,167.06,80.29,48.81,79.08,110.61,20.41,48.34,49.73,24.16,5.8,40.01,83.41,45.6,31.42,196.39,179.98,58.08,58.99,39.09
2024-03-25,8.05,392.26,95.4,7.71,35.28,143.97,144.98,61.08,23.74,88.32,20.24,52.05,15.64,25.18,31.6,4.09,283.21,54.84,74.05,13.71,31.3,25.83,17.24,35.39,37.9,4.93,57.56,14.7,255.32,21.38,182.88,11.93,74.09,74.8,35.01,37.4,155.92,78.12,44.88,75.12,108.22,19.33,46.14,46.75,22.72,5.59,39.75,78.32,44.56,30.12,201.13,181.51,54.62,55.03,37.95
2024-03-26,8.05,386.03,91.58,7.66,35.4,145.45,139.41,62.58,23.61,86.71,20.0,51.68,15.2,25.04,32.73,4.12,277.56,54.36,74.12,13.83,31.34,25.39,16.65,34.39,38.63,5.07,55.98,14.48,240.22,20.99,172.6,11.46,73.46,74.66,34.49,36.12,154.9,77.09,43.39,75.97,105.7,19.09,45.93,46.07,22.2,5.69,39.14,76.85,44.54,28.95,200.73,182.36,54.45,55.9,38.08
2024-03-27,7.99,376.38,93.72,7.44,31.87,142.71,132.18,62.08,22.74,84.09,19.32,48.69,14.48,22.76,31.64,3.97,267.13,52.42,72.28,13.33,31.34,23.95,16.1,32.34,36.91,4.77,54.16,14.0,232.29,19.58,169.17,10.95,68.79,73.39,32.68,33.92,146.43,75.85,40.37,70.01,101.35,17.97,43.7,43.4,20.53,5.43,36.7,73.59,43.41,27.42,202.15,178.1,51.78,51.06,36.65
2024-03-28,7.93,383.62,96.4,7.55,32.34,144.6,132.43,61.87,23.42,84.92,19.77,48.74,14.78,23.27,32.03,4.0,262.67,54.11,73.29,13.35,30.9,24.75,16.18,33.55,36.45,4.85,53.41,14.08,232.29,20.14,178.66,11.35,70.94,74.41,33.29,34.54,147.42,75.12,42.23,72.99,102.23,18.86,44.75,44.41,21.23,5.45,38.04,75.1,44.0,28.04,201.4,182.87,53.57,51.93,37.53
2024-03-29,7.99,389.24,98.74,7.49,31.87,145.45,141.28,62.69,24.1,87.12,20.07,48.06,14.83,23.43,32.13,4.04,259.65,53.56,74.07,13.24,31.38,26.78,16.28,35.0,36.08,4.94,54.82,14.16,231.64,20.1,173.46,12.06,71.99,76.54,33.88,35.09,152.96,75.82,45.08,74.04,105.93,19.23,46.76,46.04,21.34,5.51,39.23,74.35,43.66,28.46,213.45,192.05,54.75,51.73,38.5
2024-04-01,8.05,400.5,100.68,7.44,32.87,150.5,138.34,62.68,24.74,87.58,20.6,49.4,15.3,23.98,33.94,4.16,259.32,56.05,70.58,13.69,31.97,28.16,17.0,34.8,36.66,5.24,55.4,14.75,230.66,20.9,174.58,12.14,72.81,76.85,34.37,34.99,153.45,74.15,44.62,75.73,110.6,19.71,47.42,46.12,21.72,5.75,38.91,77.02,44.3,29.27,214.54,192.05,56.42,52.6,39.15
2024-04-02,8.11,404.92,98.34,7.52,32.46,152.18,139.7,61.63,25.62,86.01,20.84,48.82,15.29,23.48,36.78,4.21,256.44,56.51,71.3,13.66,31.76,27.07,16.5,33.39,36.09,5.39,55.55,14.85,229.51,20.62,170.88,12.25,71.21,77.4,33.63,33.91,153.12,71.71,43.57,76.95,112.44,19.67,46.62,45.72,21.9,5.92,38.32,77.09,43.95,28.88,215.49,194.1,55.89,51.42,39.77
2024-04-08,8.11,416.17,93.99,7.71,31.64,150.92,133.26,56.77,26.36,83.1,19.58,45.94,14.93,22.78,35.21,4.09,254.34,54.69,68.7,13.01,31.85,25.65,15.57,31.51,33.38,5.01,52.5,14.23,222.31,19.26,158.97,12.64,67.26,76.55,31.7,31.97,140.64,72.21,41.71,70.71,107.02,18.62,45.64,42.48,20.22,5.82,37.92,74.4,42.51,29.08,225.3,216.38,52.83,49.1,41.02
2024-04-09,8.17,434.06,96.67,7.77,31.17,152.6,132.8,56.93,27.49,83.3,19.72,46.83,15.07,22.7,38.77,4.2,256.67,55.86,70.81,13.59,32.36,25.96,16.01,30.67,33.63,5.3,52.86,14.7,231.64,19.73,157.56,12.64,69.37,78.01,32.3,32.34,143.65,72.06,43.27,75.97,110.44,18.94,46.68,44.24,21.33,6.18,38.77,74.53,42.7,29.47,219.34,215.19,53.97,50.03,49.21
2024-04-10,8.17,415.97,94.06,7.63,30.7,151.34,128.05,55.34,25.58,81.08,19.19,45.45,14.51,21.79,40.05,4.07,247.46,55.71,67.22,13.25,31.57,24.75,15.28,30.26,32.76,5.15,52.4,14.13,228.33,18.83,150.09,12.4,67.29,77.63,31.13,31.36,139.87,71.65,43.57,73.14,112.48,18.52,44.57,42.51,20.58,6.08,38.18,72.73,42.18,32.43,220.09,219.78,51.73,48.07,45.49
2024-04-11,8.23,410.14,92.99,7.6,30.46,151.13,125.32,53.7,24.9,80.11,19.09,44.95,14.35,21.9,42.83,4.07,242.45,55.71,67.67,13.11,31.52,25.86,15.15,30.48,32.8,5.05,51.53,14.01,235.2,18.82,156.18,12.7,66.45,76.94,30.66,30.88,136.95,70.72,43.01,70.83,111.95,18.52,43.79,41.67,20.3,6.01,38.14,71.52,41.19,31.48,214.74,222.5,51.56,48.02,44.79
2024-04-12,8.11,405.32,93.72,7.58,29.99,149.66,122.52,53.26,24.64,79.31,19.07,49.85,14.15,22.19,38.61,3.98,237.86,55.01,68.85,12.77,31.5,24.83,15.07,29.82,32.53,4.87,50.46,13.74,232.09,18.79,160.2,12.89,66.51,76.26,30.83,30.89,134.77,70.35,42.43,66.43,117.91,18.48,43.73,41.21,19.93,5.73,38.06,72.9,40.33,32.46,217.18,236.62,50.86,47.86,45.54
2024-04-15,8.11,407.73,94.39,7.36,30.28,148.39,120.89,56.25,22.08,82.21,18.42,53.72,13.57,20.76,38.8,3.99,241.74,55.04,66.36,12.83,29.62,23.61,14.35,27.74,32.38,4.45,52.51,12.97,240.54,17.27,153.61,12.79,64.33,74.78,29.67,31.17,136.23,69.03,38.54,63.23,117.89,18.53,41.78,39.79,18.92,5.57,36.57,73.1,41.19,29.21,219.01,228.12,48.54,45.03,42.19
2024-04-16,7.93,399.49,91.45,7.08,29.34,143.97,115.28,55.11,20.12,80.21,17.27,53.02,12.8,19.24,39.38,3.67,231.85,52.73,63.84,12.4,28.1,21.47,13.09,25.26,30.4,4.07,52.44,12.19,226.62,15.7,144.9,11.73,59.78,73.12,27.88,29.28,131.24,68.05,34.71,58.81,113.28,15.92,37.55,37.44,17.66,5.16,35.07,70.61,41.18,26.28,197.14,213.66,44.34,40.44,39.48
2024-04-17,8.05,409.94,96.4,7.22,30.46,150.29,120.74,57.07,21.35,83.17,18.9,54.5,13.56,20.72,42.23,3.87,236.39,54.14,67.81,12.87,29.52,23.01,14.05,27.45,31.45,4.22,54.44,12.8,223.04,17.14,150.1,12.28,64.03,75.37,29.57,31.21,133.84,69.46,37.26,61.07,119.68,16.67,41.95,39.78,18.63,5.48,35.64,74.04,41.75,25.53,195.65,219.95,46.57,44.98,41.62
2024-04-18,7.99,407.13,95.66,7.14,30.34,149.87,117.63,56.64,20.99,82.3,20.66,54.04,13.59,20.28,40.85,3.85,239.21,55.71,68.78,12.77,29.14,23.35,13.76,26.95,30.93,4.15,55.34,12.83,215.46,17.06,150.1,12.22,62.86,76.43,29.71,31.03,134.02,70.47,36.75,59.72,119.85,16.93,41.51,39.68,18.44,5.35,35.88,75.53,41.61,24.85,205.8,224.37,44.95,43.79,41.93
2024-04-19,8.05,401.7,90.37,7.08,30.58,151.97,113.12,56.98,21.15,78.06,19.95,53.54,13.33,19.42,40.11,3.77,231.37,56.66,64.87,12.7,28.63,22.46,13.34,26.49,30.46,4.02,52.06,12.63,207.59,16.66,141.41,12.15,60.84,74.72,28.9,30.09,131.6,70.7,36.12,57.38,118.85,16.53,39.73,38.62,18.07,5.2,35.61,72.42,41.38,25.04,213.97,225.23,43.73,42.61,42.42
2024-04-22,7.93,400.1,89.71,7.16,29.7,150.08,122.1,57.82,21.0,81.2,20.46,54.02,13.35,19.88,38.34,3.75,232.7,57.75,65.03,12.65,28.85,22.33,13.57,26.43,30.64,3.97,49.77,12.65,210.17,16.4,138.25,11.41,63.69,74.84,30.16,30.21,134.35,69.34,36.65,57.51,123.51,16.47,40.01,38.71,18.28,5.05,36.26,79.49,41.31,22.9,206.33,222.33,43.11,42.92,42.68
2024-04-24,7.87,392.66,93.25,7.22,29.23,148.6,135.0,57.33,21.68,81.97,20.59,53.34,13.81,20.97,38.62,3.76,236.94,56.16,69.41,12.43,29.24,23.45,14.44,28.24,31.09,4.24,52.5,12.89,223.82,17.23,153.19,11.55,69.13,74.87,31.0,30.79,138.08,69.81,38.41,55.86,123.92,17.18,42.16,40.55,18.94,5.01,34.72,81.34,41.25,22.93,195.48,220.97,45.39,45.34,42.79
2024-04-25,7.93,394.47,94.93,7.3,29.46,151.34,135.4,58.53,22.03,81.74,20.66,53.42,14.05,21.58,39.47,3.76,234.52,55.07,68.78,12.55,30.15,23.5,14.33,28.2,31.42,4.3,52.33,12.84,222.28,17.32,150.0,11.59,68.66,75.81,30.74,30.52,136.01,70.74,38.61,54.62,118.8,17.32,42.64,40.49,19.13,5.04,35.28,81.29,41.34,22.6,197.36,223.69,45.13,45.75,41.8
2024-05-14,7.63,405.12,99.61,6.83,28.76,159.97,125.22,74.82,25.25,77.9,23.88,59.13,15.29,22.27,42.98,3.97,270.69,63.86,73.21,13.35,30.36,22.73,14.86,30.11,28.24,5.03,50.49,13.21,246.32,19.8,169.96,12.35,71.39,83.31,34.16,29.24,125.43,75.91,40.06,55.07,133.25,20.22,43.25,35.93,19.32,5.6,35.55,79.64,42.92,23.39,199.3,237.3,45.65,46.94,43.44
2024-05-15,7.57,397.88,98.81,6.83,28.76,158.08,124.45,75.82,24.75,76.34,23.59,58.39,15.74,21.72,44.45,3.94,264.04,63.01,72.93,13.05,29.91,22.76,14.9,29.73,28.71,5.0,49.45,13.08,240.71,19.65,174.05,12.96,69.97,82.12,34.25,28.7,123.64,71.79,39.18,54.7,128.95,20.12,42.94,35.73,19.13,5.5,35.49,77.51,41.66,23.19,198.4,231.52,45.26,46.58,43.1
2024-05-16,7.69,396.88,97.74,6.89,28.81,157.65,126.41,73.57,24.97,78.1,22.83,57.82,15.46,22.01,43.97,4.0,267.1,61.31,71.45,12.89,29.93,23.2,15.47,29.57,28.95,5.02,49.0,13.19,239.87,19.85,181.66,12.95,72.46,82.19,34.15,28.33,123.58,71.38,39.46,55.32,128.59,19.94,43.62,35.71,19.02,5.5,35.69,77.14,41.82,23.48,198.33,232.37,45.96,46.83,42.01
2024-05-17,7.75,401.7,98.88,6.86,29.64,161.65,130.02,72.65,25.65,79.32,23.03,59.48,15.57,22.42,45.46,4.04,265.58,62.72,71.28,13.24,30.31,23.52,15.65,30.32,29.4,5.18,49.42,13.28,241.2,20.69,190.83,13.05,73.59,83.64,34.55,29.64,130.51,73.14,39.75,58.09,127.63,20.59,45.03,36.76,19.07,5.61,36.31,77.58,42.3,23.61,197.15,234.58,47.66,48.02,42.27
2024-05-20,7.69,409.74,98.94,6.81,29.4,161.65,123.97,73.7,25.94,78.74,23.29,59.66,15.78,21.59,44.37,4.08,264.71,63.44,70.88,13.19,30.31,23.55,15.79,30.9,29.71,5.26,48.0,13.51,240.07,20.42,195.93,13.11,74.54,84.97,34.26,29.3,130.49,73.53,40.22,57.35,129.72,20.36,45.42,38.12,19.18,5.63,37.03,75.75,42.57,24.33,203.41,256.53,47.31,48.33,44.17
2024-05-21,7.63,401.1,97.94,6.75,28.93,159.13,121.02,71.25,26.06,78.32,23.29,58.59,15.7,21.32,43.9,3.98,261.44,62.66,71.24,12.89,30.33,23.21,15.42,31.01,29.37,5.22,47.67,13.12,238.87,20.34,187.0,12.93,73.1,84.39,33.82,28.48,127.74,74.42,40.94,55.05,128.53,20.61,45.48,36.89,18.67,5.53,36.98,76.17,42.11,23.45,199.65,251.93,46.83,47.66,42.73
2024-05-22,7.63,401.3,98.88,6.72,29.17,158.92,119.01,71.27,25.77,78.78,23.41,58.98,15.84,21.44,44.39,4.02,258.34,61.95,70.77,13.05,30.48,23.57,16.13,31.51,30.02,5.34,48.28,13.29,237.93,20.75,188.99,12.7,74.57,84.17,34.49,29.25,133.05,73.63,42.03,59.1,128.36,20.72,45.61,37.81,19.06,5.62,37.24,76.23,42.27,23.26,188.39,246.49,47.66,48.33,43.2
2024-05-23,7.51,387.64,97.2,6.67,28.34,155.55,121.43,69.41,24.77,77.78,24.36,57.45,15.57,20.86,41.37,3.93,259.83,61.41,69.39,12.79,29.98,23.3,16.26,30.79,29.41,5.1,47.32,12.88,226.89,20.39,183.7,12.61,74.15,82.58,33.6,28.23,131.02,73.1,41.94,55.71,124.72,21.23,44.66,36.67,18.65,5.41,38.03,75.34,41.17,22.38,183.25,236.45,46.66,47.25,41.04
2024-05-24,7.45,384.82,92.99,6.61,28.29,155.34,118.86,69.38,24.68,75.15,24.36,56.14,15.4,20.26,40.84,3.88,257.52,60.7,66.34,12.56,29.74,22.65,17.23,28.91,28.49,4.98,45.35,12.73,219.86,19.69,171.9,12.63,74.16,82.55,33.67,27.22,136.54,69.17,38.94,53.83,121.97,20.19,43.89,35.2,17.91,5.32,37.65,73.15,41.03,22.15,186.44,241.56,45.61,45.7,41.12
2024-05-27,7.51,384.42,93.79,6.53,28.29,156.81,119.79,70.11,25.0,77.27,24.07,56.85,15.4,21.02,41.13,3.88,270.13,59.57,68.67,12.89,29.98,22.65,16.65,29.88,29.08,4.93,45.45,12.74,239.38,20.49,175.99,12.58,76.88,82.9,33.96,28.21,147.49,71.3,39.5,52.74,125.26,20.69,44.23,35.76,18.12,5.38,36.97,72.97,43.13,22.28,186.65,247.0,46.57,46.88,41.43
2024-05-28,7.45,383.01,94.39,6.31,28.05,154.08,124.03,68.65,25.2,76.38,23.55,56.6,17.21,21.66,40.55,3.84,266.22,59.8,69.92,13.4,29.76,22.87,16.25,30.9,29.23,4.95,44.42,12.81,240.02,20.93,172.25,12.61,75.43,84.92,34.67,27.92,146.01,71.67,39.47,51.82,125.42,20.92,45.22,35.82,17.57,5.31,36.75,72.93,43.11,21.89,185.33,256.53,55.89,48.22,42.06
2024-06-13,6.91,361.71,97.37,5.9,25.45,144.6,141.42,67.24,23.38,87.37,25.34,60.31,16.84,21.95,37.95,3.66,300.69,63.73,81.1,14.85,32.88,24.52,17.6,32.82,31.41,4.61,42.4,11.32,252.68,21.58,195.53,12.68,77.92,77.44,37.48,33.97,155.35,71.71,42.1,48.72,139.91,22.84,46.94,38.25,17.78,5.18,36.32,78.41,47.2,20.82,173.37,233.9,83.16,47.97,38.94
2024-06-14,7.51,361.11,98.05,5.87,25.93,145.66,143.14,64.84,23.06,83.1,25.97,61.01,16.5,22.16,37.14,3.6,298.02,62.43,80.75,14.93,32.5,24.39,17.41,31.4,29.5,4.66,41.21,11.18,253.7,21.8,200.01,12.89,78.14,76.48,38.13,33.4,157.14,70.55,41.95,47.99,141.97,22.01,46.74,38.05,17.43,5.1,35.96,78.9,46.49,20.95,175.95,236.11,85.57,47.61,39.51
2024-06-17,7.27,359.1,100.29,5.76,25.57,147.13,148.11,66.06,22.63,85.69,27.3,62.99,16.72,22.34,38.71,3.54,297.75,60.4,83.23,14.85,32.8,24.64,19.05,30.53,29.26,4.66,43.16,11.04,259.27,21.68,210.99,13.41,83.65,73.81,38.46,33.67,161.8,70.2,43.64,47.62,144.76,22.33,48.73,38.57,17.25,5.14,35.64,80.49,47.77,20.39,175.11,230.67,88.63,48.07,39.33
2024-06-18,7.27,363.72,98.53,5.73,25.69,148.81,157.35,68.52,23.14,85.94,26.69,61.8,16.91,22.14,38.43,3.56,298.82,61.81,82.76,14.64,33.55,24.94,19.21,32.58,29.54,4.7,42.38,11.16,248.25,21.99,209.1,13.82,82.27,72.07,38.2,33.39,157.16,69.33,46.16,48.41,140.41,22.94,51.99,38.74,17.05,5.15,37.31,81.48,48.13,20.59,174.49,235.09,87.45,48.59,40.29
2024-06-19,7.21,358.5,102.74,5.73,25.63,146.92,151.61,67.18,23.16,85.19,26.16,61.51,16.6,22.04,37.43,3.54,300.61,58.91,84.1,14.68,34.07,24.82,18.55,31.09,28.49,4.69,41.93,10.94,240.32,21.7,217.31,13.56,81.43,72.07,38.47,32.53,152.72,69.14,45.46,46.76,139.31,22.61,53.54,37.99,16.99,5.04,40.27,81.82,47.53,20.72,173.93,232.88,84.12,48.69,39.9
2024-06-20,7.15,347.65,97.17,5.62,24.98,143.55,156.9,67.15,23.25,85.52,25.91,63.06,16.55,22.24,36.96,3.56,305.4,58.77,84.31,14.86,40.88,25.13,19.61,31.2,28.57,4.63,42.81,10.91,247.63,22.36,214.74,13.36,84.55,72.8,40.82,32.8,162.82,69.41,45.86,45.36,143.21,24.37,53.4,38.95,17.07,4.95,41.44,82.64,48.8,20.04,173.37,239.34,76.81,47.92,38.86
2024-06-24,7.21,341.19,93.37,5.43,24.14,139.97,173.32,66.46,21.69,83.88,24.8,62.62,15.99,20.63,35.64,3.32,300.69,57.89,82.04,14.64,36.12,23.96,17.45,27.61,26.44,4.2,39.74,9.89,230.51,20.52,206.31,12.22,81.58,70.18,39.74,30.7,163.3,64.28,44.32,42.0,143.84,22.49,49.46,36.87,15.65,4.77,38.94,80.7,47.26,19.29,170.46,235.77,75.37,45.34,37.79
2024-06-26,7.33,347.65,96.56,5.57,24.92,143.34,152.68,66.17,22.72,81.45,26.09,61.85,16.06,20.17,35.87,3.45,292.99,57.14,81.29,14.18,33.22,23.94,17.1,27.61,26.24,4.45,38.15,10.29,216.45,20.18,202.97,12.32,82.5,74.1,39.16,28.6,159.64,63.77,43.22,43.9,142.32,22.62,49.32,35.83,16.05,4.96,40.59,82.03,46.47,19.87,171.01,235.94,72.92,46.27,39.57
2024-06-27,7.39,342.4,92.42,5.43,24.8,140.39,148.32,65.17,22.31,82.64,26.35,61.36,15.75,19.55,35.02,3.39,288.59,55.49,80.38,13.7,30.96,23.35,16.44,27.45,25.25,4.3,36.63,10.02,207.58,19.38,198.61,12.13,80.13,74.33,36.88,27.47,148.75,62.55,41.41,42.69,144.75,21.89,48.11,34.85,15.52,4.85,41.18,79.89,45.71,19.19,167.19,227.78,68.41,44.77,39.38
2024-06-28,7.33,347.04,97.71,5.43,24.44,139.13,144.63,64.47,23.17,84.82,26.81,59.92,16.16,19.23,34.72,3.38,282.9,55.74,81.46,13.81,30.47,23.82,16.16,28.16,24.9,4.23,37.0,10.21,205.01,19.57,198.67,13.1,79.99,76.06,37.15,26.75,146.1,62.93,42.25,42.15,147.04,22.14,49.27,34.83,15.19,4.76,42.89,79.63,46.1,19.35,167.33,231.01,69.15,44.98,40.23
2024-07-02,7.45,354.1,92.28,5.32,25.04,136.4,142.87,63.52,23.32,84.93,26.53,57.68,15.61,18.31,34.66,3.44,270.46,54.65,80.65,13.9,29.95,22.0,14.33,26.29,23.5,4.25,35.63,10.2,194.8,18.69,197.0,12.8,75.45,78.74,36.21,27.27,135.33,63.47,39.74,41.93,141.28,21.15,46.07,32.9,14.66,4.78,38.73,72.41,45.46,19.61,174.21,231.52,67.62,44.51,40.85
2024-07-03,7.45,350.88,90.04,5.59,25.16,135.76,147.75,62.91,22.31,88.09,26.0,58.14,15.5,18.33,35.0,3.44,279.34,52.32,81.02,13.97,29.81,22.14,14.76,26.19,23.6,4.28,35.44,10.25,197.08,18.75,195.5,12.27,75.32,78.6,36.74,31.41,136.11,63.09,40.18,41.49,144.22,21.98,46.55,32.92,14.76,4.8,36.48,71.77,46.26,19.61,170.32,233.9,67.49,44.72,39.62
2024-07-04,7.33,342.6,89.36,5.48,24.38,132.61,145.31,61.79,21.71,87.41,25.31,58.08,14.98,17.52,33.53,3.31,277.08,50.74,79.12,13.79,28.03,21.39,14.37,25.12,22.77,4.07,34.46,9.93,194.4,17.95,193.46,11.98,72.32,77.61,35.51,30.27,130.24,61.19,38.64,39.34,141.89,20.87,45.1,31.23,14.11,4.63,34.41,68.91,46.16,18.7,174.56,227.44,63.77,42.81,38.79
2024-07-05,7.39,348.05,89.97,5.76,24.5,131.34,142.55,62.92,22.16,86.24,25.36,57.75,15.78,17.67,33.78,3.36,275.32,49.6,81.44,14.06,28.33,21.42,14.16,24.64,23.1,4.11,34.96,10.05,197.73,17.87,192.8,12.11,71.96,77.77,35.85,29.79,128.76,61.87,38.26,39.34,144.5,20.95,44.41,31.21,14.15,4.65,35.13,67.38,46.64,20.59,177.62,240.54,62.76,43.02,39.38
2024-07-08,7.33,342.2,92.28,5.7,23.97,127.34,120.6,62.06,21.4,86.42,25.0,57.84,15.18,18.01,33.24,3.27,279.89,47.09,83.03,14.4,27.59,21.01,13.61,23.03,22.65,3.99,33.68,9.8,196.57,17.49,192.5,11.87,70.96,74.74,36.18,30.84,127.28,60.08,38.26,37.34,145.64,20.7,46.1,30.23,13.67,4.48,34.65,64.23,46.7,19.87,175.81,236.96,68.37,41.99,38.74
2024-07-09,7.33,345.43,95.95,5.98,24.38,129.24,126.51,62.72,22.28,89.21,26.74,60.93,15.85,18.51,33.42,3.29,287.36,48.6,86.51,14.85,28.61,22.49,14.61,22.89,23.17,3.99,34.43,9.93,205.57,18.57,207.34,12.27,79.84,76.46,38.71,34.35,131.45,62.0,41.06,36.61,150.01,22.03,48.51,32.36,14.02,4.55,35.58,70.32,48.16,19.51,174.56,250.89,80.18,44.15,39.67
2024-07-10,7.39,343.41,97.31,6.2,23.91,129.02,125.66,60.29,21.78,87.27,26.34,62.23,15.63,18.5,33.59,3.26,280.5,50.11,86.85,14.81,28.33,22.69,14.46,22.89,22.92,4.01,34.48,9.8,205.08,18.51,211.14,12.35,80.42,77.22,39.1,35.75,128.84,60.76,41.2,36.7,153.79,21.92,47.83,31.9,13.91,4.54,34.41,70.01,47.99,19.06,170.11,239.44,76.42,43.69,39.35
2024-07-11,7.45,353.09,99.48,6.39,23.07,133.52,127.04,61.54,22.98,88.33,26.97,67.45,15.83,20.08,35.71,3.38,277.37,51.57,87.8,14.9,28.89,23.39,15.13,24.09,24.0,4.3,35.05,10.21,207.65,19.34,201.65,12.43,81.69,76.94,40.17,35.76,132.44,63.82,41.36,38.16,156.3,22.46,49.02,32.64,14.73,4.74,35.67,70.44,48.27,19.61,176.23,252.09,76.38,44.72,40.53
2024-07-12,7.45,342.0,99.34,6.7,23.01,135.23,125.34,61.06,22.4,89.12,26.56,69.13,15.46,19.88,34.9,3.35,284.66,51.54,87.56,14.96,28.82,23.18,14.67,24.1,23.9,4.28,34.75,10.03,212.95,19.22,199.4,12.76,81.1,77.02,39.56,35.7,130.66,62.09,41.65,37.9,156.68,22.19,48.03,32.31,14.53,4.8,34.49,70.95,48.64,19.29,171.36,244.91,74.93,44.77,39.89
2024-07-15,7.45,341.59,96.49,6.72,22.9,133.95,128.11,60.38,21.96,90.66,25.47,70.39,15.24,19.42,33.38,3.31,301.14,51.3,87.02,14.75,28.75,22.75,14.16,23.77,23.26,4.13,34.29,9.77,211.16,18.89,208.2,12.4,80.85,76.88,39.12,35.69,126.31,61.38,41.39,36.24,167.54,21.92,47.5,31.71,14.16,4.65,33.21,70.11,48.94,19.42,172.05,251.75,77.16,44.15,40.21
2024-07-16,7.45,344.62,100.5,6.47,22.78,133.3,128.76,58.39,21.77,91.04,26.34,70.73,15.11,19.96,33.65,3.29,306.73,51.17,88.39,14.7,29.27,23.01,14.89,24.22,23.42,4.15,36.51,9.61,212.97,19.38,249.84,12.73,82.21,77.67,39.98,37.51,128.31,62.9,41.41,36.44,175.17,22.22,49.44,31.88,14.22,4.66,33.02,71.47,49.2,19.42,170.39,258.92,78.57,44.57,39.86
2024-07-18,7.45,345.43,93.91,7.14,22.48,132.23,123.69,58.28,21.14,94.27,25.08,68.89,14.81,19.68,33.47,3.27,325.59,52.08,85.31,14.81,27.05,22.02,14.57,24.35,27.53,4.07,36.12,9.52,218.09,18.55,254.0,12.52,78.86,76.69,38.18,34.97,125.7,59.13,38.34,36.46,171.78,21.05,46.55,31.53,13.95,4.63,31.97,69.9,48.75,19.16,166.77,247.47,84.12,43.07,39.51
2024-07-19,7.45,351.48,93.64,6.78,22.48,131.59,140.7,58.36,21.45,93.98,25.08,68.12,15.04,20.44,33.24,3.31,321.0,52.6,86.35,15.11,28.93,23.47,15.99,24.87,26.69,4.12,37.24,9.62,222.33,19.23,268.4,12.57,80.85,78.29,39.78,35.81,134.77,60.29,40.29,37.01,174.32,22.08,49.3,34.13,14.33,4.63,32.33,71.53,51.2,18.7,164.96,234.83,86.44,45.85,39.51
2024-07-22,7.51,355.52,94.45,6.58,22.24,130.31,147.19,57.81,21.5,95.99,24.39,67.95,15.76,20.8,33.03,3.31,319.66,54.33,85.31,15.25,29.18,25.15,16.47,25.53,26.47,4.12,37.76,9.7,221.06,19.41,265.22,12.45,82.73,80.83,39.12,35.34,144.0,60.0,41.64,37.01,176.06,22.45,49.53,35.35,14.33,4.66,32.19,72.85,50.98,18.54,161.9,234.31,84.08,55.03,38.98
2024-07-23,7.51,344.42,89.84,6.45,21.47,127.31,144.45,56.39,20.8,90.29,23.39,64.98,15.44,19.83,31.44,3.27,304.95,52.86,79.2,14.64,27.71,23.54,15.57,24.24,24.98,4.02,35.13,9.56,206.91,18.18,248.46,12.14,77.92,79.86,36.12,33.34,133.54,60.62,38.65,35.84,167.25,20.95,47.28,33.35,13.78,4.58,30.97,68.62,49.28,18.28,155.16,220.3,81.41,58.27,38.1
2024-07-24,7.51,341.8,93.03,6.14,20.99,124.53,134.54,56.0,20.42,87.9,22.69,64.03,15.61,19.0,30.91,3.21,297.88,53.27,75.44,14.38,26.46,23.07,15.14,23.19,24.16,3.9,34.11,9.46,201.1,17.47,261.25,12.04,78.77,79.41,34.53,32.71,127.86,59.07,38.29,34.57,167.25,20.48,45.39,31.62,13.45,4.49,29.92,66.24,48.85,17.82,152.45,218.59,79.57,61.83,37.29
2024-08-08,7.81,343.81,97.31,6.01,21.47,144.86,146.23,55.17,20.54,97.6,23.09,59.35,15.5,18.31,30.85,3.35,316.54,54.21,66.01,15.19,25.62,22.52,15.76,26.82,23.81,4.09,33.44,9.78,200.75,16.82,229.54,11.25,80.28,87.72,35.07,31.58,129.58,58.67,35.81,37.17,155.43,19.46,43.82,30.51,13.35,4.83,29.33,61.84,47.48,19.77,153.56,195.52,90.56,51.83,37.51
2024-08-09,7.81,341.59,103.08,6.06,21.35,145.93,142.93,54.32,20.23,96.52,22.92,59.06,15.02,17.98,30.19,3.34,311.99,53.58,65.49,14.8,25.59,22.71,15.81,25.91,23.38,3.99,32.62,9.67,197.46,16.66,246.96,11.25,78.04,84.36,34.79,29.28,124.68,58.26,35.4,36.06,157.78,19.48,43.31,30.04,13.19,4.68,29.36,60.89,48.49,19.97,153.91,199.62,89.46,53.48,37.45
2024-08-12,7.75,339.37,96.7,5.98,21.17,144.86,141.52,54.1,20.11,95.17,22.96,59.51,14.83,17.24,30.04,3.34,313.49,53.26,64.84,14.63,25.54,22.23,15.56,25.3,23.17,3.96,32.05,9.53,192.32,16.41,241.05,11.43,77.03,86.22,34.03,28.83,123.56,57.12,34.74,35.68,156.77,19.5,42.23,29.67,12.89,4.61,29.02,60.54,48.78,18.57,156.27,200.82,88.5,50.96,37.11
2024-08-13,7.81,341.39,97.85,6.03,21.29,146.78,138.75,53.56,20.38,95.19,23.0,58.52,14.83,17.5,30.49,3.34,310.3,53.54,65.99,15.19,25.75,22.68,16.87,25.36,23.29,3.98,32.13,9.47,189.26,16.46,240.7,11.56,79.21,86.81,34.8,28.75,124.23,57.34,35.3,35.88,161.18,19.61,42.85,30.19,13.26,4.71,29.29,60.87,49.2,18.38,158.36,198.94,90.82,51.37,37.48
2024-08-14,7.69,339.98,98.12,6.01,20.87,145.29,132.27,51.88,20.06,93.27,22.66,57.93,14.81,18.24,29.8,3.32,304.7,52.55,64.87,15.22,25.62,22.35,16.43,24.62,22.77,3.95,31.2,9.42,185.26,16.36,241.68,11.56,77.56,86.64,34.08,28.67,122.19,56.44,35.11,34.93,161.52,19.28,42.4,29.58,13.11,4.64,29.21,59.85,48.95,17.92,156.0,195.69,92.31,51.57,37.16
2024-08-15,7.75,342.4,97.92,5.98,21.17,147.43,134.39,52.76,20.16,93.71,23.17,57.11,14.91,18.47,29.92,3.35,302.72,51.91,65.85,15.34,25.69,22.52,16.24,24.94,22.75,4.02,31.46,9.53,185.66,16.34,241.32,11.49,78.41,87.37,34.69,29.38,122.2,57.28,35.06,35.24,157.16,19.78,42.58,29.6,13.2,4.74,29.32,60.12,49.68,17.99,157.11,200.3,88.98,51.78,37.45
2024-08-16,7.69,341.8,97.31,5.76,20.93,146.36,131.28,51.36,20.23,92.52,23.48,56.13,14.41,18.36,29.14,3.33,303.48,51.44,66.09,15.3,25.78,22.77,16.35,24.1,22.25,3.97,31.04,9.59,181.86,16.37,244.6,11.45,78.11,87.85,34.07,28.9,119.62,56.66,35.88,33.86,160.67,19.67,43.54,29.19,13.14,4.65,29.24,59.92,49.46,17.6,158.01,201.16,78.17,50.23,37.13
2024-08-19,7.75,342.0,96.7,5.79,20.81,146.57,130.35,50.71,20.36,92.35,23.08,54.73,14.18,18.6,29.12,3.33,290.59,51.15,65.08,15.2,26.6,22.29,15.76,23.99,21.7,3.95,31.32,9.52,181.24,15.88,255.0,11.26,77.91,87.68,34.08,28.38,125.28,55.76,35.19,33.35,157.9,19.38,43.13,28.8,13.02,4.68,28.91,60.22,49.46,17.86,160.03,206.97,72.17,50.34,37.19
2024-08-20,7.63,341.59,100.09,5.73,20.4,143.36,130.73,49.38,20.17,90.64,22.66,52.86,13.54,17.61,28.34,3.28,285.44,50.53,64.56,15.25,26.2,23.17,15.46,23.22,21.18,3.9,30.29,9.24,178.49,15.29,247.98,11.11,76.61,86.34,32.38,27.73,120.68,53.78,34.04,33.07,157.58,18.96,42.4,27.82,12.69,4.59,28.31,59.91,48.75,17.24,156.48,204.58,72.35,49.36,36.25
2024-08-21,7.69,342.2,102.33,5.68,20.58,144.86,132.96,49.21,20.36,89.73,22.52,52.4,13.28,17.62,29.21,3.24,287.07,49.94,64.08,15.09,25.75,22.87,15.15,23.19,21.15,3.95,30.47,9.2,178.56,15.1,263.84,11.23,76.71,85.78,32.48,27.22,119.65,53.59,33.97,33.13,158.43,19.0,42.36,27.72,12.69,4.64,28.32,60.23,47.78,17.99,157.66,206.29,70.07,49.1,36.46
2024-08-22,7.63,338.57,100.09,5.62,20.22,144.0,133.41,48.61,20.51,89.42,22.1,52.6,13.05,17.45,28.85,3.21,282.77,49.48,62.81,14.75,25.44,22.02,14.83,23.47,20.74,3.86,30.01,9.07,176.64,14.93,260.69,11.25,75.24,85.45,32.06,27.17,114.2,53.05,33.51,33.16,156.72,18.7,41.59,27.17,12.42,4.57,28.7,59.91,46.54,17.17,157.32,202.7,69.77,47.76,35.82
2024-08-23,7.57,328.48,104.91,5.62,20.34,142.08,133.68,49.39,20.11,88.91,21.84,53.33,13.0,17.4,28.23,3.18,280.14,49.51,62.7,15.06,25.06,21.85,14.75,23.24,20.78,3.79,30.04,8.97,179.74,14.73,253.02,11.59,75.18,85.2,31.91,26.95,111.01,53.32,33.94,33.18,155.92,18.62,41.64,27.39,12.34,4.47,28.77,61.49,47.13,17.24,157.87,201.67,67.84,47.76,35.98
2024-08-26,7.57,335.34,110.21,5.76,20.58,144.22,129.47,49.14,20.58,88.67,22.13,52.63,12.96,17.44,29.08,3.24,279.87,49.24,61.68,15.22,24.94,21.94,15.0,23.45,21.17,3.93,30.52,9.18,178.11,15.06,247.22,11.88,74.89,85.52,32.1,27.13,113.57,53.32,35.26,33.58,153.23,19.07,41.78,27.15,12.83,4.58,29.24,60.97,47.35,17.73,163.71,203.38,67.75,47.66,36.57
2024-08-27,7.39,327.47,99.41,5.76,19.98,150.64,126.89,48.87,20.11,88.21,21.65,52.18,12.81,17.06,28.55,3.19,278.82,49.11,60.87,14.86,24.54,21.27,14.73,22.89,20.89,3.8,29.34,8.99,184.34,14.75,244.1,11.6,73.32,85.68,31.58,26.65,114.45,52.21,33.66,33.24,151.68,18.37,39.93,26.87,12.45,4.43,29.54,59.98,46.72,17.04,164.69,197.91,69.77,46.42,35.85
2024-08-28,7.51,328.48,95.74,5.7,20.1,154.49,127.05,49.64,20.74,89.58,21.69,52.14,12.94,16.98,28.65,3.19,282.59,49.32,61.37,14.94,24.67,21.22,14.82,22.69,20.93,3.84,29.45,9.19,187.7,14.73,240.2,11.65,72.61,85.94,31.79,26.68,113.9,53.18,34.06,33.33,148.23,18.41,40.07,27.74,12.52,4.43,30.2,61.13,47.36,17.6,165.94,194.66,70.25,47.04,35.88
2024-08-29,7.45,336.35,103.15,5.68,20.46,158.12,125.82,49.94,21.24,89.94,23.49,54.11,13.33,17.48,29.38,3.13,293.18,51.32,62.81,15.11,24.67,20.6,15.06,23.26,21.55,3.78,30.36,9.37,190.38,15.07,240.29,11.93,72.19,89.43,32.62,27.31,115.35,54.62,35.19,34.09,145.97,18.23,40.91,28.97,12.83,4.59,31.38,63.52,47.26,17.76,165.38,194.83,70.47,47.55,36.63
2024-08-30,7.51,339.37,111.16,5.81,20.87,156.84,132.26,51.51,21.48,92.43,24.72,54.9,13.5,17.73,30.17,3.21,301.49,53.35,65.53,14.73,25.17,21.19,15.35,23.82,21.3,3.92,32.05,9.53,194.67,15.67,256.69,12.34,75.22,88.16,33.45,28.2,119.13,56.5,37.09,35.31,154.68,18.73,41.67,29.39,15.4,4.68,31.51,65.1,48.24,18.31,167.26,197.4,73.31,48.84,37.16
2024-09-02,7.39,337.36,109.12,5.65,20.28,159.41,124.61,49.71,21.15,87.2,24.05,53.82,13.17,16.39,29.66,3.13,285.33,51.64,61.6,14.22,24.33,20.37,14.85,22.64,21.23,3.74,28.35,9.85,188.25,15.21,252.14,12.79,72.55,87.75,31.74,26.55,112.58,53.62,34.85,33.55,146.48,18.02,40.27,28.19,14.64,4.58,30.28,61.7,46.78,17.47,166.77,190.39,69.99,47.14,36.38
2024-10-15,8.17,390.62,121.07,6.72,23.67,166.68,174.49,66.19,24.62,113.27,27.28,69.44,15.59,20.33,37.76,3.92,349.11,68.16,76.4,20.78,31.54,25.01,18.26,28.69,26.46,4.5,34.66,13.36,240.67,20.94,355.55,16.13,115.62,90.94,40.86,39.72,161.92,72.36,49.53,46.1,241.57,23.03,57.51,37.73,16.82,5.45,31.92,90.78,74.18,19.25,193.98,210.22,112.44,127.72,41.95
2024-10-16,8.35,385.18,122.91,6.86,24.03,168.82,171.16,64.02,24.59,108.72,26.8,67.57,15.29,19.81,37.36,3.89,348.42,68.22,74.22,19.78,30.91,24.69,17.63,27.92,25.39,4.43,33.65,13.26,233.06,20.33,342.19,16.82,110.6,89.88,39.56,39.39,154.95,72.6,49.0,45.43,232.88,23.27,55.57,36.82,17.47,5.51,32.57,90.19,74.09,19.38,191.31,213.98,111.74,123.45,45.15
2024-10-17,8.23,378.72,127.8,7.55,23.67,166.68,170.92,61.5,24.3,106.01,27.09,65.41,15.57,19.79,37.53,3.83,347.3,68.85,74.3,19.44,31.82,24.88,18.03,28.08,25.03,4.4,33.42,13.22,229.88,20.41,358.09,15.73,113.9,87.12,39.6,40.12,157.56,74.32,51.78,44.9,240.41,23.34,56.02,36.67,18.16,5.38,33.24,89.43,75.12,18.99,189.97,210.39,111.92,122.73,43.26
2024-10-18,8.29,389.41,129.15,7.82,24.08,169.89,192.5,65.72,25.25,114.59,28.06,73.09,16.39,21.95,40.01,3.98,403.08,72.77,82.39,22.79,38.18,27.07,21.64,28.96,27.24,4.61,36.42,13.75,254.89,22.14,429.71,16.19,136.69,87.28,42.93,45.47,176.93,76.62,54.61,48.09,269.2,25.18,61.0,40.86,19.71,5.67,34.05,98.95,90.14,19.61,190.47,218.76,134.28,147.25,45.13
2024-11-06,9.79,537.71,122.23,7.8,24.44,189.58,178.3,68.35,43.62,109.49,31.18,71.65,17.83,24.19,46.33,4.43,429.22,77.3,80.22,22.57,43.16,27.82,24.15,36.26,27.46,5.35,37.08,14.74,270.9,26.2,456.0,15.71,160.19,91.9,47.17,42.9,169.88,89.94,49.15,60.48,232.41,25.03,59.53,40.58,18.86,6.27,37.62,98.12,96.04,21.86,211.27,252.77,200.9,189.6,90.28
2024-12-13,9.67,451.56,115.23,7.52,25.87,191.5,199.82,62.97,34.99,109.27,30.28,76.16,17.89,25.1,67.48,4.42,401.27,66.41,85.04,21.44,36.78,28.3,26.61,33.39,28.98,5.86,40.22,18.36,235.3,26.43,568.0,17.8,133.06,81.32,46.8,48.25,158.16,89.23,52.83,55.61,317.16,25.88,59.08,42.42,22.79,6.08,37.15,116.73,82.99,24.26,194.54,223.55,173.28,147.92,74.48
2024-12-16,9.67,445.3,112.11,7.38,28.49,188.29,183.89,61.37,34.72,106.37,29.41,73.56,17.68,25.0,63.15,4.42,404.35,65.25,81.84,20.65,35.95,28.06,25.54,32.09,28.19,5.8,37.86,17.38,233.06,25.45,575.25,17.25,129.51,80.51,44.76,50.1,152.41,85.21,51.09,54.56,306.02,25.0,58.27,41.2,22.96,5.98,36.9,107.85,81.5,23.74,190.61,222.52,167.46,143.54,73.46
2024-12-18,9.49,445.71,110.55,7.11,28.96,184.44,188.56,61.14,33.27,106.6,28.7,76.27,17.72,26.01,60.57,4.35,393.0,65.22,84.01,20.66,34.87,27.19,26.46,30.65,28.03,5.45,36.66,17.59,233.58,25.32,617.55,17.19,131.88,78.34,44.79,50.86,152.23,87.34,50.06,50.86,332.32,23.49,58.71,41.59,22.23,5.81,37.36,112.55,83.4,22.6,190.96,220.13,165.49,144.0,71.73
2024-12-19,9.43,447.93,111.09,6.86,28.13,183.37,184.17,60.65,33.08,106.04,29.33,79.15,17.74,25.99,60.17,4.29,388.1,64.97,84.43,20.58,35.59,27.32,27.28,30.38,27.01,5.5,36.25,17.4,233.78,25.34,636.02,16.28,129.18,77.7,45.78,52.87,152.53,87.64,50.89,50.13,336.35,23.83,60.26,41.64,22.09,5.81,36.57,110.88,85.44,22.38,190.26,218.25,164.35,142.56,70.58
2024-12-20,9.31,444.9,112.86,6.83,27.06,182.73,181.1,59.97,34.09,107.28,30.57,79.17,18.33,27.25,61.4,4.3,394.72,64.97,86.2,20.54,38.1,28.84,27.52,32.49,27.85,5.59,37.66,18.83,239.09,26.34,675.95,15.56,134.19,77.53,47.11,55.82,154.8,87.34,52.55,50.6,350.55,24.86,61.64,43.05,23.88,5.83,37.14,113.22,94.28,22.86,190.33,222.86,179.89,151.11,72.93
2025-02-17,8.53,461.85,140.9,6.14,72.85,221.89,236.41,66.73,33.77,103.62,31.24,82.95,18.21,27.33,62.95,3.91,355.89,66.84,96.65,18.05,37.02,34.34,35.89,39.64,26.83,5.11,41.5,19.05,269.94,23.7,660.82,16.75,128.77,84.36,49.06,55.74,159.4,87.42,53.34,49.84,355.5,23.94,55.9,38.69,19.86,5.17,37.4,106.74,101.0,19.29,226.59,216.71,157.74,128.5,68.87
2025-02-18,8.41,454.18,137.37,5.98,65.59,218.68,226.36,65.65,33.1,102.45,30.49,79.97,17.55,26.31,62.17,3.88,377.17,64.6,92.23,17.77,35.73,31.13,34.94,37.88,27.41,5.06,39.22,18.29,265.28,22.76,628.1,16.2,132.25,78.93,47.99,53.93,155.8,93.46,51.82,50.0,346.95,23.23,54.14,37.76,19.42,5.17,36.24,102.66,98.28,18.73,228.42,218.42,148.27,121.59,66.43
2025-02-19,8.35,463.66,144.77,6.01,62.5,240.5,239.85,65.46,35.31,106.65,31.1,82.88,18.32,27.38,63.25,3.96,386.98,68.18,98.23,20.45,37.3,32.85,35.75,39.28,28.22,5.16,40.32,18.33,289.5,23.93,625.51,16.52,137.83,80.42,50.21,55.73,171.29,93.51,52.99,51.35,362.13,24.18,56.46,39.21,19.78,5.2,37.66,105.05,101.94,18.96,231.65,224.91,154.37,124.01,70.9
2025-03-11,8.35,485.25,158.62,6.12,78.38,261.47,234.3,69.36,39.09,109.67,36.91,83.48,19.51,31.9,70.95,3.92,378.69,72.9,104.79,19.7,40.79,31.91,32.58,46.74,31.21,5.46,38.14,21.86,343.19,25.11,792.0,17.03,134.43,81.63,54.88,92.36,193.35,101.95,68.39,65.69,359.11,25.73,57.96,39.45,20.49,5.39,38.63,114.59,96.12,20.65,246.06,231.75,149.23,142.05,69.48
2025-03-12,8.41,473.35,154.14,6.17,82.36,259.76,237.81,69.45,37.97,106.48,37.28,83.57,19.21,32.76,72.62,3.91,368.06,71.25,106.09,19.2,40.4,31.69,33.5,46.78,30.86,5.39,37.56,22.57,342.36,25.1,774.0,17.02,138.0,81.99,54.73,90.48,186.51,102.74,66.61,65.98,371.99,25.61,57.11,39.64,20.29,5.39,38.69,113.91,95.9,20.56,262.22,233.46,148.58,140.45,67.69
2025-03-13,8.41,469.52,150.88,6.25,86.41,250.77,228.15,69.8,36.89,104.17,35.64,79.59,18.17,31.68,72.28,3.9,356.67,71.94,99.3,19.11,42.09,30.26,32.89,46.33,29.61,5.28,36.3,22.21,322.5,24.36,741.99,16.51,135.0,81.5,51.64,84.8,179.71,104.67,62.24,67.8,355.28,25.08,55.6,39.1,19.77,5.36,37.96,112.51,92.98,20.72,261.45,231.58,142.88,133.8,65.68
2025-03-14,8.47,474.36,152.85,6.28,77.79,254.84,229.68,69.92,37.45,106.78,35.88,82.22,18.17,33.01,73.99,3.96,364.91,71.4,101.23,19.28,41.87,30.64,32.88,48.45,30.12,5.39,36.91,22.02,331.84,24.82,758.0,16.67,137.26,82.97,53.46,86.71,192.04,105.82,64.18,71.47,351.73,25.69,57.4,39.82,20.02,5.5,38.94,113.86,94.81,20.72,258.64,245.94,146.52,137.56,66.78
2025-03-31,7.99,457.21,139.14,6.09,70.53,236.44,197.43,71.81,33.79,103.03,35.4,84.3,18.6,31.42,64.21,3.72,368.59,68.86,108.55,18.62,37.61,26.72,29.15,42.37,31.18,4.59,33.6,25.95,321.16,23.76,623.0,17.71,134.48,78.5,50.93,106.0,176.55,107.16,54.57,63.83,409.16,24.77,51.78,35.57,18.19,5.16,37.14,102.27,89.33,19.45,251.89,230.72,131.87,122.21,61.7
2025-04-01,8.11,460.44,141.44,6.17,68.15,234.51,205.43,72.21,34.47,104.78,35.92,82.02,19.67,31.39,63.15,3.81,374.28,73.78,108.54,18.62,38.01,26.83,28.77,42.18,30.56,4.69,33.76,26.29,329.87,24.52,632.94,17.71,136.37,80.24,52.2,99.25,184.34,107.19,53.76,62.48,398.19,24.99,54.08,35.8,18.2,5.19,37.65,101.81,86.5,20.56,260.26,233.46,132.88,121.49,63.95
2025-04-02,8.11,458.42,141.24,6.12,68.21,236.65,210.18,72.2,35.16,104.88,36.88,82.09,19.25,30.14,65.55,3.81,373.07,72.1,106.84,18.5,37.94,26.63,29.01,42.5,30.54,4.66,33.75,26.04,320.89,24.87,629.35,17.91,139.76,80.48,51.64,97.99,183.13,108.93,53.02,61.06,388.32,25.09,54.27,35.89,18.22,5.22,38.13,102.23,86.85,20.2,255.62,238.24,132.75,121.8,63.76
2025-04-03,8.17,461.85,136.83,6.23,72.55,232.16,217.9,69.95,36.17,104.54,34.98,74.75,18.8,29.49,64.02,3.82,378.4,71.03,100.16,18.57,37.69,26.06,29.0,42.11,29.93,4.65,33.08,25.8,312.99,24.08,638.0,17.61,135.52,79.13,50.62,98.02,188.66,106.97,52.27,58.69,368.02,24.41,52.79,35.24,17.91,5.18,37.65,103.13,88.09,19.97,254.07,226.96,131.43,120.3,65.66
2025-04-22,7.81,467.3,126.3,5.7,66.25,222.74,288.16,77.1,32.64,104.32,36.55,68.4,22.78,30.27,62.06,3.67,381.03,71.45,93.05,18.12,38.97,24.85,36.25,39.24,29.33,4.28,34.44,26.52,347.24,24.4,694.98,17.28,168.44,75.28,58.81,93.45,260.66,95.61,50.93,54.96,378.03,24.34,54.24,33.16,16.49,4.77,34.63,110.3,90.01,21.95,248.87,214.49,134.59,130.87,67.1
2025-04-23,7.81,474.16,130.38,5.68,66.96,228.31,282.67,75.85,34.02,102.56,37.52,70.89,23.08,30.35,62.44,3.68,376.51,71.17,94.56,17.93,38.67,24.79,34.96,39.89,29.13,4.33,33.95,27.38,346.8,24.3,685.21,17.76,168.35,75.74,57.18,93.72,256.18,95.39,51.14,58.55,397.12,24.45,53.62,32.92,16.58,4.81,35.03,109.33,90.07,20.69,250.91,207.48,134.19,130.92,69.53
2025-04-25,7.81,466.89,133.3,5.7,64.05,230.45,260.19,74.64,32.5,102.53,39.21,69.91,21.89,30.43,61.25,3.63,379.05,72.13,91.73,17.58,36.89,24.03,32.85,38.69,28.77,4.22,32.05,27.04,327.43,25.69,689.96,16.55,145.1,73.11,55.57,90.9,221.94,97.66,49.62,57.8,385.14,24.23,51.74,32.1,16.18,4.79,34.06,101.96,88.42,21.89,253.02,214.15,135.03,126.43,65.6
2025-04-28,7.87,472.54,131.05,5.68,65.95,228.52,267.51,74.43,32.29,102.37,39.88,69.12,21.85,30.85,60.26,3.53,375.35,70.56,94.51,17.15,35.74,24.2,34.55,40.22,28.11,4.16,30.92,26.77,335.02,27.32,710.8,16.46,149.97,73.53,55.75,90.4,218.1,100.25,49.84,57.07,404.43,23.46,51.96,31.75,16.23,4.73,33.68,102.86,88.23,20.88,255.69,212.27,132.96,126.64,64.99
2025-05-06,7.99,495.74,143.55,5.76,69.22,237.72,266.66,74.13,38.56,107.9,40.98,73.72,22.87,32.58,67.3,3.87,372.05,73.97,100.74,18.0,37.83,26.01,34.93,43.66,31.87,4.56,32.71,26.74,328.09,29.07,707.22,20.07,147.45,73.11,57.34,91.79,232.68,103.77,60.41,57.33,440.67,24.75,50.65,34.79,17.01,4.92,36.68,102.89,89.9,21.5,259.27,228.16,139.94,133.39,70.63
2025-05-07,7.99,488.68,142.87,5.9,68.57,238.58,257.81,74.13,36.82,107.92,42.21,72.75,23.02,32.56,66.24,3.94,368.75,73.82,101.67,18.11,38.08,26.13,34.31,45.07,31.2,4.59,32.71,27.83,320.76,29.38,721.03,19.8,142.42,74.19,57.12,88.66,225.55,104.13,59.78,56.85,437.04,24.77,50.15,34.76,17.08,4.95,38.76,100.95,90.5,21.6,257.16,227.82,138.62,130.81,70.18
2025-05-08,7.99,489.29,141.72,6.01,68.21,239.01,255.11,73.14,37.33,107.66,41.83,72.51,23.21,32.45,67.1,3.96,368.06,75.03,102.69,18.27,38.39,26.62,34.37,45.31,31.1,4.64,32.8,28.09,321.3,29.83,703.23,19.6,140.43,75.25,56.86,89.0,225.14,110.65,59.04,56.47,423.46,24.7,50.59,35.41,17.23,4.98,38.34,100.13,89.98,21.79,251.68,224.23,139.85,130.97,70.74
2025-05-09,8.05,491.91,137.98,5.95,65.0,235.37,260.69,72.94,36.71,105.53,39.83,70.91,22.05,32.14,66.05,3.92,354.84,74.14,102.0,17.95,36.58,25.73,33.52,46.8,30.01,4.55,31.51,27.25,310.52,29.36,700.0,19.98,138.11,72.91,55.68,83.65,222.97,109.45,57.06,55.61,420.44,24.5,49.15,34.61,16.81,4.94,38.95,97.7,85.83,21.17,257.09,222.69,135.64,126.49,69.32
2025-05-12,7.99,495.54,139.81,6.06,65.83,236.87,250.14,72.3,36.98,106.84,40.06,72.6,22.17,33.58,68.11,3.99,356.13,74.73,102.89,18.27,36.88,27.11,32.71,47.57,30.6,4.64,32.15,27.73,306.45,29.16,675.4,20.83,137.83,76.55,56.55,84.53,219.88,108.91,58.99,61.28,424.64,25.08,49.86,35.33,17.43,5.04,39.41,98.7,86.32,21.04,255.41,224.06,139.94,133.91,71.06
2025-05-13,7.99,487.27,138.59,6.01,65.48,234.94,250.17,72.36,36.25,106.03,40.01,73.79,21.74,33.4,67.31,3.92,353.39,72.68,100.86,18.09,36.72,28.58,32.28,44.81,30.35,4.61,31.65,28.02,307.53,28.89,678.29,20.58,135.93,78.82,55.62,83.66,224.51,108.09,58.09,60.46,434.72,24.4,49.43,34.92,17.2,5.02,38.94,97.95,85.52,20.98,255.83,228.16,137.79,131.33,68.49
2025-05-14,8.05,492.92,138.46,6.06,65.42,234.73,252.56,72.73,39.98,107.46,39.67,73.67,21.55,33.02,67.54,3.92,351.47,73.11,101.8,18.09,36.16,28.48,31.92,44.35,30.36,4.56,31.55,27.91,312.68,28.38,683.99,21.39,133.44,78.92,55.47,85.18,222.36,107.9,57.92,60.06,412.99,23.71,48.77,34.96,17.18,5.02,38.31,97.97,86.06,20.98,258.92,238.59,140.07,132.72,71.99
2025-05-15,7.99,497.56,137.63,5.95,63.22,229.16,246.75,72.96,39.12,104.65,39.2,71.52,21.72,32.83,66.05,3.92,344.63,71.88,100.85,17.79,35.49,28.6,31.23,42.99,29.28,4.52,30.79,27.58,309.98,28.04,677.0,20.68,131.44,78.21,54.5,85.15,214.37,105.82,57.03,58.49,409.87,23.43,48.03,34.5,16.84,4.96,37.78,96.9,84.42,20.59,255.83,229.36,134.46,127.67,71.89
2025-06-24,7.81,492.02,139.56,6.01,52.39,221.68,238.74,67.82,43.78,112.06,44.22,70.37,24.43,30.51,69.28,4.14,367.39,72.46,109.31,18.52,38.45,28.57,30.6,44.78,29.47,5.39,30.3,28.28,322.85,30.22,607.25,20.07,124.59,79.92,54.54,85.56,203.33,117.57,51.75,54.83,353.6,23.72,49.22,36.91,19.52,5.53,41.83,96.47,85.15,21.27,296.94,260.63,153.44,124.06,73.96
2025-06-25,7.87,497.88,140.11,6.03,52.99,224.06,254.9,68.82,43.94,112.97,44.84,72.66,24.62,30.83,69.24,4.19,366.81,74.37,109.33,18.73,39.03,29.31,32.15,48.11,29.76,5.34,30.9,29.1,318.71,30.58,611.11,20.21,126.75,80.76,56.19,89.6,214.86,118.95,53.62,55.52,361.8,23.67,49.66,37.3,19.25,5.57,42.18,98.04,88.39,20.82,296.73,261.49,184.13,131.9,74.23
2025-06-26,7.81,490.6,138.59,6.03,52.99,222.11,250.83,67.38,42.39,112.0,45.37,71.32,24.38,30.26,70.38,4.19,366.52,75.28,107.33,18.45,40.05,29.37,31.38,47.7,29.46,5.41,30.43,31.05,318.8,29.84,610.5,20.97,124.31,81.92,55.62,86.72,209.65,116.32,52.41,55.07,350.34,23.51,49.18,36.95,19.3,5.54,40.89,95.64,87.28,20.69,295.54,264.22,188.61,131.17,72.96
2025-06-27,7.87,493.03,138.25,6.12,54.29,221.89,246.96,66.93,44.88,114.07,44.29,71.45,24.73,30.83,68.97,4.18,369.48,74.73,107.61,18.54,39.85,30.55,30.72,49.87,29.8,5.36,30.48,30.16,320.17,29.57,585.5,20.62,126.36,83.24,56.29,92.0,206.41,116.35,52.38,54.85,344.42,24.01,49.83,37.34,19.47,5.63,40.98,95.47,86.88,20.88,307.42,274.65,190.51,130.92,74.07
2025-06-30,7.81,503.13,140.18,6.17,53.52,222.76,245.54,67.22,47.11,115.12,46.94,71.73,25.07,30.91,69.07,4.29,376.06,77.08,108.92,18.77,40.21,30.8,32.58,51.27,30.32,5.44,31.06,30.53,324.42,32.36,601.5,20.24,127.42,84.07,57.46,96.5,207.21,119.12,52.65,56.34,350.43,24.31,50.25,38.15,19.35,5.59,41.33,96.37,88.17,21.34,299.9,270.03,194.55,131.9,78.54
2025-07-01,7.87,502.32,140.11,6.2,52.93,222.54,240.84,67.83,46.6,114.5,47.24,71.82,25.46,30.86,68.22,4.28,376.39,77.45,108.92,18.74,40.3,30.37,32.08,50.22,30.48,5.32,30.88,30.35,321.57,32.68,563.0,19.88,126.04,89.06,57.13,96.39,202.4,117.93,52.69,55.61,341.0,24.32,50.05,38.3,19.61,5.55,41.22,95.17,87.76,21.24,306.22,276.19,201.8,134.42,77.35
2025-07-09,8.59,496.06,142.73,6.47,55.9,227.73,236.38,66.76,44.18,113.67,47.3,72.38,24.77,31.83,65.11,4.27,374.48,74.75,105.14,18.66,39.25,30.71,29.03,49.64,30.72,5.25,31.55,28.52,303.95,32.81,535.0,19.46,120.21,86.8,58.91,87.0,194.71,109.92,49.93,55.74,323.18,24.64,49.72,38.56,19.25,5.5,40.25,93.56,85.85,20.72,292.09,284.05,175.91,127.52,79.24
2025-07-10,8.65,545.77,143.07,6.53,54.77,226.43,225.01,66.09,45.86,112.96,46.11,72.14,24.71,31.85,65.34,4.29,368.85,74.82,106.21,18.79,39.01,30.71,29.17,49.56,30.64,5.22,31.66,28.54,301.7,33.11,523.5,19.25,117.67,87.06,57.75,87.03,194.41,108.9,49.96,55.98,324.02,24.64,49.7,38.23,19.02,5.52,39.93,94.51,85.67,20.69,291.18,287.81,173.53,127.77,80.6
2025-07-11,8.83,600.32,142.04,6.61,54.83,225.78,231.62,66.81,49.69,113.35,46.05,73.69,24.99,32.46,66.17,4.28,374.48,75.47,108.12,18.92,39.07,31.08,29.48,48.64,30.92,5.22,31.71,28.88,307.21,32.63,553.98,19.3,123.17,88.23,58.65,87.95,204.28,106.05,50.83,56.69,330.39,24.64,50.39,38.32,19.04,5.56,40.2,95.09,88.16,20.75,293.5,302.85,183.78,130.3,83.68
2025-07-14,8.71,603.76,141.97,6.56,54.53,229.67,225.88,67.26,48.03,110.97,46.5,72.24,25.51,32.04,66.05,4.31,372.98,75.03,107.32,18.85,39.21,30.69,29.61,52.06,30.94,5.34,31.72,28.92,302.6,34.2,565.06,19.43,123.75,89.56,58.47,86.0,200.37,108.68,50.74,56.69,328.0,24.82,50.65,38.65,19.11,5.54,41.38,94.14,87.52,20.78,302.15,313.27,183.87,130.81,80.38
2025-07-15,8.65,585.98,142.04,6.34,54.12,232.7,223.25,67.13,47.42,111.53,46.53,73.53,25.05,33.32,65.73,4.23,376.01,74.79,105.94,18.8,38.52,30.32,29.51,51.41,31.15,5.23,31.43,26.08,301.5,31.85,553.1,18.52,121.86,87.31,58.95,85.54,197.92,108.7,50.22,56.07,323.68,24.53,50.12,40.73,19.17,5.43,40.27,93.49,87.89,20.69,301.23,315.32,185.62,131.38,79.11
2025-07-16,8.59,586.78,142.32,6.31,54.06,233.35,224.21,67.29,46.8,112.1,45.26,73.04,25.14,33.88,65.48,4.22,372.68,74.81,106.32,18.73,38.81,30.34,29.83,51.3,30.92,5.19,31.6,26.09,302.33,31.98,580.19,18.6,122.48,90.53,58.5,88.99,195.37,108.9,50.95,55.98,325.73,24.91,50.96,44.02,19.16,5.44,40.25,93.67,87.12,20.82,297.86,303.7,180.35,129.47,78.43
2025-07-17,8.65,606.18,144.45,6.36,54.83,237.45,222.76,68.19,47.04,112.0,45.97,72.81,25.51,34.71,66.77,4.22,369.78,76.47,109.08,19.03,39.29,30.93,29.91,53.0,31.23,5.32,31.92,26.42,305.95,31.96,582.4,18.94,122.72,91.13,59.52,88.42,192.87,111.0,52.34,56.98,325.67,26.2,51.86,45.24,19.41,5.5,40.64,94.07,88.79,20.78,301.65,303.53,187.96,131.59,79.08
2025-07-18,8.65,665.99,141.63,6.47,54.41,235.94,222.63,68.32,48.51,113.24,45.59,72.98,25.48,34.76,65.2,4.23,370.82,75.74,104.36,19.04,39.47,31.07,28.91,53.26,31.35,5.48,31.98,26.02,301.0,33.06,582.62,19.32,121.47,92.21,59.09,87.54,192.51,109.84,52.14,57.91,329.12,25.72,51.54,44.93,19.41,5.66,41.19,94.07,88.51,20.82,307.49,307.63,190.68,131.02,80.87
2025-07-22,9.37,694.48,140.59,7.85,54.18,265.76,228.01,69.87,47.41,118.16,46.24,73.88,25.94,35.8,68.45,4.51,367.49,77.66,102.19,19.27,39.69,32.61,29.25,55.03,31.32,5.62,32.09,27.85,304.51,32.76,593.93,18.62,122.91,93.67,58.57,86.68,197.68,109.84,51.67,58.8,334.64,25.79,51.89,45.61,19.7,5.93,41.42,94.66,89.08,20.95,328.78,320.45,180.88,128.29,80.41
2025-07-23,9.31,707.01,143.42,8.65,54.95,276.13,234.44,69.57,46.45,120.01,45.94,73.81,27.01,35.77,68.03,4.41,383.14,76.17,100.05,19.11,39.3,32.35,29.08,53.52,32.4,5.57,32.23,27.45,306.6,33.07,595.56,18.57,121.92,94.57,58.7,87.4,205.21,110.17,51.5,57.82,330.58,25.84,51.72,48.82,19.36,5.78,41.35,96.23,89.39,20.75,328.64,333.78,178.59,127.77,78.94
2025-07-24,9.55,770.66,157.75,9.51,55.84,270.08,231.14,70.36,49.19,121.28,46.21,74.65,26.63,36.1,67.97,4.48,382.74,77.66,100.35,19.47,39.85,31.93,29.47,54.26,32.34,5.76,33.13,27.1,311.6,33.15,600.23,18.7,123.09,96.34,59.02,87.03,205.63,110.64,52.37,59.62,331.68,25.8,52.76,47.54,20.09,6.02,42.5,96.66,91.75,20.98,335.11,333.27,184.97,131.59,83.58
2025-07-25,9.31,772.88,160.44,10.47,55.19,274.61,232.18,69.77,50.18,123.74,48.57,75.76,26.15,37.66,67.68,4.39,383.77,81.74,101.51,19.45,40.94,32.18,29.84,53.54,33.27,5.69,33.24,26.53,310.77,33.46,673.3,18.66,126.5,95.49,60.67,93.03,209.86,109.53,53.29,59.95,357.82,26.11,54.58,48.86,20.11,5.94,42.15,97.91,93.47,20.91,330.96,326.6,192.13,132.93,84.58
