date,sh600006_daily,sh600060_daily,sh600066_daily,sh600081_daily,sh600104_daily,sh600166_daily,sh600178_daily,sh688071_daily,sz000025_daily,sz000030_daily,sz000338_daily,sz000625_daily,sz002594_daily,sz300100_daily
2023-04-21,20.76,132.28,619.01,105.1,145.86,78.57,12.96,48.9,46.74,17.31,237.69,163.31,248.03,25.14
2023-04-24,20.61,128.8,630.29,103.94,145.12,80.14,12.94,47.68,46.47,17.16,234.78,164.47,258.74,25.32
2023-04-25,20.08,135.93,616.07,101.62,144.39,79.09,12.75,46.31,45.37,16.79,233.12,159.39,249.36,24.64
2023-04-28,21.58,133.54,662.66,106.36,147.85,85.64,13.34,49.11,47.07,17.5,239.35,172.73,261.16,25.93
2023-05-08,21.62,134.91,684.25,108.2,146.8,87.21,13.0,47.0,47.57,17.76,270.31,173.31,259.29,26.04
2023-05-09,21.99,132.46,682.28,106.75,147.01,88.0,12.94,45.11,46.72,17.69,262.21,172.88,255.29,25.79
2023-05-10,23.53,133.42,699.94,110.62,149.31,91.66,13.17,46.88,48.06,18.14,263.87,183.9,265.17,26.43
2023-05-11,22.52,134.07,660.7,109.36,147.95,91.66,13.11,46.01,47.38,18.44,260.55,179.11,269.21,26.43
2023-05-12,21.96,135.33,669.04,109.36,146.69,89.83,13.0,46.04,46.61,18.21,253.07,175.2,265.49,26.18
2023-05-15,22.14,128.92,675.42,109.46,147.32,90.88,13.15,47.27,47.05,18.25,260.34,179.26,270.39,26.33
2023-05-17,21.62,126.59,670.02,108.3,145.96,86.95,13.09,48.16,46.91,18.25,256.18,175.05,266.41,26.47
2023-05-18,21.39,129.34,666.1,109.65,144.6,85.9,13.13,47.5,46.5,18.25,254.73,173.31,264.45,26.87
2023-05-19,21.28,134.07,655.51,108.68,143.24,84.33,13.02,47.6,47.4,18.18,250.99,171.86,264.55,26.54
2023-05-23,20.94,133.48,656.57,109.94,143.03,83.54,12.94,49.7,47.21,18.14,247.87,175.92,268.38,26.9
2023-05-24,20.87,129.58,667.16,109.07,140.31,83.02,12.92,51.3,46.33,18.1,244.34,173.46,267.34,26.83
2023-05-25,20.76,128.98,667.69,108.97,138.42,81.19,12.77,51.53,46.03,18.1,242.47,174.47,260.9,26.87
2023-05-26,21.28,128.8,681.98,111.49,138.21,82.5,12.92,50.98,46.25,18.4,244.55,177.81,252.11,27.26
2023-06-28,21.92,138.86,738.64,126.43,147.95,89.57,13.88,62.0,49.82,19.84,257.02,189.41,265.64,32.91
2023-06-29,21.96,145.75,762.99,132.85,148.16,88.26,14.35,62.25,49.38,19.84,258.89,187.38,261.0,32.04
2023-06-30,22.14,148.21,780.47,146.18,148.37,89.04,14.28,61.15,50.12,19.88,258.89,187.53,263.62,33.37
2023-07-03,22.59,143.66,771.47,144.04,149.52,92.97,14.58,58.87,50.34,20.16,267.82,200.58,273.02,32.26
2023-07-04,23.04,140.72,794.76,149.68,151.3,95.07,14.88,65.83,51.13,20.63,266.37,209.28,277.13,33.88
2023-07-05,22.67,140.0,791.59,134.7,150.46,92.97,14.84,64.94,49.65,20.59,264.5,204.2,272.53,32.37
2023-07-06,22.74,137.43,784.7,127.7,151.2,93.23,15.63,67.38,49.21,20.63,264.08,203.77,273.66,31.76
2023-07-07,22.67,137.01,790.0,124.2,150.88,92.97,14.94,63.92,48.03,20.63,262.83,200.58,269.88,32.73
2023-07-10,22.52,138.45,759.82,122.25,149.94,93.5,14.67,62.99,48.2,20.71,264.5,198.26,269.01,32.37
2023-07-11,23.19,139.52,776.23,122.74,152.24,94.81,14.75,65.36,48.77,21.14,267.2,207.25,274.91,32.58
2023-07-12,23.0,135.57,759.29,123.71,151.2,94.81,14.56,64.02,49.62,21.5,263.04,208.22,271.11,32.73
2023-07-13,22.68,137.31,757.17,121.37,151.3,94.02,14.41,62.43,49.26,21.3,263.04,205.72,273.38,31.9
2023-07-14,22.41,136.47,756.11,122.35,150.88,94.02,14.39,62.5,48.47,21.18,262.21,203.95,269.89,31.72
2023-07-17,22.34,131.74,751.35,121.18,150.36,94.81,14.28,60.61,47.59,21.22,263.04,201.44,269.97,31.29
2023-07-18,23.09,132.58,754.52,120.31,151.62,97.95,14.5,60.03,47.84,21.42,264.29,204.54,270.98,32.04
2023-07-19,23.05,130.24,753.46,120.31,153.03,97.95,14.61,57.28,47.42,21.46,264.91,202.91,270.32,32.01
2023-07-20,22.79,128.45,734.93,119.14,150.78,96.38,14.43,55.5,45.44,21.26,261.79,195.84,270.44,31.43
2023-07-21,22.49,127.49,725.93,116.8,151.85,96.64,14.24,54.12,45.83,21.02,260.76,195.1,269.8,30.79
2023-07-24,22.37,131.74,735.99,116.61,152.49,95.85,14.31,53.5,45.99,21.18,261.17,195.69,262.84,31.47
2023-07-25,23.39,135.63,740.76,119.33,154.85,96.9,14.63,53.91,46.85,21.54,266.16,215.3,270.07,31.9
2023-08-10,22.71,135.09,696.81,108.98,163.21,93.23,13.68,52.56,46.43,20.79,265.74,220.61,269.32,29.99
2023-08-11,22.19,129.99,688.34,106.75,158.6,91.14,13.51,51.35,45.97,20.47,255.56,215.3,265.78,29.49
2023-08-14,21.77,129.74,690.45,107.66,155.06,91.4,13.51,51.35,45.88,20.63,254.31,204.83,252.01,29.6
2023-08-15,21.58,130.73,683.57,107.05,154.53,91.93,13.62,49.45,45.31,20.67,253.07,203.95,250.7,29.17
2023-08-16,21.43,130.85,674.04,105.43,153.78,90.09,13.36,47.85,44.29,20.51,251.61,197.16,250.35,28.7
2023-08-17,21.62,133.01,692.57,108.37,154.2,92.19,13.75,49.17,44.79,20.83,254.73,201.0,252.21,30.1
2023-08-18,21.24,130.79,676.16,106.55,152.28,91.14,13.66,48.08,43.99,20.59,251.41,195.98,246.34,29.89
2023-08-21,20.9,128.63,670.86,106.65,149.7,89.57,13.66,47.05,43.58,20.31,247.67,191.12,240.32,29.85
2023-08-22,21.17,129.31,687.28,108.17,150.45,89.83,13.6,48.08,43.44,20.75,248.5,194.51,240.45,29.17
2023-08-23,20.75,127.71,684.63,106.65,149.7,88.52,13.47,45.81,43.11,20.55,245.38,188.91,235.89,29.1
2023-08-24,20.83,131.47,684.1,105.33,149.49,89.04,13.42,45.66,43.11,20.27,245.38,191.85,240.82,29.31
2023-08-25,20.49,128.14,674.57,103.5,150.45,90.35,13.14,44.5,41.82,20.12,244.45,192.89,238.46,28.23
2023-08-28,20.9,130.36,683.57,104.32,152.49,92.97,13.45,42.89,43.05,20.79,250.56,192.3,241.46,28.66
2023-08-29,21.28,136.21,644.39,107.76,153.24,95.59,13.94,46.54,44.04,21.42,249.72,201.15,252.93,30.79
2023-08-30,21.13,130.3,645.45,108.17,151.53,96.12,13.94,48.69,43.99,21.77,248.24,197.02,256.09,31.32
2023-08-31,20.79,128.82,660.27,107.97,153.88,93.76,13.94,48.31,43.3,21.42,248.45,184.92,255.68,31.07
2023-09-01,21.17,130.05,673.51,109.89,155.81,91.66,14.16,47.65,44.21,21.42,254.56,189.94,255.4,31.25
2023-09-04,21.62,130.17,688.87,111.72,157.96,91.66,14.2,46.76,44.29,21.58,265.3,196.87,258.81,31.47
2023-09-05,21.39,129.56,693.1,112.43,157.63,90.62,14.05,46.46,43.85,21.42,264.25,194.21,255.3,31.25
2023-09-06,21.43,129.31,710.05,114.55,158.6,90.88,14.07,47.1,44.02,21.38,260.88,195.25,256.76,31.22
2023-09-07,21.02,128.2,698.4,111.31,157.85,88.78,13.79,45.5,43.3,20.91,258.35,190.09,254.66,30.17
2023-09-08,21.02,129.56,697.34,111.21,156.35,88.52,13.85,45.83,43.0,20.95,253.3,189.64,250.2,30.25
2023-09-18,21.43,128.88,706.34,113.34,159.03,94.81,14.41,48.01,43.52,21.54,256.88,195.84,253.61,31.36
2023-09-19,21.32,132.33,713.75,111.82,160.1,94.28,14.24,49.49,42.72,21.54,257.72,192.59,253.4,30.57
2023-09-20,21.05,132.95,702.1,111.41,160.53,93.23,14.07,47.25,41.98,21.38,257.51,189.79,250.15,30.17
2023-09-21,20.9,132.21,696.81,109.69,159.78,91.4,13.85,46.65,41.52,20.95,254.35,187.58,245.72,29.81
2023-09-22,21.13,132.76,704.75,111.21,161.38,94.02,14.05,47.75,42.29,21.22,260.03,190.67,251.22,30.61
2023-09-25,20.98,132.95,701.04,111.41,160.42,92.45,14.09,49.33,41.93,21.34,264.03,191.26,251.99,30.89
2023-09-26,20.75,137.26,701.57,110.9,159.24,91.4,13.9,48.59,41.79,21.22,268.04,190.82,244.51,30.25
2023-09-27,20.68,136.52,700.51,109.59,159.03,89.83,13.79,50.18,41.74,20.83,265.51,192.3,243.82,30.1
2023-10-20,21.39,135.78,702.1,110.3,156.45,83.02,14.39,39.02,40.83,20.39,275.62,208.52,245.23,32.26
2023-10-23,23.54,133.81,699.46,112.02,155.92,80.93,13.98,38.08,39.65,19.92,273.72,204.98,244.66,31.32
2023-10-24,23.28,135.23,679.34,110.2,155.38,78.57,14.31,37.76,40.69,20.27,273.51,205.57,241.48,32.37
2023-10-25,23.35,139.97,696.81,114.05,158.81,82.5,14.65,38.15,41.13,20.91,297.72,214.27,243.38,32.98
2023-10-26,23.66,140.96,720.64,116.48,160.74,84.33,14.97,38.31,41.38,21.5,296.67,222.97,244.62,33.41
2023-10-27,24.3,139.6,741.29,118.91,162.56,85.64,14.91,38.51,45.53,22.13,297.38,233.15,248.05,37.44
2023-10-30,23.39,142.87,725.93,117.7,158.6,80.4,14.74,39.8,45.86,21.34,295.24,227.54,250.76,39.88
2023-10-31,22.98,143.43,722.22,116.28,155.6,79.35,14.67,39.08,45.5,20.75,296.95,223.12,244.55,37.62
2023-11-01,23.05,147.86,712.69,118.2,155.6,78.57,15.06,41.93,45.61,20.91,300.8,221.79,242.15,37.91
2023-11-02,25.35,145.21,725.93,121.65,158.38,79.35,14.89,43.32,44.57,20.95,302.94,222.38,240.72,38.16
2023-11-03,24.52,145.15,719.05,120.94,158.92,78.83,15.08,42.98,44.43,20.98,301.66,225.48,244.66,37.8
2023-11-06,24.71,144.23,704.22,121.45,160.85,81.71,15.3,45.6,45.12,21.66,302.09,226.8,249.02,39.45
2023-11-07,25.2,144.1,680.92,122.56,159.88,81.19,15.23,47.27,45.69,21.58,303.58,235.5,247.04,39.24
2023-11-08,25.2,145.95,671.92,120.54,159.78,81.97,15.04,48.25,46.19,21.54,302.3,231.52,246.05,38.34
2023-11-09,24.52,148.54,655.51,118.41,159.35,80.93,16.54,46.9,47.45,21.5,302.51,246.27,245.33,36.22
2023-11-10,24.15,147.43,660.8,118.41,156.45,79.88,18.2,44.38,45.61,21.34,303.37,233.88,242.93,36.14
2023-11-13,24.49,144.9,659.21,118.71,154.74,80.14,17.51,43.3,45.77,21.5,299.73,229.02,243.09,36.0
2023-11-14,24.71,145.03,667.69,120.84,154.31,81.71,16.93,44.92,45.66,21.58,299.95,237.42,243.62,36.61
2023-11-15,24.6,146.01,689.93,122.87,155.17,83.54,16.65,46.6,45.88,21.93,308.72,250.4,244.65,37.33
2023-11-16,24.34,146.51,678.81,121.65,153.45,82.24,16.82,47.8,46.43,23.63,307.43,242.88,244.3,37.12
2023-11-17,24.68,148.05,685.16,124.08,155.17,83.02,17.58,47.7,46.57,24.02,311.93,243.47,242.73,37.58
2023-11-20,24.6,147.92,696.81,123.27,154.74,82.5,17.62,50.35,46.35,23.75,316.21,244.65,240.92,37.55
2023-11-21,24.37,146.01,682.51,122.06,154.63,81.97,17.51,47.6,46.3,23.35,316.85,241.7,240.1,37.4
2023-11-22,23.39,143.86,681.45,118.81,153.99,79.62,16.78,47.33,46.9,22.76,311.07,240.37,235.79,36.04
2023-11-23,24.86,147.49,688.34,123.37,157.42,82.24,18.46,49.39,46.6,23.27,319.2,256.59,234.6,38.27
2023-11-24,24.18,147.74,684.1,120.33,156.24,80.66,20.31,47.6,46.02,23.23,318.34,262.2,222.31,37.33
2023-11-27,25.96,145.09,692.04,124.08,165.99,81.19,22.33,51.31,45.42,23.55,320.7,288.45,214.16,38.09
2023-11-28,27.96,145.64,702.63,131.89,164.71,83.28,24.57,54.87,46.35,24.34,326.69,316.76,215.2,38.99
2023-11-29,27.32,144.41,707.4,140.1,161.28,80.93,27.02,55.5,46.3,23.67,322.84,305.26,207.07,38.55
2023-12-08,22.98,137.63,701.57,114.45,151.31,75.16,32.79,49.65,43.99,22.13,297.81,270.45,203.55,33.66
2023-12-11,23.28,137.82,704.22,115.97,149.92,76.74,36.06,52.5,44.51,22.8,298.88,280.04,204.21,33.99
2023-12-12,23.39,137.63,717.46,116.99,150.03,77.0,35.54,53.4,45.53,22.84,300.8,279.3,201.28,34.06
2023-12-13,23.28,136.65,717.46,120.43,147.56,76.21,38.66,56.9,45.47,22.8,299.3,278.57,196.63,33.91
2023-12-14,22.94,136.89,717.46,118.1,145.85,75.43,37.04,55.0,45.55,22.56,293.53,268.98,196.0,33.66
2023-12-15,22.79,136.03,702.1,116.28,144.56,74.64,39.2,52.32,45.23,22.29,292.24,268.1,198.15,33.7
2023-12-18,22.56,134.06,698.4,115.37,144.35,73.85,40.23,53.14,44.37,22.13,289.89,266.03,193.82,33.73
2023-12-19,22.26,132.95,701.57,114.76,144.13,73.07,36.21,54.7,44.07,21.85,290.1,258.66,192.74,33.66
2023-12-20,21.81,128.02,688.87,112.53,142.31,71.76,33.24,54.2,43.22,21.54,286.68,250.55,189.54,33.12
2023-12-21,21.88,127.77,684.63,114.05,143.06,71.76,31.95,51.61,43.38,21.62,287.97,251.73,194.46,33.59
2023-12-22,21.58,127.22,684.1,111.92,143.6,70.71,33.15,50.35,42.67,21.34,288.18,246.27,197.09,33.05
2023-12-25,21.69,127.95,686.75,112.53,143.38,70.97,35.5,50.55,43.08,21.62,293.74,255.56,197.02,34.24
2023-12-27,21.58,127.83,690.45,110.6,142.52,69.66,31.84,45.07,42.7,21.26,292.24,251.43,196.27,36.11
2023-12-28,21.81,126.35,683.57,112.93,144.88,70.97,32.18,47.18,43.36,21.3,289.25,249.07,203.04,35.57
2024-01-02,22.0,128.82,707.93,113.54,143.81,70.45,30.98,47.52,44.1,21.22,296.95,239.49,197.45,38.99
2024-01-03,21.92,129.99,729.11,112.32,144.67,70.71,28.61,47.93,43.6,21.14,299.73,232.85,198.04,39.31
2024-01-04,21.66,131.34,713.75,111.51,143.81,69.4,29.69,47.02,43.58,21.06,302.09,225.48,197.88,40.46
2024-01-05,21.39,132.27,706.34,108.17,142.95,69.4,27.64,45.7,42.86,20.83,302.73,219.58,197.53,38.55
2024-01-08,20.98,127.34,776.76,105.84,140.6,68.09,27.88,43.98,41.71,20.47,299.09,218.1,194.17,37.3
2024-01-09,21.02,127.34,784.7,106.65,141.67,68.88,27.54,44.2,42.29,20.59,301.66,218.4,197.72,36.9
2024-01-10,20.83,127.83,818.06,104.92,141.67,67.83,27.49,42.11,42.29,20.51,300.16,212.5,195.08,35.78
2024-01-11,21.2,124.56,830.24,107.15,143.38,69.66,28.61,44.39,42.48,20.59,301.66,217.66,201.74,36.18
2024-01-12,20.98,125.74,812.77,106.34,142.74,69.66,27.0,44.23,42.64,20.59,308.93,214.86,200.8,35.78
2024-01-15,21.02,128.76,821.77,106.24,142.74,69.66,27.15,42.51,43.82,20.43,311.71,218.1,199.51,34.81
2024-01-16,21.13,129.99,838.18,106.24,144.24,67.83,28.93,42.79,44.7,20.51,320.06,225.33,200.22,34.67
2024-01-17,21.05,130.73,837.12,103.3,141.99,66.0,27.23,40.37,44.59,20.0,314.92,212.06,191.51,33.59
2024-01-18,20.45,128.82,843.48,101.98,143.27,65.74,27.28,40.04,42.94,19.53,312.35,214.86,195.28,32.62
2024-01-19,20.19,128.63,823.36,100.46,143.7,65.47,25.86,38.67,47.23,19.33,305.94,212.06,194.11,31.83
2024-01-22,22.22,122.72,794.76,103.3,141.88,62.33,25.47,36.62,47.37,18.34,300.16,202.91,190.01,29.71
2024-01-23,22.75,123.02,809.06,99.25,141.45,64.16,25.02,35.97,48.14,18.38,301.44,202.91,192.58,29.2
2024-01-24,24.15,128.76,814.36,102.19,144.77,67.05,25.41,34.57,47.89,18.78,314.49,203.65,193.45,29.71
2024-01-25,23.39,136.95,820.71,108.07,147.45,68.09,26.72,36.41,49.98,19.53,322.84,211.47,194.68,30.57
2024-01-26,22.6,135.47,840.3,105.13,148.85,69.66,26.46,34.84,48.06,19.72,324.34,209.4,190.54,30.68
2024-01-29,21.24,138.56,824.95,98.23,149.06,66.78,25.43,33.55,49.57,19.29,321.34,201.44,182.94,29.06
2024-01-30,21.39,136.28,798.47,94.99,146.92,65.74,25.26,32.5,46.16,18.78,319.41,195.39,176.3,28.2
2024-01-31,20.45,136.58,802.18,90.22,146.49,63.64,23.49,30.26,46.71,18.14,315.99,188.76,175.03,26.47
2024-02-01,20.64,137.69,804.29,89.82,146.92,62.59,23.15,29.5,42.04,17.87,321.55,188.46,175.2,25.93
2024-02-02,20.19,134.98,800.06,83.84,147.35,61.02,22.27,27.6,39.04,16.88,320.06,182.12,171.21,24.42
2024-02-05,18.86,143.3,802.71,75.52,147.67,61.81,20.05,23.65,35.14,15.34,323.05,173.86,172.23,21.18
2024-02-06,19.77,157.11,836.59,77.76,151.63,65.47,18.74,23.01,38.66,16.37,329.47,189.94,180.3,22.05
2024-02-07,20.75,152.18,907.02,76.23,154.42,69.66,17.68,20.42,39.54,17.24,330.97,196.87,184.08,20.68
2024-02-08,20.98,149.1,889.01,83.84,156.24,70.71,18.11,24.5,40.11,17.67,336.32,200.26,185.73,23.77
2024-02-19,21.02,150.45,895.9,88.1,155.92,69.4,19.62,25.35,41.6,18.22,337.6,198.79,188.12,24.28
2024-02-20,20.9,152.24,895.9,87.99,156.78,68.88,20.39,26.6,40.75,18.03,348.3,193.18,183.53,24.82
2024-02-21,22.34,149.65,889.54,90.53,157.85,69.4,21.02,27.5,40.88,18.54,346.16,203.21,187.61,25.43
2024-02-22,22.15,149.71,917.61,91.04,159.13,69.4,22.42,28.83,41.19,18.78,351.72,203.8,187.6,26.69
2024-02-23,22.34,148.54,914.96,94.38,159.67,70.45,24.65,32.59,41.71,19.05,348.3,216.33,187.28,28.84
2024-02-26,22.45,148.23,924.49,95.09,158.38,71.5,24.09,33.4,42.01,19.17,358.35,218.99,190.69,29.49
2024-02-27,22.98,150.7,974.79,99.65,159.56,73.59,26.22,35.21,43.41,19.72,356.85,225.92,198.58,31.86
2024-02-28,21.85,151.07,919.19,91.95,158.17,70.19,23.6,30.59,40.99,18.78,341.66,212.21,192.74,27.73
2024-02-29,22.9,159.64,988.56,96.21,160.31,74.64,24.22,32.72,41.87,19.56,361.13,219.73,196.02,29.78
2024-03-01,22.83,157.6,963.67,97.32,160.53,74.64,24.01,33.3,42.23,19.68,349.37,217.96,197.02,30.25
2024-03-04,22.45,158.83,975.32,97.22,160.42,72.81,23.81,32.2,41.65,19.49,347.01,216.63,194.04,30.03
2024-03-05,24.71,157.17,1009.21,105.53,162.67,74.12,24.57,30.98,42.07,19.41,350.44,221.64,195.63,29.81
2024-03-06,25.35,156.12,1000.74,100.36,160.85,72.55,24.07,31.58,42.04,19.49,351.51,218.4,196.48,30.35
2024-03-07,25.43,156.86,994.38,97.93,160.74,71.76,23.47,30.85,42.83,19.29,354.07,220.02,193.65,30.1
2024-03-08,26.64,152.05,1003.38,97.93,160.74,71.76,23.26,30.36,42.48,19.37,355.14,216.92,192.83,30.14
2024-03-11,26.03,153.96,1011.85,98.33,160.53,73.07,23.73,31.14,42.94,19.53,349.37,222.68,203.75,31.83
2024-03-12,25.47,151.56,973.73,99.45,159.78,72.81,24.52,31.62,43.6,19.92,339.95,235.06,210.27,33.37
2024-03-13,26.03,152.49,970.03,101.27,158.92,73.85,26.98,31.49,43.6,20.0,341.24,246.56,211.56,33.59
2024-03-14,25.92,150.7,975.32,99.86,157.2,72.55,29.67,30.99,43.55,20.0,351.08,243.47,217.42,33.02
2024-03-15,28.52,151.07,1000.74,104.11,156.78,73.85,29.69,33.59,43.82,20.59,351.29,248.19,214.75,33.63
2024-03-18,31.39,147.25,1033.56,114.55,159.03,75.43,29.92,36.14,44.29,20.91,354.07,263.97,223.52,34.24
2024-03-19,32.49,147.55,995.44,112.53,157.96,74.12,28.65,36.69,43.91,20.83,347.23,254.68,222.26,34.09
2024-03-20,35.73,146.08,988.03,117.49,159.67,74.38,31.52,37.11,43.8,21.18,345.3,256.15,223.98,34.06
2024-03-21,34.9,143.3,980.62,118.2,159.67,74.64,31.56,36.7,43.74,21.1,342.73,269.27,224.47,34.24
2024-03-22,32.71,144.23,982.2,113.03,159.13,72.55,30.27,35.21,42.48,20.87,343.38,262.64,222.42,33.63
2024-03-25,31.09,143.73,1007.09,110.4,157.85,71.24,28.16,34.49,41.65,20.75,348.08,260.57,219.6,32.4
2024-03-26,31.2,142.25,1022.44,109.99,160.85,73.85,27.69,33.19,41.54,21.02,353.22,262.34,225.13,33.73
2024-03-27,29.05,143.73,992.26,103.2,160.42,70.19,27.06,32.52,40.06,20.27,344.02,250.55,217.32,31.68
2024-03-28,30.22,145.71,994.38,105.13,160.21,71.5,27.77,34.55,40.66,20.71,348.94,253.2,213.63,32.08
2024-03-29,29.73,147.37,1052.1,106.44,161.49,71.5,26.87,34.06,41.49,21.18,357.07,247.74,208.18,34.45
2024-04-01,30.9,145.64,1114.05,112.22,163.63,73.59,28.38,34.54,42.67,21.46,367.34,261.61,217.35,34.67
2024-04-02,29.77,142.38,1159.58,109.69,163.85,73.33,27.02,33.64,42.48,21.26,380.39,261.02,217.69,33.59
2024-04-08,28.6,144.6,1147.4,104.92,164.06,70.71,25.49,29.14,47.4,20.87,379.75,264.41,217.34,31.86
2024-04-09,28.0,142.13,1140.52,104.62,163.96,70.45,24.89,28.92,45.61,21.1,374.83,263.08,217.42,33.63
2024-04-10,27.17,144.6,1152.7,102.19,163.74,70.97,23.99,27.38,46.43,20.91,375.47,258.36,217.18,32.3
2024-04-11,27.69,154.27,1200.35,103.2,163.63,71.76,24.78,27.6,46.43,21.06,382.96,271.63,218.35,31.72
2024-04-12,27.47,159.08,1210.41,102.19,160.96,70.97,23.86,26.43,47.53,20.83,382.96,264.7,215.91,31.9
2024-04-15,27.58,163.89,1297.78,100.36,162.99,70.71,22.44,24.3,43.82,20.67,393.44,263.82,219.0,31.4
2024-04-16,26.03,164.32,1276.07,92.05,163.21,68.09,20.2,22.58,39.46,20.24,388.52,243.62,216.96,28.92
2024-04-17,27.54,167.28,1277.13,100.26,162.78,72.28,22.2,24.82,41.87,21.06,395.58,252.61,218.37,32.48
2024-04-18,28.37,167.59,1276.6,101.38,164.6,72.02,22.48,26.0,40.99,20.98,393.44,252.32,218.98,33.37
2024-04-19,28.11,168.02,1286.66,100.16,163.21,71.76,22.48,25.49,40.8,21.06,395.58,251.14,215.42,34.78
2024-04-22,27.05,166.23,1257.01,101.27,161.71,69.93,21.64,25.0,39.4,21.5,388.52,245.98,213.81,34.06
2024-04-24,27.62,166.85,1265.48,103.61,160.1,68.88,22.33,26.69,40.22,21.62,380.6,240.22,212.65,35.6
2024-04-25,27.81,164.07,1236.36,103.81,162.24,68.09,22.11,27.13,40.31,21.66,375.25,236.24,214.2,36.14
2024-05-14,27.92,174.98,1561.99,98.74,156.45,68.09,22.59,27.42,41.46,22.96,377.82,216.48,230.58,37.15
2024-05-15,26.98,174.18,1514.87,97.32,154.95,67.31,22.03,26.91,41.49,22.64,384.67,210.44,224.66,36.68
2024-05-16,26.9,171.59,1442.23,97.12,154.31,66.78,22.14,26.65,41.74,22.56,373.33,209.26,223.81,36.94
2024-05-17,27.05,171.16,1413.17,97.93,155.6,67.05,22.52,27.0,41.9,22.72,367.77,210.14,225.12,38.05
2024-05-20,27.35,169.62,1427.7,98.13,154.53,67.05,22.37,27.97,42.72,23.04,354.71,211.91,228.49,37.8
2024-05-21,27.69,169.87,1445.58,97.52,155.06,66.78,22.09,27.8,41.57,22.76,359.42,214.42,224.29,37.58
2024-05-22,28.22,170.05,1361.76,97.93,154.63,66.52,22.22,29.19,41.71,22.56,353.86,216.33,222.39,37.65
2024-05-23,27.09,167.65,1371.26,95.39,151.95,65.21,21.6,28.29,40.11,22.09,347.44,215.3,220.37,36.71
2024-05-24,26.86,166.42,1372.38,94.28,152.06,64.69,20.97,27.13,39.87,22.09,347.01,212.93,214.57,36.38
2024-05-27,27.09,171.35,1406.47,94.99,154.1,64.43,21.04,27.0,40.31,22.56,354.93,213.99,213.6,37.32
2024-05-28,26.37,167.96,1386.35,94.08,150.99,63.9,20.85,26.52,39.89,22.09,346.59,205.68,212.6,36.42
2024-06-13,24.37,168.45,1369.03,89.41,149.7,62.85,19.6,23.6,38.58,21.38,332.04,201.91,259.36,38.63
2024-06-14,24.68,168.14,1369.03,89.62,153.24,63.12,19.66,23.0,38.6,21.5,341.45,204.47,259.43,37.9
2024-06-17,25.01,168.08,1414.85,88.91,153.45,63.12,19.64,23.0,38.49,21.46,336.74,211.12,263.69,38.59
2024-06-18,25.92,170.48,1447.82,91.85,153.88,63.64,20.39,23.9,38.8,22.21,337.81,215.5,262.08,40.26
2024-06-19,25.96,173.01,1416.52,91.74,151.74,62.59,20.07,23.44,38.8,22.05,332.68,213.08,260.4,39.97
2024-06-20,25.17,171.53,1483.58,90.43,150.24,60.76,19.34,24.28,37.86,20.98,327.54,209.61,257.84,38.45
2024-06-24,24.07,165.43,1460.67,86.68,150.03,58.66,19.9,21.59,36.51,20.67,326.26,202.96,256.24,39.39
2024-06-26,24.49,163.83,1427.14,89.62,149.38,59.71,22.16,22.36,37.59,21.47,344.87,204.93,259.09,40.37
2024-06-27,23.69,155.94,1416.52,87.39,147.77,58.93,21.23,21.44,36.87,20.64,345.52,200.25,255.79,39.14
2024-06-28,24.11,152.49,1441.67,88.7,148.52,58.93,21.56,21.67,37.01,20.31,353.85,202.81,256.56,39.1
2024-07-02,24.22,149.71,1400.88,88.4,147.35,60.24,21.19,20.37,37.67,20.89,320.3,205.83,250.12,41.03
2024-07-03,24.07,147.92,1379.09,87.89,147.56,60.24,20.67,19.9,37.59,20.68,309.84,209.76,249.22,39.43
2024-07-04,23.62,147.31,1372.38,85.46,146.81,59.19,19.58,19.12,36.71,20.48,310.27,205.08,250.79,41.03
2024-07-05,23.96,145.15,1372.38,85.16,145.95,59.71,19.21,19.02,37.04,20.48,307.22,206.74,248.13,42.84
2024-07-08,23.28,142.99,1371.26,82.82,143.38,58.4,18.09,18.03,36.04,19.98,296.11,205.68,251.16,44.29
2024-07-09,24.11,140.04,1419.32,85.56,144.67,59.71,18.41,18.64,36.35,20.93,309.4,209.31,258.96,46.44
2024-07-10,24.79,136.15,1389.7,85.87,148.1,59.97,17.96,19.52,36.27,20.97,307.22,213.84,258.86,44.69
2024-07-11,25.88,138.37,1372.38,88.91,150.24,61.55,19.19,20.18,37.72,21.51,311.15,229.24,259.44,48.47
2024-07-12,25.96,139.54,1324.88,90.33,152.17,62.07,18.87,21.0,37.97,22.01,310.93,228.79,269.24,46.65
2024-07-15,25.66,137.75,1338.85,89.51,152.49,61.55,18.8,20.13,37.61,21.64,319.64,231.66,268.3,45.75
2024-07-16,26.22,135.6,1343.88,90.12,155.6,64.69,18.85,21.15,38.03,21.55,304.39,241.02,265.52,48.29
2024-07-18,26.07,131.16,1296.38,87.18,158.28,64.43,18.05,19.8,38.0,20.93,301.56,238.3,268.02,43.89
2024-07-19,25.28,129.56,1280.74,85.56,159.35,63.38,17.86,20.6,38.06,20.56,302.87,232.41,270.71,43.89
2024-07-22,25.66,128.08,1277.39,85.76,159.78,66.78,17.88,20.34,37.83,19.98,293.93,237.4,272.3,44.37
2024-07-23,26.91,123.76,1222.07,86.37,157.42,66.78,17.9,19.45,37.12,19.73,287.18,228.64,259.61,43.46
2024-07-24,25.01,122.35,1190.77,84.24,155.28,67.31,17.15,18.33,36.46,19.32,283.47,219.73,256.29,41.64
2024-08-08,25.81,113.53,1134.34,87.59,150.88,65.47,18.36,17.74,38.69,19.9,278.68,199.04,235.01,46.73
2024-08-09,25.69,114.11,1139.37,86.88,148.52,65.21,18.03,17.53,38.47,19.81,275.85,198.74,240.38,45.2
2024-08-12,25.16,116.83,1176.8,85.87,147.24,63.9,17.73,17.37,38.06,19.73,275.41,196.32,239.11,44.04
2024-08-13,25.31,114.24,1209.77,86.37,146.27,64.16,17.75,17.7,38.03,19.86,282.17,195.87,237.38,44.69
2024-08-14,25.35,111.47,1170.66,86.17,142.85,63.12,19.09,17.83,37.7,19.61,279.33,198.28,235.17,46.25
2024-08-15,25.77,109.08,1178.48,87.99,144.24,64.43,18.68,17.86,37.56,19.81,283.47,198.89,240.24,46.4
2024-08-16,25.28,110.5,1166.75,88.1,144.08,62.85,19.45,17.7,37.06,19.48,277.81,199.64,244.0,47.56
2024-08-19,25.12,111.4,1166.19,86.98,144.19,62.85,18.92,17.22,37.45,19.36,283.26,196.47,244.32,46.91
2024-08-20,24.56,108.82,1154.45,84.65,141.88,61.55,17.24,16.81,36.57,18.86,281.3,188.01,245.42,46.44
2024-08-21,24.1,110.24,1185.19,84.75,141.44,61.02,16.4,16.92,37.01,18.78,283.91,184.54,250.11,45.96
2024-08-22,23.8,108.43,1190.77,83.03,139.56,60.24,15.95,16.45,36.65,18.74,283.04,179.25,249.61,43.97
2024-08-23,23.8,108.69,1189.66,83.16,143.2,60.76,16.01,16.57,38.0,18.9,290.66,181.07,248.39,42.84
2024-08-26,23.57,97.84,1180.72,84.18,141.88,60.24,16.2,17.1,37.94,19.03,284.56,180.76,248.46,41.68
2024-08-27,22.85,93.96,1191.33,82.65,140.56,59.19,15.58,16.67,36.98,18.53,279.99,176.39,249.9,40.88
2024-08-28,22.43,96.81,1156.13,82.75,138.24,59.45,15.43,16.9,37.37,18.08,279.12,173.97,245.8,40.05
2024-08-29,23.0,97.32,1151.66,83.26,138.24,59.97,15.88,17.42,38.03,18.78,276.5,177.44,243.73,40.77
2024-08-30,23.53,101.07,1191.89,84.9,138.35,60.5,16.25,17.92,38.41,18.53,282.38,182.58,258.85,42.12
2024-09-02,22.28,100.62,1161.72,83.57,134.06,59.97,15.82,16.87,37.83,18.16,276.5,176.69,250.21,40.55
2024-10-15,23.72,123.09,1390.82,97.28,145.4,64.16,20.85,21.09,42.76,20.56,301.56,197.07,309.27,70.8
2024-10-16,24.03,120.12,1394.73,96.25,143.97,64.69,20.27,20.35,42.85,20.44,299.16,195.56,300.75,71.6
2024-10-17,23.68,120.44,1378.53,95.03,141.0,63.64,19.78,20.69,43.04,20.02,295.46,194.36,300.36,73.63
2024-10-18,24.4,122.83,1420.44,96.66,144.41,65.21,20.7,22.39,43.7,20.6,301.54,200.25,311.65,77.33
2024-11-06,26.34,136.59,1331.03,109.35,146.28,72.55,33.66,25.75,50.69,22.96,308.71,217.16,311.72,79.77
2024-12-13,31.15,135.23,1351.9,116.61,206.43,72.02,28.41,33.7,50.25,22.67,300.64,213.99,286.96,107.14
2024-12-16,31.04,130.45,1364.46,115.08,200.81,72.02,28.5,32.81,50.31,22.55,295.04,209.0,285.34,106.45
2024-12-18,30.35,133.36,1417.55,113.44,209.07,71.5,28.0,30.62,49.7,22.17,297.06,211.12,295.41,102.13
2024-12-19,29.33,132.71,1408.42,111.7,201.91,70.19,27.1,29.6,49.21,22.21,296.84,209.31,296.19,99.73
2024-12-20,28.91,134.91,1418.12,110.27,200.37,69.4,27.94,30.99,48.66,21.97,296.84,209.31,290.79,107.4
2025-02-17,29.56,152.86,1500.33,129.7,203.23,63.38,26.9,38.08,45.77,22.42,329.77,204.32,361.68,134.77
2025-02-18,28.72,151.38,1495.76,121.73,193.65,62.07,25.53,36.19,44.44,22.13,326.63,200.09,369.69,129.61
2025-02-19,28.8,150.15,1480.92,125.31,194.53,62.33,26.43,40.21,45.13,22.59,330.66,201.45,372.05,155.54
2025-03-11,27.78,145.89,1479.21,123.57,173.27,62.85,26.37,44.44,44.75,23.79,369.42,196.32,363.63,177.25
2025-03-12,28.12,142.53,1488.34,125.1,172.39,62.85,26.93,43.5,45.16,23.95,366.51,198.58,364.27,173.0
2025-03-13,27.74,145.43,1465.51,122.85,168.75,62.33,26.19,41.01,45.9,23.29,356.87,196.02,367.9,161.09
2025-03-14,28.12,146.6,1456.37,123.87,171.84,63.12,26.17,42.19,46.4,23.95,358.67,198.58,390.15,185.13
2025-03-31,29.22,160.29,1513.46,153.03,173.93,64.16,26.15,36.33,49.68,24.08,367.63,196.77,389.07,218.93
2025-04-01,29.63,165.0,1495.19,157.02,173.16,64.95,26.32,35.24,49.29,23.79,357.55,196.92,379.32,223.21
2025-04-02,29.44,165.33,1542.01,150.78,172.5,66.52,25.7,35.96,50.39,24.28,358.0,195.87,374.13,238.9
2025-04-03,28.5,159.13,1507.18,143.21,170.41,66.52,24.52,34.91,50.42,23.83,350.38,194.51,371.03,226.92
2025-04-22,26.49,157.7,1567.13,138.81,168.31,63.64,22.64,31.75,53.12,24.16,341.19,186.96,368.25,241.26
2025-04-23,27.02,156.28,1591.68,148.01,169.75,66.26,23.42,33.62,49.01,24.65,342.54,187.56,386.05,283.23
2025-04-25,26.83,150.47,1573.41,142.49,173.16,67.83,23.03,34.45,47.14,24.99,340.3,186.5,384.85,285.12
2025-04-28,26.07,148.21,1553.43,134.72,170.63,68.09,22.51,33.37,46.76,24.74,339.4,183.94,373.61,277.75
2025-05-06,26.91,152.28,1525.45,141.16,180.43,70.19,24.06,39.65,47.91,24.74,347.47,187.11,373.57,286.71
2025-05-07,27.28,152.47,1565.99,150.78,181.42,70.19,25.38,40.4,47.72,24.86,335.82,187.41,372.78,282.76
2025-05-08,27.21,153.44,1500.33,146.17,182.19,69.66,25.03,40.81,48.11,25.07,336.04,187.86,372.86,276.44
2025-05-09,26.87,161.71,1511.18,145.15,182.3,69.14,25.61,39.26,47.2,25.36,336.04,186.35,376.95,276.62
2025-05-12,27.02,159.9,1509.47,145.35,181.2,69.93,25.83,40.32,47.31,25.44,342.54,188.16,384.28,282.39
2025-05-13,26.87,160.09,1523.17,144.23,183.18,69.66,25.05,39.39,46.87,25.52,341.87,187.86,380.36,283.37
2025-05-14,26.91,156.48,1515.46,144.74,183.74,69.66,24.9,38.79,47.17,25.36,342.54,188.01,387.21,279.27
2025-05-15,26.3,155.64,1468.01,137.27,184.18,68.62,24.47,37.76,47.5,25.32,334.47,184.99,391.04,279.16
2025-06-24,26.98,149.5,1463.26,130.42,177.13,69.14,28.09,35.78,47.62,24.41,349.48,190.43,356.36,248.82
2025-06-25,27.25,150.02,1487.58,135.43,178.45,71.24,29.55,36.34,47.79,24.82,353.51,193.3,362.47,249.07
2025-06-26,26.94,148.15,1470.38,132.87,176.8,70.45,30.0,35.82,47.38,24.41,349.03,192.54,350.2,242.41
2025-06-27,27.44,149.05,1491.73,133.08,176.69,70.71,30.26,35.68,47.46,25.03,345.0,191.79,346.88,243.73
2025-06-30,27.4,148.66,1474.53,133.9,176.8,70.97,32.09,36.45,47.62,24.98,344.55,192.7,344.46,239.31
2025-07-01,27.32,151.7,1489.95,134.92,175.8,73.07,30.89,35.91,47.62,25.03,345.23,192.39,343.87,239.72
2025-07-09,27.13,152.67,1542.74,134.0,189.79,72.55,30.31,34.16,47.82,24.77,339.62,192.7,338.12,224.16
2025-07-10,27.25,152.73,1532.66,133.8,188.47,73.85,29.64,32.99,47.9,24.82,340.3,192.39,333.37,215.22
2025-07-11,27.32,153.51,1530.29,134.1,187.59,74.12,29.85,33.49,48.18,24.77,343.21,193.0,336.16,220.45
2025-07-14,27.25,154.8,1545.71,135.43,195.52,73.33,29.7,34.29,48.26,24.98,343.66,192.39,330.53,231.74
2025-07-15,27.55,154.54,1554.01,134.51,200.59,73.85,29.16,34.38,47.68,24.9,342.09,192.09,335.26,233.77
2025-07-16,27.47,153.31,1540.37,134.61,197.61,74.64,29.22,36.69,47.9,25.24,345.9,193.3,335.96,236.11
2025-07-17,27.76,152.6,1530.29,136.25,197.39,74.12,30.32,39.02,47.87,25.49,348.14,193.9,340.42,234.84
2025-07-18,27.8,149.76,1525.54,135.43,196.73,73.07,30.3,39.72,48.15,25.2,349.48,194.05,341.55,233.31
2025-07-22,28.37,150.86,1514.27,137.58,193.43,75.69,30.66,40.04,48.12,25.96,365.84,196.47,354.61,238.45
2025-07-23,27.95,152.93,1517.24,134.92,196.07,74.38,29.56,42.22,47.87,25.66,360.68,195.47,350.85,232.91
2025-07-24,28.21,152.86,1500.63,135.64,193.87,74.64,30.77,43.3,48.37,25.92,360.24,198.4,355.68,233.16
2025-07-25,28.14,154.67,1511.9,136.35,192.44,73.59,32.38,44.37,48.12,25.66,357.64,200.1,350.71,229.86
