date,sh600008_daily,sh600167_daily,sh600168_daily,sh600187_daily,sh688021_daily,sh688057_daily,sh688063_daily,sh688069_daily,sh688087_daily,sh688096_daily,sh688101_daily,sh688303_daily,sh688309_daily,sh688466_daily,sh688565_daily,sh688718_daily,sh688737_daily,sz000027_daily,sz000035_daily,sz000068_daily,sz000155_daily,sz000159_daily,sz000407_daily,sz300004_daily,sz300014_daily,sz300021_daily,sz300040_daily,sz300048_daily,sz300055_daily,sz300056_daily,sz300070_daily,sz300072_daily
2023-04-21,26.08,23.29,13.99,13.68,24.5,16.78,249.63,45.58,36.45,13.09,13.74,51.25,23.65,20.13,10.73,16.07,37.01,144.48,21.81,7.55,22.65,23.56,45.31,21.89,1119.16,55.85,35.39,42.0,63.95,39.12,99.72,74.4
2023-04-24,26.08,23.33,13.89,13.74,24.29,16.66,221.29,45.64,36.37,12.98,13.59,50.69,23.23,21.16,10.71,16.28,36.2,145.4,21.62,7.62,23.3,23.66,45.55,21.97,1105.61,56.61,34.78,43.33,63.39,39.12,102.32,74.4
2023-04-25,25.99,23.29,13.89,13.46,23.86,16.15,213.5,44.07,35.0,12.62,13.25,48.85,23.44,21.62,10.59,15.46,34.97,144.94,21.29,7.41,22.11,23.21,44.82,21.77,1076.38,54.31,33.73,42.58,62.18,37.75,101.39,72.15
2023-04-28,26.52,24.07,14.17,14.47,27.0,16.28,243.07,43.11,36.58,13.4,13.87,45.17,24.08,19.05,11.08,16.84,39.13,147.93,21.76,7.59,22.94,24.33,45.8,22.01,1168.54,56.61,35.45,43.75,65.08,39.42,101.76,73.99
2023-05-08,27.85,26.19,14.34,14.52,25.55,16.69,231.78,42.19,34.14,14.3,13.89,42.96,22.55,18.57,11.16,16.82,38.89,155.08,22.28,7.16,22.83,24.94,46.79,22.25,1139.66,58.48,35.82,44.66,66.05,39.24,103.81,75.62
2023-05-09,27.85,26.66,14.34,14.41,25.08,16.63,223.1,40.38,32.96,13.99,13.8,42.19,21.11,18.32,10.92,16.37,37.63,153.92,22.56,7.05,22.62,24.04,46.42,22.01,1117.56,57.93,35.27,44.25,65.73,37.69,117.76,75.83
2023-05-10,27.93,26.62,14.38,14.47,26.65,16.71,227.98,40.34,33.46,13.97,13.85,42.38,21.32,18.59,11.13,16.57,39.91,153.69,22.61,7.05,23.03,23.75,46.42,22.13,1158.02,56.94,36.31,45.83,66.29,37.33,114.6,78.08
2023-05-11,28.38,27.17,14.45,15.93,26.67,16.74,232.86,40.35,33.8,14.06,14.17,42.3,21.04,18.87,11.5,16.97,39.07,158.99,22.66,7.14,23.22,23.37,47.15,22.21,1212.22,56.61,36.44,46.75,66.61,39.48,112.37,78.08
2023-05-12,28.11,27.65,14.45,15.31,25.73,16.7,227.73,39.33,32.51,14.06,14.03,42.55,20.73,18.67,11.28,16.63,38.35,158.76,22.52,7.02,22.83,23.46,46.91,21.97,1192.79,55.63,36.44,47.33,66.7,42.88,108.46,77.05
2023-05-15,28.29,27.72,14.48,15.31,26.42,16.81,236.63,40.7,32.86,14.15,14.12,43.54,21.2,18.68,11.36,17.06,40.12,157.84,22.56,7.05,24.49,23.53,47.03,22.17,1254.29,56.07,37.3,46.66,67.26,43.84,108.09,77.67
2023-05-17,27.93,27.72,14.48,16.04,26.44,17.07,228.55,40.28,32.94,14.62,14.28,43.39,21.1,19.66,11.69,17.2,40.74,157.38,22.94,7.18,24.11,23.5,47.4,22.58,1231.11,55.63,39.88,48.08,66.86,42.46,108.46,76.24
2023-05-18,27.67,28.19,14.41,15.59,26.42,17.17,223.63,41.24,32.71,14.6,14.36,42.97,21.2,20.1,11.72,17.18,40.7,156.92,22.85,7.18,23.7,23.24,47.4,22.87,1214.53,57.31,38.96,49.25,66.05,42.34,107.16,76.24
2023-05-19,27.31,28.04,14.31,15.7,25.93,17.18,222.29,41.2,32.89,14.54,14.25,43.16,21.33,19.98,11.63,17.3,40.01,154.85,22.52,7.02,23.41,23.3,46.91,22.87,1212.04,55.63,38.34,49.33,65.73,42.7,104.55,76.44
2023-05-23,26.7,27.96,14.15,15.25,26.73,17.0,217.09,41.31,33.77,14.58,14.14,43.69,20.5,20.41,11.76,17.16,39.19,154.61,22.47,7.8,23.44,24.49,46.42,22.62,1194.75,55.29,38.59,47.33,64.52,42.52,102.51,77.87
2023-05-24,26.43,27.84,14.08,15.36,26.95,17.03,221.45,41.3,33.54,14.53,14.1,44.2,20.64,20.5,11.79,17.25,38.57,152.54,22.99,7.73,23.03,23.66,46.29,22.66,1200.99,57.98,38.96,47.58,64.11,42.94,100.83,76.65
2023-05-25,26.25,28.04,14.08,15.53,26.64,17.13,227.65,41.39,33.17,14.64,14.17,43.86,21.38,20.38,11.8,17.23,38.39,154.15,22.8,7.69,23.01,23.85,47.15,22.87,1208.65,57.42,40.18,47.58,64.44,43.6,101.77,75.83
2023-05-26,26.7,28.08,14.22,15.81,26.2,17.15,218.31,41.79,33.22,14.59,14.29,42.61,22.03,20.83,11.79,17.15,38.32,155.31,22.99,7.69,22.39,23.69,46.91,22.99,1177.1,58.98,39.39,48.66,63.95,42.76,104.39,75.42
2023-06-28,26.53,27.76,13.85,15.76,24.78,16.2,197.78,42.03,32.1,14.2,13.46,44.09,20.15,18.99,11.45,16.38,38.01,159.7,21.39,6.61,22.39,23.17,44.82,21.81,1039.35,54.73,38.71,49.75,56.78,41.15,99.71,68.67
2023-06-29,26.35,27.1,13.89,15.87,25.8,16.51,190.47,42.47,32.6,14.47,13.61,43.97,20.6,19.67,11.69,16.75,38.24,157.58,21.15,6.64,22.09,22.98,44.69,22.05,1023.08,55.51,38.77,49.83,56.53,41.63,99.34,68.47
2023-06-30,26.62,27.37,14.03,16.32,26.46,16.68,198.99,42.8,33.66,14.58,13.88,44.13,20.9,20.14,12.04,17.31,39.31,155.23,21.53,6.82,22.56,22.85,44.94,22.01,1081.35,55.63,38.9,49.83,58.07,42.7,100.27,69.9
2023-07-03,26.72,27.06,14.15,16.15,26.91,16.8,210.28,41.73,33.53,14.57,13.91,44.62,21.3,20.32,11.94,17.79,40.18,156.64,21.76,6.91,22.7,22.69,45.06,22.13,1080.46,56.19,39.08,49.25,58.87,43.78,100.64,71.54
2023-07-04,26.53,26.66,14.2,16.09,28.1,16.86,204.13,41.41,33.83,14.63,13.94,43.81,21.74,20.44,12.03,18.08,41.54,153.82,21.25,6.96,22.73,23.08,45.18,22.3,1072.95,56.07,39.33,48.41,58.55,43.3,99.52,71.54
2023-07-05,26.53,26.43,14.17,15.2,27.66,18.05,201.25,41.59,33.4,14.52,14.01,43.17,21.37,20.57,12.07,18.15,42.46,151.93,21.39,7.02,23.64,22.47,45.18,22.21,1067.77,56.41,39.08,48.33,58.55,43.36,99.71,71.33
2023-07-06,26.25,26.18,14.1,15.03,27.43,18.97,199.75,41.59,33.5,14.49,13.93,42.95,21.08,20.34,12.07,18.37,43.84,152.87,21.29,6.96,23.34,22.14,44.94,22.25,1040.06,55.85,38.9,48.16,58.47,43.24,99.9,71.33
2023-07-07,26.53,26.26,14.17,15.08,26.92,18.55,193.82,41.89,33.77,14.44,13.92,43.15,20.97,20.68,11.89,18.05,43.15,154.29,21.39,6.98,23.17,22.18,45.18,22.13,1016.83,56.3,38.71,48.0,59.36,43.84,99.52,71.54
2023-07-10,26.53,26.86,14.27,15.31,26.83,18.57,202.13,41.59,34.0,14.3,13.87,44.07,20.87,21.08,11.83,18.32,43.27,156.17,21.39,7.07,23.74,22.11,45.55,22.01,1060.62,57.08,39.39,48.58,59.28,44.14,100.08,71.54
2023-07-11,26.62,27.07,14.27,15.31,27.16,18.48,199.24,41.41,34.04,14.47,13.99,43.97,21.05,21.34,12.11,18.62,43.52,155.7,21.53,7.12,23.5,21.82,45.68,22.3,1065.8,57.19,39.14,48.33,61.05,43.48,99.9,71.54
2023-07-12,26.35,26.62,14.17,15.14,27.11,18.39,199.92,41.29,33.53,14.24,14.12,43.97,20.8,20.88,11.92,18.28,43.1,154.29,21.39,7.02,23.2,21.11,45.31,22.01,1049.71,56.52,39.52,48.25,59.2,43.72,96.9,70.72
2023-07-13,26.62,26.95,14.2,15.2,27.1,18.35,203.33,41.83,33.64,14.26,14.18,44.38,20.91,20.92,11.94,18.49,43.37,163.71,21.53,7.23,23.28,21.56,45.55,22.09,1043.64,56.75,39.83,48.5,60.08,42.76,98.4,71.33
2023-07-14,26.44,26.74,14.24,16.15,27.06,18.3,200.94,41.85,33.15,14.35,14.09,43.88,20.72,20.79,12.01,18.57,43.01,161.59,21.29,7.43,22.89,22.08,45.93,22.13,1029.16,56.86,38.96,47.5,59.92,42.11,99.52,71.13
2023-07-17,26.53,27.19,14.69,16.21,26.92,18.27,195.38,41.71,32.94,14.55,14.36,43.93,21.19,21.61,11.92,18.34,43.2,161.12,21.62,7.91,23.01,21.73,45.93,25.19,1015.4,56.97,39.45,48.0,60.49,45.93,100.27,71.94
2023-07-18,26.53,27.51,14.85,15.98,27.01,18.35,194.5,41.85,32.88,14.6,14.28,44.4,21.54,21.25,11.97,18.72,43.74,160.41,22.19,8.01,22.97,21.79,45.93,24.01,1013.43,56.97,39.21,48.0,59.6,44.97,99.9,72.15
2023-07-19,26.9,27.23,14.83,15.98,26.99,18.42,191.12,41.49,32.67,14.64,14.24,44.21,22.14,21.82,12.06,18.72,43.83,160.41,22.09,8.03,22.92,22.11,46.17,23.36,1001.81,57.64,38.65,47.25,59.92,44.67,99.71,71.54
2023-07-20,26.62,26.82,14.62,15.65,26.74,17.86,189.68,40.5,32.05,14.44,14.06,44.29,21.23,21.02,11.86,18.45,42.47,158.06,22.0,7.91,23.28,21.69,45.8,22.74,994.84,56.63,38.15,46.5,59.2,43.48,99.15,70.92
2023-07-21,26.81,27.11,14.64,16.04,26.62,17.46,187.15,40.7,31.47,14.44,14.05,44.19,21.34,20.7,11.79,18.15,42.23,158.76,22.05,7.96,23.0,21.73,46.05,22.83,999.49,57.42,37.72,46.25,59.03,42.7,99.34,70.92
2023-07-24,26.9,27.35,14.76,15.7,26.68,17.67,176.24,40.44,30.82,14.58,14.1,43.97,21.33,20.39,11.83,18.23,42.21,158.76,21.95,8.07,22.09,21.92,45.8,23.03,976.61,56.75,37.72,45.83,58.95,41.63,100.27,71.13
2023-07-25,27.09,27.31,14.8,15.98,27.12,18.44,176.79,41.47,31.38,14.69,14.32,44.31,21.46,20.47,11.97,18.35,43.09,159.0,22.42,8.14,22.56,22.14,46.17,23.4,1016.47,57.19,38.21,46.91,60.57,42.11,101.21,72.15
2023-08-10,27.64,27.11,15.01,15.93,24.66,17.66,167.43,42.78,33.29,14.02,14.07,43.97,23.13,20.08,11.94,16.33,40.26,159.7,25.1,8.23,22.53,21.66,47.41,22.83,1058.83,58.09,36.91,46.16,60.89,40.73,103.64,73.17
2023-08-11,27.09,26.42,14.76,15.48,24.42,17.33,160.37,41.65,32.44,13.87,13.83,43.52,22.03,19.85,11.66,16.17,39.57,156.17,24.54,8.32,22.04,21.5,45.55,22.54,1027.73,56.41,36.17,45.16,59.6,40.37,101.39,71.33
2023-08-14,26.99,26.54,14.85,15.59,24.3,17.29,159.28,41.61,32.63,13.93,13.81,43.37,22.32,19.86,11.7,15.9,39.59,156.41,24.91,8.3,21.9,21.44,45.8,22.91,1011.64,56.3,36.35,45.41,59.2,40.31,101.02,71.74
2023-08-15,27.18,26.86,14.85,15.65,24.16,17.14,155.68,40.82,32.23,13.93,13.71,42.86,22.5,19.71,11.67,15.79,38.78,157.11,25.43,8.23,21.6,21.34,45.43,22.74,1001.45,55.85,36.04,44.66,58.79,39.84,100.83,71.13
2023-08-16,27.09,26.74,14.85,15.53,24.03,16.93,154.17,40.4,31.76,13.74,13.64,42.5,22.68,19.58,11.56,15.7,39.05,156.64,25.48,8.3,21.6,20.95,45.18,22.42,990.37,55.29,35.55,44.16,58.63,39.6,100.83,69.9
2023-08-17,27.18,26.78,14.99,15.87,24.33,17.33,154.1,40.72,32.05,14.05,13.8,42.78,23.31,20.33,11.82,16.03,39.4,153.58,26.09,8.35,21.71,20.92,45.55,22.7,983.94,56.3,36.1,45.33,58.79,39.96,101.58,70.31
2023-08-18,27.36,26.78,14.99,15.7,24.24,17.63,154.46,41.35,33.05,14.36,13.9,43.51,22.9,20.9,12.13,16.21,39.78,154.05,25.67,8.58,21.26,20.92,45.68,22.7,970.53,56.41,35.73,44.5,59.84,40.13,103.45,70.92
2023-08-21,27.64,26.9,15.22,15.87,24.5,17.84,149.43,41.83,33.22,14.58,14.09,43.31,22.87,21.78,12.28,16.08,39.94,153.11,25.29,8.64,20.76,20.79,46.3,22.7,941.76,56.3,35.36,43.16,60.0,41.09,104.76,70.11
2023-08-22,27.46,26.82,15.04,15.7,24.65,17.55,148.63,41.89,33.2,14.45,14.04,43.99,22.58,21.99,11.92,15.75,39.29,152.64,25.38,8.62,20.27,20.44,45.43,22.46,926.92,56.07,35.3,43.0,59.44,39.48,100.83,69.08
2023-08-23,27.73,26.5,15.01,15.87,24.56,17.8,143.35,41.87,32.12,14.51,15.68,43.77,22.24,22.57,12.44,15.8,38.74,152.17,25.1,8.51,19.55,19.86,44.94,22.05,889.57,56.41,34.74,42.25,60.4,39.36,105.88,68.67
2023-08-24,27.27,26.46,15.01,16.09,24.47,17.42,146.91,40.5,33.43,14.02,15.75,43.75,22.43,22.28,12.43,15.55,38.91,151.7,24.91,8.37,19.52,19.86,44.44,21.89,893.14,55.4,34.55,42.75,58.15,39.06,109.25,68.27
2023-08-25,27.83,26.7,15.25,17.72,23.37,17.59,147.88,41.99,34.46,14.12,16.55,43.89,22.05,25.38,12.23,17.15,37.01,152.87,24.87,8.28,19.3,19.73,44.94,21.72,868.65,55.85,34.0,42.08,61.94,38.94,108.31,68.88
2023-08-28,28.01,27.19,15.43,18.17,23.3,17.64,137.24,41.99,33.78,14.39,17.38,44.62,21.71,24.86,12.47,16.65,37.5,159.23,25.2,8.42,19.82,19.86,45.93,21.97,874.02,57.75,34.24,42.0,61.61,38.64,106.07,70.51
2023-08-29,27.64,27.39,15.55,17.72,25.08,18.03,142.49,42.88,35.4,14.78,16.77,45.45,22.68,24.79,12.84,17.14,39.88,156.88,25.38,8.62,20.07,20.21,46.42,22.66,907.26,58.09,35.11,43.5,61.29,39.18,105.32,71.54
2023-08-30,26.9,27.23,15.13,16.82,25.49,17.83,142.86,42.25,35.37,14.72,15.95,45.75,23.55,24.52,13.46,17.4,40.09,153.82,24.68,8.44,20.01,19.96,45.8,22.83,900.83,57.42,35.24,44.08,58.87,38.16,102.14,70.72
2023-08-31,26.53,26.54,14.85,16.99,25.92,17.29,140.46,41.63,35.69,14.54,15.73,45.35,23.62,24.54,12.75,16.95,39.63,152.64,24.26,8.32,19.79,21.18,45.8,23.07,882.95,56.41,35.05,43.83,56.61,37.45,99.52,68.88
2023-09-01,26.44,24.92,14.66,16.37,26.04,16.74,138.64,41.14,34.77,14.44,15.14,44.96,23.14,23.29,12.31,16.44,39.32,152.17,24.58,8.14,19.94,21.66,46.05,22.91,875.27,55.85,34.99,43.91,56.21,36.85,100.08,67.45
2023-09-04,26.72,24.51,14.97,16.54,25.94,17.0,143.18,42.39,35.14,14.61,15.33,45.41,23.54,23.64,12.4,16.23,39.66,153.82,24.44,8.26,20.3,21.63,46.79,23.23,895.29,56.19,35.61,44.41,57.66,37.09,101.02,69.7
2023-09-05,26.72,24.43,15.06,16.26,25.78,16.76,141.78,42.29,34.79,14.61,15.29,45.69,23.24,23.07,12.46,16.4,38.77,154.29,24.44,8.16,20.29,21.63,46.42,23.36,886.88,55.51,35.73,44.25,56.7,36.85,99.52,68.88
2023-09-06,26.44,24.31,15.04,16.09,26.03,16.8,140.11,42.21,34.75,14.6,14.84,45.0,23.62,22.73,12.43,16.64,38.98,152.87,24.68,8.32,20.35,21.53,46.3,23.52,876.52,55.74,35.92,44.5,57.42,37.39,98.96,70.11
2023-09-07,26.07,23.95,14.87,15.81,26.03,16.38,135.69,40.98,34.38,14.38,14.64,43.96,23.66,22.11,12.1,16.13,37.94,149.34,23.93,8.05,19.65,21.15,45.68,24.25,852.75,54.62,35.48,43.58,56.13,36.49,97.84,68.67
2023-09-08,26.07,24.23,14.97,15.87,25.49,16.46,133.31,40.86,34.05,14.45,14.69,43.51,23.05,22.05,12.1,16.35,37.54,150.75,23.97,8.12,19.66,20.18,45.55,23.97,849.89,54.96,35.61,44.0,56.05,36.55,97.28,69.49
2023-09-18,26.44,25.36,15.34,16.6,25.32,16.64,131.1,40.66,35.06,14.36,14.68,43.86,23.58,22.55,12.0,15.95,37.57,151.7,24.68,8.26,19.74,20.57,46.42,23.44,843.81,55.18,35.73,43.75,55.97,36.49,97.84,70.92
2023-09-19,26.53,25.24,15.34,16.37,25.13,16.5,127.93,40.64,35.06,14.17,14.52,43.69,22.98,21.94,11.8,15.64,36.98,152.17,24.73,8.19,19.49,20.76,46.42,23.15,822.0,55.29,35.11,43.0,55.73,36.13,97.65,69.9
2023-09-20,26.44,25.32,15.39,15.93,24.57,16.39,127.32,40.5,34.43,14.04,14.52,43.75,22.78,21.6,11.73,15.55,36.67,152.4,24.73,8.23,19.15,20.73,46.42,22.83,804.67,54.84,34.74,42.5,55.24,36.01,95.97,69.29
2023-09-21,26.35,24.92,15.22,15.87,24.34,16.31,126.86,40.5,34.27,13.9,14.49,43.5,22.31,21.77,11.59,15.3,36.65,150.99,24.4,8.21,18.85,20.54,45.68,22.95,797.34,54.4,34.49,42.08,54.52,36.07,95.03,68.88
2023-09-22,26.35,24.84,15.27,15.98,25.02,16.48,131.27,40.3,34.77,14.17,14.61,43.73,23.35,22.13,11.8,15.94,38.33,150.75,24.91,8.23,19.07,20.7,46.05,23.27,815.93,54.84,35.05,43.41,55.32,36.67,96.16,69.7
2023-09-25,26.25,24.8,15.15,15.81,24.99,16.39,130.82,39.9,35.14,13.95,14.61,43.45,23.8,22.25,11.87,15.69,40.52,150.52,25.05,8.3,18.69,20.5,45.8,23.72,805.38,55.07,34.74,43.0,55.24,38.94,94.85,68.27
2023-09-26,26.16,24.72,15.32,15.65,25.71,16.35,132.19,39.51,34.59,13.9,14.5,43.01,23.95,21.96,11.92,15.53,41.94,150.28,25.57,8.14,18.22,20.7,45.8,23.84,793.59,54.73,34.55,42.33,55.16,39.54,94.66,67.65
2023-09-27,26.16,24.64,15.04,15.65,25.01,16.4,133.87,39.96,35.37,14.14,14.53,43.9,23.53,22.29,12.06,15.68,42.84,150.28,26.18,8.12,18.35,21.24,45.8,23.84,811.46,54.96,34.93,42.66,55.32,39.6,94.85,67.45
2023-10-20,24.96,23.18,14.38,14.47,23.65,15.21,125.65,36.93,30.8,13.15,13.45,38.46,22.19,20.69,11.37,14.82,47.11,143.45,27.22,8.12,18.17,20.44,43.7,23.19,783.04,52.27,33.44,42.0,52.42,41.03,90.73,69.29
2023-10-23,24.41,22.45,14.01,14.19,21.02,14.94,119.75,36.45,30.36,12.85,13.08,38.29,21.48,20.43,11.1,14.26,46.42,140.39,26.84,7.89,17.52,19.79,42.21,22.5,765.34,51.04,32.51,40.16,50.65,39.96,88.86,68.06
2023-10-24,24.77,23.01,14.43,14.58,21.44,15.38,120.03,37.96,31.23,13.38,13.46,39.24,22.82,21.51,11.56,15.0,47.89,140.86,26.94,8.21,17.97,20.47,43.82,23.19,758.02,52.94,33.37,40.0,52.74,40.85,91.85,71.94
2023-10-25,25.51,23.34,14.94,15.31,21.96,15.65,116.51,39.17,31.64,13.71,13.76,39.29,23.19,22.37,11.9,15.37,51.16,142.51,27.17,8.44,18.08,20.7,44.94,23.44,757.84,57.64,33.56,40.91,53.55,39.9,96.16,70.51
2023-10-26,25.61,23.7,15.06,15.42,21.68,15.64,115.65,39.55,32.16,13.8,13.72,39.06,22.83,22.48,11.92,15.11,49.44,144.16,27.36,8.32,17.86,20.54,45.06,23.4,799.84,56.52,33.81,41.16,53.95,40.85,95.22,70.51
2023-10-27,25.79,23.91,14.36,15.48,21.53,15.82,122.14,40.04,32.61,13.89,13.87,39.31,23.19,22.78,12.01,15.5,50.1,147.22,27.97,8.03,18.5,21.76,45.43,24.05,832.01,54.62,34.43,41.58,54.6,41.21,95.59,71.13
2023-10-30,25.61,23.78,14.13,15.36,21.59,16.06,117.81,39.69,32.98,13.98,13.97,39.25,20.79,22.78,12.0,15.37,52.51,147.93,28.16,7.98,18.58,22.59,45.18,23.97,837.38,54.62,34.55,42.33,55.4,41.93,95.59,71.54
2023-10-31,25.51,23.83,14.17,15.2,21.53,16.11,115.57,39.9,32.68,14.04,13.94,38.95,21.12,23.18,12.0,14.98,50.94,145.57,27.78,7.91,18.36,22.08,44.81,24.17,829.69,54.4,34.37,42.08,55.73,41.45,94.66,71.54
2023-11-01,25.51,23.99,14.15,15.14,21.89,16.39,112.92,40.24,32.24,14.21,13.96,38.52,21.2,23.18,12.2,14.73,51.01,144.63,27.73,8.07,18.24,22.24,44.94,24.78,814.68,54.17,34.68,42.33,55.65,42.17,94.85,73.99
2023-11-02,25.42,24.19,13.94,15.03,21.69,16.2,108.5,40.26,31.92,14.2,13.84,38.35,21.09,22.71,12.0,14.46,49.84,144.16,27.64,7.91,18.0,21.69,44.94,24.41,798.59,53.5,34.49,41.91,55.32,42.28,94.66,73.17
2023-11-03,25.42,23.91,13.94,15.14,22.12,16.2,110.23,40.44,31.95,14.23,13.9,38.22,21.11,22.89,12.19,14.78,49.1,145.57,27.59,7.94,18.17,21.63,44.94,24.46,810.56,54.17,34.8,42.41,55.49,43.3,95.03,72.56
2023-11-06,25.61,23.87,14.1,15.36,22.98,16.5,115.84,41.25,32.7,14.33,14.12,38.73,21.7,23.1,12.27,15.4,51.2,146.75,27.26,8.1,18.61,22.14,45.31,24.86,858.29,54.51,35.24,43.16,56.29,43.3,95.78,73.38
2023-11-07,25.42,23.74,14.13,15.25,23.25,16.5,116.51,41.41,32.43,14.35,14.17,38.32,21.93,23.27,12.34,15.4,52.72,145.57,27.45,8.48,18.31,22.05,45.93,25.19,843.63,54.4,35.42,43.0,56.05,43.18,96.53,73.99
2023-11-08,25.24,23.54,14.13,15.08,23.24,16.33,116.49,41.83,32.34,14.32,14.13,37.97,22.21,23.24,12.3,15.44,51.44,144.87,26.98,8.37,18.25,21.89,45.55,25.07,845.24,54.4,35.24,42.83,55.65,43.72,95.41,73.38
2023-11-09,25.24,23.66,14.13,15.03,22.65,16.3,116.9,41.35,32.0,14.3,13.96,38.62,21.95,22.66,12.26,15.27,50.87,145.34,26.75,8.3,18.28,21.89,45.31,24.74,857.75,54.17,35.11,43.08,55.16,43.48,95.03,72.76
2023-11-10,25.24,23.83,14.31,15.14,22.77,16.27,115.69,41.35,32.03,14.39,13.96,38.35,22.06,22.77,12.27,15.28,50.07,145.1,26.75,8.42,18.1,22.08,46.05,24.86,845.42,54.17,35.24,42.83,55.08,43.12,94.47,72.35
2023-11-13,25.33,23.95,14.52,15.2,23.04,16.5,116.51,41.71,32.57,14.6,14.06,38.04,22.35,23.4,12.51,15.39,51.18,145.1,26.94,8.53,18.11,22.24,46.67,25.31,848.1,54.62,35.55,43.58,55.65,43.6,95.78,73.38
2023-11-14,25.33,24.07,14.38,15.14,23.11,16.52,116.28,41.31,32.67,14.49,14.05,37.92,22.23,22.89,12.47,15.46,51.89,145.81,27.12,8.42,17.92,22.27,46.42,25.15,838.27,54.73,35.36,43.58,55.73,43.48,95.03,72.76
2023-11-15,25.51,23.99,14.36,15.36,23.51,16.62,118.87,41.75,36.51,14.55,14.17,38.16,22.31,22.95,12.54,15.7,53.14,146.28,27.03,8.53,19.71,22.24,46.42,25.23,839.7,55.4,35.48,43.75,56.53,43.54,95.59,73.78
2023-11-16,25.24,23.87,14.34,15.14,23.27,16.52,114.75,41.27,35.13,14.48,14.04,37.28,22.18,22.87,12.41,15.43,53.78,145.1,26.42,8.46,19.41,22.08,46.3,25.15,813.25,55.07,35.17,43.08,55.89,45.99,95.78,72.97
2023-11-17,25.24,24.07,14.38,15.14,23.63,16.62,116.41,41.41,35.34,14.52,14.1,36.76,22.44,22.83,12.57,15.58,54.1,144.63,26.09,8.46,20.23,21.82,46.3,25.31,813.42,55.07,35.55,43.75,55.97,44.67,95.41,73.99
2023-11-20,25.33,23.95,14.45,15.31,23.84,16.67,117.34,42.33,35.11,14.69,14.24,36.31,22.82,23.45,12.68,15.91,51.3,144.87,26.14,8.48,20.13,21.89,46.54,25.88,811.99,55.85,35.55,44.0,56.45,46.35,96.34,74.19
2023-11-21,25.33,23.99,14.41,15.25,23.52,16.59,115.49,42.88,34.34,14.58,14.39,36.76,22.34,23.41,12.58,15.64,50.8,145.34,25.85,8.73,19.82,21.66,46.42,25.43,801.27,55.4,35.55,43.66,56.05,50.71,96.72,73.58
2023-11-22,25.14,23.91,14.45,15.31,23.41,16.48,111.43,42.43,34.24,14.42,14.99,36.19,21.97,23.12,12.55,15.49,50.11,145.1,25.71,8.78,19.57,21.4,46.05,25.19,781.07,55.07,35.3,43.16,55.73,49.63,96.72,72.56
2023-11-23,25.33,24.11,14.5,15.36,23.48,16.82,111.77,42.66,34.58,14.57,14.96,36.23,22.56,23.48,12.63,15.77,51.39,146.51,26.0,8.73,19.8,21.56,46.42,25.52,797.16,55.4,35.67,43.91,56.29,49.93,96.9,73.38
2023-11-24,25.33,23.99,14.45,15.2,23.23,16.67,108.89,42.03,34.17,14.45,14.66,35.17,22.32,23.0,12.4,15.42,49.94,144.16,25.52,8.78,19.33,21.34,46.42,25.11,777.5,55.4,35.17,43.5,55.65,47.48,95.41,72.15
2023-11-27,25.24,23.95,14.36,15.03,23.2,16.68,104.65,41.75,34.48,14.49,14.51,34.57,22.08,23.02,12.5,15.41,50.24,143.92,25.71,8.58,19.0,21.18,46.42,25.07,758.02,55.51,35.42,44.41,55.08,50.83,95.97,72.15
2023-11-28,25.14,24.15,14.43,15.2,23.59,17.05,105.31,42.31,34.9,14.63,14.66,34.54,22.55,23.36,12.98,15.7,50.38,144.63,25.71,8.51,19.07,21.44,46.67,25.39,764.09,55.96,35.79,44.58,55.89,51.6,96.53,77.87
2023-11-29,24.87,23.99,14.34,15.03,23.35,16.84,104.19,42.27,34.35,14.57,14.51,33.81,22.42,23.3,12.9,15.57,50.17,142.98,25.57,8.44,18.72,21.31,46.17,25.39,743.72,55.63,35.48,44.08,55.97,53.27,95.22,76.03
2023-12-08,24.87,23.7,14.08,14.97,21.84,16.24,102.0,39.94,32.82,13.9,13.96,32.62,20.87,21.76,12.07,14.59,46.58,144.63,23.74,8.21,20.01,20.7,45.8,24.46,743.36,53.5,34.0,42.25,53.15,47.0,93.72,73.17
2023-12-11,24.96,23.91,14.2,15.53,21.57,16.19,100.68,39.61,32.74,13.74,14.05,32.28,20.27,21.68,12.09,14.62,46.01,146.51,23.93,8.32,19.94,20.73,46.17,24.58,742.65,54.06,34.06,42.25,53.47,46.76,94.47,75.21
2023-12-12,25.14,23.91,14.31,15.59,21.46,16.25,98.67,39.13,32.75,13.69,14.09,31.8,20.24,21.83,12.0,14.59,45.45,146.51,23.83,8.32,19.88,20.99,46.79,24.82,736.03,54.17,34.31,42.0,52.74,48.85,95.22,74.19
2023-12-13,25.05,23.95,14.99,15.42,21.4,16.21,95.42,38.89,32.81,13.78,14.06,30.9,20.09,21.94,12.1,14.42,45.01,146.51,23.46,8.26,19.36,20.82,46.79,25.03,713.69,54.17,34.31,42.16,52.5,48.5,94.85,73.17
2023-12-14,25.14,24.35,15.71,15.48,21.28,16.26,95.3,38.63,33.18,13.9,14.09,31.08,20.15,21.86,12.28,14.38,44.64,147.46,23.08,8.35,19.38,20.89,47.16,24.86,703.32,54.51,34.31,41.91,52.66,48.73,94.85,72.76
2023-12-15,24.87,23.78,15.39,15.36,21.27,16.21,96.04,38.59,33.01,13.98,14.1,31.1,20.05,21.88,12.24,14.38,44.48,145.81,22.94,8.28,20.02,20.99,47.41,25.07,702.79,54.4,34.37,41.75,52.34,48.85,94.66,72.97
2023-12-18,24.77,23.42,14.97,15.03,20.96,16.1,93.56,38.16,32.51,13.83,13.88,30.23,19.78,21.56,12.06,14.13,43.78,144.39,22.42,8.07,19.83,20.73,46.54,24.62,685.27,53.28,33.44,41.08,51.29,50.11,93.16,71.74
2023-12-19,24.59,23.14,14.71,14.97,21.06,16.01,95.34,38.34,32.23,13.83,13.9,30.36,19.9,21.66,12.04,14.27,44.14,143.22,22.0,8.05,20.24,20.57,46.3,24.78,690.28,53.5,33.68,41.16,51.13,51.0,92.79,71.74
2023-12-20,24.41,23.01,15.6,14.86,20.99,16.0,93.69,38.67,32.19,13.84,13.76,30.01,20.09,21.78,12.03,14.32,43.36,143.22,22.05,8.01,20.13,20.54,45.93,24.78,677.23,53.28,33.5,41.0,50.73,53.21,92.04,70.51
2023-12-21,24.41,23.54,15.34,14.86,21.29,16.21,99.49,38.69,33.02,13.86,13.97,30.66,19.94,21.88,12.07,14.5,43.53,142.98,22.33,8.05,20.45,20.73,45.93,24.94,692.24,53.39,33.93,41.91,50.81,52.86,92.6,70.72
2023-12-22,24.22,23.06,15.04,14.75,20.73,15.97,104.11,38.1,32.87,13.55,13.74,30.8,19.61,21.43,11.72,14.47,43.33,142.27,21.95,7.89,20.96,20.47,45.31,24.37,705.83,52.6,33.37,41.75,49.6,50.83,91.67,70.51
2023-12-25,24.22,22.93,15.01,14.64,20.42,15.89,105.11,37.92,32.78,13.38,13.59,31.06,19.24,21.25,11.62,13.82,44.05,143.45,21.62,7.96,20.7,20.15,44.32,24.21,712.26,52.27,33.31,41.41,48.87,51.6,91.29,69.29
2023-12-27,24.59,22.77,15.64,14.75,20.11,15.73,100.47,38.22,31.71,13.32,13.57,30.44,19.11,21.05,11.55,13.85,44.25,144.39,21.91,7.94,19.55,20.21,44.32,24.21,697.6,52.27,32.94,40.41,48.47,50.53,91.48,69.08
2023-12-28,24.77,22.97,15.43,14.75,20.81,16.11,110.34,39.01,32.89,13.61,13.9,32.36,19.63,21.22,11.84,14.69,46.91,149.34,22.56,8.03,20.85,21.02,44.69,24.74,753.73,52.83,34.31,41.66,49.68,50.47,92.97,70.11
2024-01-02,25.14,23.5,15.74,14.92,21.3,16.72,105.03,40.68,33.95,14.29,14.39,31.81,20.5,22.47,12.54,14.85,45.94,148.63,23.27,8.19,20.88,21.08,46.42,26.09,730.13,53.84,35.11,42.5,50.16,51.3,93.91,71.94
2024-01-03,25.24,23.91,15.9,14.97,21.01,16.58,106.34,40.04,33.63,14.38,14.17,32.21,20.48,21.95,12.51,14.72,45.36,149.58,23.5,8.16,21.73,21.05,46.54,26.0,731.39,53.95,35.05,42.0,50.24,50.17,93.72,72.15
2024-01-04,25.42,24.07,15.55,14.92,20.87,16.66,102.61,40.66,34.01,14.39,14.16,31.64,20.58,22.03,12.47,14.67,46.34,148.16,23.46,8.28,21.34,21.11,47.04,25.8,707.79,54.06,34.99,41.66,49.92,50.23,94.28,71.54
2024-01-05,25.42,24.03,15.41,14.64,20.67,16.4,100.9,40.16,33.4,14.3,14.02,31.48,20.16,21.97,12.2,14.19,46.39,148.63,23.03,8.1,20.84,20.86,46.17,25.39,705.83,53.5,34.62,40.91,49.28,51.48,93.35,70.11
2024-01-08,24.87,23.5,15.01,14.47,20.31,16.21,98.65,39.01,32.89,14.02,13.85,30.96,19.82,21.34,11.97,13.93,45.5,146.04,22.61,7.98,20.84,20.63,45.68,25.07,699.75,52.6,34.18,40.41,48.07,50.65,91.67,67.86
2024-01-09,25.05,23.62,15.08,14.58,20.57,16.39,100.91,39.67,33.67,14.09,13.76,31.72,20.14,21.41,12.17,14.07,45.17,146.04,22.05,8.14,21.46,20.47,46.17,25.52,699.75,52.94,34.24,39.91,47.82,52.26,92.23,68.47
2024-01-10,25.05,23.5,14.69,14.52,20.47,16.35,104.53,39.82,33.37,13.98,13.61,31.72,20.09,21.24,12.09,14.02,45.29,144.63,21.91,8.05,20.9,20.31,45.8,25.35,701.18,52.6,34.31,39.75,47.42,48.44,91.48,68.47
2024-01-11,24.96,23.66,14.9,14.69,20.77,16.39,116.4,39.96,33.81,14.04,13.9,32.06,20.02,21.59,12.16,14.29,46.49,145.1,21.95,8.28,21.53,20.37,45.93,25.6,738.71,53.16,34.8,40.91,48.71,50.94,92.04,69.7
2024-01-12,25.14,23.83,15.13,15.03,20.54,16.45,114.12,40.24,34.76,13.98,14.0,32.58,19.81,21.62,12.13,14.22,46.36,147.69,21.86,8.26,21.15,20.54,46.05,25.19,728.53,53.16,35.05,41.08,49.03,52.38,93.54,69.7
2024-01-15,25.05,23.78,14.87,14.69,20.45,16.37,110.55,40.0,35.88,13.93,13.76,32.4,19.63,20.89,12.03,14.06,46.43,146.98,21.34,8.32,20.9,20.47,46.42,25.23,713.33,52.6,34.8,40.58,47.66,51.24,92.41,69.29
2024-01-16,25.05,23.5,14.66,14.58,20.41,16.23,112.77,39.45,35.88,13.9,13.76,32.74,19.5,20.78,11.84,14.05,46.24,146.98,21.34,8.42,20.54,20.34,45.93,25.11,724.95,52.49,34.93,40.41,47.5,51.6,92.23,69.08
2024-01-17,24.59,23.1,14.27,14.41,19.92,15.94,107.77,38.49,35.27,13.61,13.35,32.0,19.05,20.4,11.46,13.7,44.62,144.87,20.64,8.58,19.41,19.96,45.18,24.5,688.31,51.6,34.31,39.5,46.78,50.23,89.98,67.86
2024-01-18,24.41,22.65,14.08,14.19,19.49,15.58,111.33,37.28,35.72,13.15,13.1,32.73,18.17,20.39,11.13,13.53,45.6,142.51,20.59,9.44,19.83,19.12,44.19,23.76,705.11,50.7,33.5,39.0,47.18,48.5,89.42,66.22
2024-01-19,24.31,22.33,13.92,14.3,19.17,15.43,107.41,37.07,36.19,12.85,12.94,32.42,17.89,19.6,10.99,13.2,43.66,142.51,20.31,10.38,19.15,19.12,43.57,23.19,719.77,49.69,32.69,38.41,45.73,49.45,88.49,65.4
2024-01-22,23.48,20.95,13.12,13.57,17.38,14.42,99.36,35.26,33.98,11.98,12.16,31.87,16.61,18.55,9.95,12.37,40.16,137.33,19.13,9.35,17.88,17.67,40.73,21.72,698.32,46.56,30.4,35.83,43.39,46.64,84.37,60.29
2024-01-23,23.67,21.56,13.36,13.57,16.83,14.37,101.39,36.25,32.09,11.68,12.2,32.02,16.35,18.17,9.87,12.1,41.08,138.98,19.79,9.44,18.08,17.51,40.48,21.19,689.74,46.45,29.84,36.0,43.55,46.41,84.93,60.29
2024-01-24,24.31,21.88,13.57,13.79,17.24,14.53,100.78,35.66,30.62,11.86,12.39,29.72,16.58,18.17,10.1,12.42,40.8,142.75,19.74,10.38,18.06,18.02,41.35,21.44,680.45,47.68,29.9,36.08,44.36,46.17,87.55,62.13
2024-01-25,25.05,22.93,14.06,14.07,18.59,15.3,101.72,37.52,31.27,12.7,12.93,30.7,17.63,19.22,10.81,12.77,41.64,146.98,20.87,11.43,18.78,18.96,42.83,22.58,695.82,48.91,31.02,37.08,45.73,49.75,91.29,63.97
2024-01-26,25.14,23.62,14.22,14.19,18.42,15.22,99.32,37.9,30.39,12.76,12.96,30.48,17.44,18.99,10.76,12.77,40.49,149.1,20.78,12.57,18.57,19.25,43.82,22.7,677.41,49.47,31.33,37.0,46.37,49.75,91.67,64.79
2024-01-29,25.14,23.5,13.92,13.74,17.21,14.89,85.86,34.88,30.18,12.18,12.54,29.37,16.56,18.61,10.22,12.28,38.5,149.81,20.03,13.82,17.77,18.6,43.08,21.77,643.98,48.46,30.15,36.16,44.68,48.08,91.29,62.75
2024-01-30,25.05,23.5,13.82,13.63,16.51,14.36,83.01,33.91,29.23,11.69,12.27,28.79,15.67,17.65,9.75,11.94,37.75,147.93,19.23,12.43,17.41,17.93,41.96,21.07,622.0,47.12,29.34,35.0,43.31,45.99,89.98,61.11
2024-01-31,25.14,22.77,13.5,13.29,15.64,13.42,80.97,34.31,29.23,10.69,11.74,28.57,14.69,16.91,9.16,11.29,35.89,146.04,18.61,11.2,15.67,16.99,40.35,19.81,621.64,45.55,27.79,34.25,40.89,44.02,89.23,60.09
2024-02-01,24.96,21.6,13.15,13.01,14.93,13.11,80.81,35.46,28.74,10.36,11.59,28.41,14.46,16.62,8.74,10.93,34.86,143.45,18.05,10.08,15.39,16.35,38.87,19.36,606.27,44.32,26.86,34.0,39.84,42.88,86.99,58.05
2024-02-02,24.96,21.07,12.47,12.73,13.79,12.5,74.7,34.29,28.98,9.74,10.72,28.05,13.61,15.14,8.26,10.09,33.06,140.63,17.2,9.08,14.73,15.45,37.14,18.38,586.25,41.97,25.37,33.08,37.82,42.94,84.18,53.55
2024-02-05,24.77,20.38,11.7,11.89,11.15,11.2,68.91,31.84,27.4,7.93,9.47,29.03,11.52,13.27,6.77,8.88,27.93,139.21,15.47,8.16,13.54,13.9,33.42,15.81,572.49,37.83,22.15,31.42,32.34,43.3,80.63,42.92
2024-02-06,25.51,21.96,12.3,12.5,10.81,11.52,75.08,32.62,27.15,7.48,10.17,30.17,11.28,13.25,6.61,8.86,28.57,147.22,16.5,8.28,14.88,13.04,33.79,15.57,611.45,38.73,22.52,33.25,34.03,42.7,89.79,42.92
2024-02-07,26.35,24.15,12.28,12.11,9.91,11.3,82.04,31.59,26.93,6.65,9.58,30.66,10.12,13.23,5.74,8.1,26.99,152.4,18.14,7.46,15.96,12.26,32.06,15.04,610.74,38.39,21.28,34.58,32.1,40.61,94.28,42.72
2024-02-08,26.44,24.8,12.79,12.84,11.37,12.52,83.22,32.44,29.5,7.69,10.64,30.7,11.53,15.13,6.43,9.0,32.38,154.76,18.71,7.66,16.62,13.49,34.41,16.06,629.15,41.19,23.33,37.58,35.32,42.17,94.1,45.78
2024-02-19,26.16,24.15,13.03,13.01,11.64,12.95,81.75,32.96,30.63,8.23,10.84,30.83,12.7,15.71,6.7,9.56,31.4,152.64,18.38,8.1,16.48,14.16,35.16,16.63,628.25,42.42,24.19,37.91,36.53,44.97,93.54,47.42
2024-02-20,26.07,23.7,12.98,13.07,11.65,12.8,82.01,33.09,30.7,8.34,10.84,30.51,12.88,15.2,6.77,9.8,34.78,152.4,18.71,8.37,16.37,14.42,35.16,16.92,623.79,42.2,24.26,37.75,37.18,45.63,92.97,48.03
2024-02-21,26.07,23.62,13.0,13.18,12.1,13.0,83.79,33.35,30.67,8.6,11.01,31.11,13.64,15.35,7.17,10.08,35.51,151.93,18.76,8.44,16.59,15.03,35.65,17.44,636.48,42.76,24.88,37.91,38.23,47.18,93.54,49.87
2024-02-22,26.07,23.7,13.05,13.29,13.01,12.98,83.83,33.79,30.55,8.89,11.09,31.1,13.93,15.75,7.48,10.14,36.43,152.64,18.9,8.64,16.72,15.58,36.15,17.93,637.55,43.76,25.62,38.25,39.03,49.75,93.72,50.69
2024-02-23,25.98,23.54,13.17,13.35,13.64,13.07,85.54,34.21,30.96,9.38,11.58,31.39,14.65,16.14,7.95,11.18,37.78,152.64,18.94,9.03,17.05,16.45,36.89,18.63,645.23,44.21,26.61,38.58,40.0,51.36,93.91,52.12
2024-02-26,25.7,23.18,13.19,13.35,14.09,13.45,84.44,33.93,32.72,9.68,11.86,31.54,15.22,16.38,8.29,11.78,37.46,149.81,19.18,8.92,16.97,16.99,37.38,19.36,642.55,44.55,27.23,38.75,40.48,52.44,95.03,53.35
2024-02-27,25.88,23.34,13.45,13.57,14.21,13.79,86.77,34.98,33.47,9.99,12.3,31.75,15.81,16.87,8.6,11.82,37.92,150.99,19.41,9.15,17.34,17.09,38.5,19.65,655.07,45.44,27.79,39.0,41.13,55.24,95.41,54.78
2024-02-28,25.79,23.95,13.19,12.9,12.76,12.9,84.31,33.53,30.94,8.85,11.47,31.1,14.38,14.88,7.37,10.97,33.51,152.4,18.9,8.48,17.0,15.74,36.27,17.77,643.09,43.09,25.99,38.33,38.63,51.36,93.91,51.51
2024-02-29,25.98,24.8,13.38,13.23,13.12,13.11,86.07,33.95,31.78,9.28,11.87,31.87,14.52,15.37,8.43,11.37,35.84,155.23,19.56,8.92,17.88,16.51,37.38,18.5,684.74,44.21,26.8,39.33,39.84,52.5,95.22,53.96
2024-03-01,26.07,23.91,13.38,13.18,13.14,13.19,87.26,33.25,31.37,9.26,12.0,31.79,15.2,15.66,8.29,11.46,35.48,154.05,19.46,8.89,17.81,16.64,37.63,19.24,704.22,44.66,27.48,40.41,40.32,54.29,95.78,54.98
2024-03-04,25.79,23.14,13.29,13.07,12.94,13.13,86.28,32.54,33.74,9.17,11.73,32.24,15.5,15.89,7.92,11.2,34.41,154.99,19.6,8.78,17.74,16.74,37.26,18.91,695.82,44.77,26.99,40.33,39.84,52.86,94.85,52.94
2024-03-05,25.79,22.73,13.15,12.9,12.36,12.87,83.86,31.59,32.85,8.86,11.56,31.84,14.75,15.1,7.46,10.86,33.41,154.52,19.04,8.42,17.42,16.51,36.39,18.3,687.24,43.65,28.16,39.5,38.31,50.77,95.03,51.1
2024-03-06,25.88,23.42,13.19,13.01,12.59,12.94,85.46,31.67,33.36,8.97,11.71,32.25,15.14,15.35,7.75,11.1,33.64,155.23,19.46,8.53,17.48,16.42,37.01,19.12,695.82,44.1,28.85,39.66,39.03,51.54,94.66,51.3
2024-03-07,25.7,23.06,13.24,13.07,12.53,13.03,81.76,31.74,32.53,8.88,11.68,31.9,15.62,15.35,7.69,11.1,33.22,155.46,19.27,8.37,17.14,16.67,36.89,19.52,676.87,43.76,27.98,39.33,38.87,51.96,93.35,50.89
2024-03-08,25.7,23.46,13.5,13.01,12.52,12.98,84.23,31.88,33.19,8.77,11.85,32.45,15.34,15.3,7.78,11.18,33.74,159.94,19.27,8.99,17.22,16.74,37.26,19.52,672.22,44.1,27.85,39.41,38.87,53.57,94.28,51.1
2024-03-11,25.88,23.83,13.61,13.23,12.94,13.24,101.08,32.74,33.88,9.03,11.98,33.22,15.68,15.64,7.92,11.47,34.64,160.18,20.03,9.49,17.97,16.67,37.63,19.56,759.63,44.99,28.91,40.58,40.16,54.95,95.03,51.91
2024-03-12,25.7,23.5,13.57,13.29,13.34,13.45,101.2,33.71,34.48,9.23,12.08,32.96,16.15,15.75,8.22,11.51,34.68,156.88,20.03,9.35,17.8,16.9,38.0,20.09,758.73,45.55,28.66,41.25,40.57,54.53,94.66,53.35
2024-03-13,25.61,23.99,13.45,13.23,13.3,13.45,100.89,32.94,34.1,9.16,12.12,32.5,16.03,15.87,8.15,11.48,33.77,159.0,19.7,9.35,17.81,16.93,37.88,19.89,759.63,46.0,28.6,41.75,40.32,53.63,93.91,52.53
2024-03-14,25.7,23.83,13.47,13.29,13.21,13.4,97.74,32.88,34.86,9.1,12.1,31.9,16.2,16.01,8.15,11.57,32.91,158.53,19.84,9.33,17.61,17.67,37.88,19.69,745.51,45.44,28.35,41.58,40.48,52.8,94.47,52.12
2024-03-15,26.25,23.95,13.57,13.68,13.57,13.66,96.57,33.33,35.89,9.4,12.43,31.86,16.9,16.33,8.33,11.63,33.29,161.12,20.5,9.49,17.8,17.73,38.5,19.85,733.89,46.56,28.6,42.0,41.78,54.29,95.78,53.75
2024-03-18,26.16,24.15,13.66,13.63,13.83,13.82,99.34,34.13,36.26,9.77,12.5,32.18,17.03,16.85,8.49,12.1,34.02,165.12,21.15,9.51,18.0,18.35,38.99,20.18,752.12,46.67,29.03,43.33,41.86,51.9,96.16,53.96
2024-03-19,25.7,23.78,13.52,13.57,13.77,13.72,97.11,33.97,35.98,9.72,12.4,31.82,16.9,16.57,8.53,11.98,33.81,162.53,20.82,9.62,17.84,18.15,38.75,20.22,743.54,46.45,28.97,43.33,41.53,51.36,94.47,53.35
2024-03-20,25.79,23.66,13.64,13.57,14.26,13.88,96.82,34.19,36.15,9.92,12.5,31.54,16.89,16.82,8.7,12.02,34.22,162.3,20.92,9.85,17.91,18.51,39.24,20.62,749.62,46.9,29.28,43.91,41.94,51.24,94.47,54.37
2024-03-21,25.7,23.38,13.68,13.68,14.19,13.83,94.43,33.89,35.21,9.87,12.6,30.89,16.93,16.82,8.83,12.05,33.6,161.59,21.06,9.65,17.69,18.67,39.24,20.79,746.58,48.02,29.28,44.5,42.02,56.32,93.91,53.96
2024-03-22,25.33,22.97,13.5,13.4,13.73,13.69,91.69,32.9,35.24,9.56,12.33,30.2,16.76,16.24,8.57,11.7,32.54,159.0,20.5,9.37,17.11,18.35,38.87,20.22,722.45,46.56,28.66,43.83,41.13,59.78,92.23,52.73
2024-03-25,25.42,22.81,13.5,13.35,13.14,13.37,88.29,32.32,34.38,9.19,12.11,29.97,16.31,15.93,8.28,11.3,31.26,159.23,20.35,9.1,16.89,18.06,39.36,19.65,703.14,45.55,27.92,42.66,39.76,59.54,90.73,50.69
2024-03-26,25.42,22.73,13.5,13.35,13.07,13.33,93.98,32.06,34.79,9.26,12.78,30.18,16.04,16.0,8.32,11.31,31.55,162.77,20.5,9.28,16.95,18.15,38.99,19.69,733.89,45.78,27.98,42.41,40.16,59.31,91.67,50.28
2024-03-27,25.24,22.41,13.52,12.9,12.41,12.9,88.41,31.25,33.83,8.89,12.1,29.3,15.42,15.39,7.91,10.81,30.57,161.35,19.74,8.78,16.17,17.77,38.75,19.2,694.21,44.55,27.17,41.08,38.95,56.2,89.61,48.24
2024-03-28,25.33,22.61,14.45,13.01,12.89,13.08,88.24,31.92,34.77,9.04,12.49,29.46,15.94,15.93,7.75,11.32,30.86,163.24,20.03,9.01,16.34,18.12,38.62,19.52,701.89,45.33,27.67,41.91,40.0,56.62,90.73,48.85
2024-03-29,25.7,23.06,14.24,13.18,13.18,13.51,89.13,31.94,35.88,9.25,12.86,29.46,16.33,16.2,8.05,11.38,31.48,167.01,20.64,8.96,16.53,18.35,39.49,19.85,699.93,45.89,28.1,42.33,40.57,57.81,92.41,49.26
2024-04-01,25.98,23.3,14.24,13.4,13.46,13.66,93.24,33.0,35.3,9.56,13.49,29.89,17.24,16.66,8.59,11.7,32.37,169.36,20.68,9.12,17.17,18.51,40.48,20.3,727.1,46.9,28.97,43.25,41.53,59.66,94.47,52.73
2024-04-02,26.25,23.42,14.36,13.46,13.58,13.8,94.88,32.84,36.2,9.63,13.32,29.49,17.19,16.74,8.42,11.86,34.13,172.19,21.01,9.35,17.61,18.99,41.22,20.66,736.39,47.12,29.28,43.41,42.1,60.32,95.41,53.14
2024-04-08,26.25,23.78,14.48,13.29,12.65,13.46,88.58,31.45,36.17,8.98,13.27,28.13,15.82,15.88,7.72,11.11,33.54,173.37,20.21,8.92,17.2,18.93,40.97,19.73,690.1,46.23,28.41,42.75,40.81,65.34,93.16,53.96
2024-04-09,26.16,23.78,14.52,13.51,13.05,13.69,91.42,31.88,37.93,9.19,13.25,28.86,15.98,16.12,7.85,11.46,35.29,171.01,20.64,9.1,17.56,19.41,41.22,19.85,717.44,46.56,28.66,42.66,41.53,66.47,92.41,54.16
2024-04-10,26.16,23.78,14.34,13.29,12.49,13.2,88.28,31.13,36.77,8.85,12.98,28.63,15.57,15.63,7.55,11.14,33.81,171.01,20.17,8.92,17.34,19.15,40.97,19.2,703.32,45.44,27.98,42.41,40.16,62.65,90.54,51.51
2024-04-11,26.53,24.51,14.36,13.57,12.48,13.45,88.95,31.37,36.95,8.91,13.36,28.33,15.89,15.82,7.58,11.06,34.41,173.84,20.64,8.99,17.3,19.22,41.35,19.73,690.28,45.55,28.23,42.75,40.57,62.77,92.6,51.71
2024-04-12,26.25,24.19,14.13,13.29,12.15,13.22,84.54,30.79,36.97,8.76,12.85,27.7,15.55,15.49,7.38,11.01,32.22,171.95,20.12,8.76,17.05,19.22,41.1,19.48,655.78,44.77,27.79,42.41,39.76,59.78,89.98,50.89
2024-04-15,26.53,24.8,14.1,12.56,10.75,12.61,83.61,28.87,36.53,7.84,12.36,27.65,13.99,14.17,6.55,10.4,28.66,175.02,19.84,8.23,16.94,18.28,39.98,18.18,661.5,42.31,26.24,42.0,36.61,52.8,89.23,47.01
2024-04-16,26.35,24.39,13.36,11.89,9.76,11.67,78.65,27.24,35.98,7.11,11.55,27.59,13.07,13.34,5.74,9.32,26.34,173.13,18.66,7.41,15.82,16.74,36.64,16.06,637.73,38.73,23.7,39.08,32.5,45.63,87.18,41.7
2024-04-17,26.99,24.39,14.03,12.45,10.89,12.47,80.37,27.91,38.35,7.99,12.39,28.25,14.18,14.38,6.54,10.1,28.04,175.72,20.54,7.96,16.69,17.99,38.87,17.81,652.56,41.75,25.74,41.41,36.29,52.62,91.67,46.6
2024-04-18,26.72,24.11,14.1,12.22,10.74,12.23,78.94,27.81,37.91,7.8,12.18,27.98,13.76,14.37,6.3,9.95,26.85,173.13,20.12,7.69,16.48,17.7,38.0,17.4,647.02,40.96,25.93,41.58,34.76,51.18,90.36,44.76
2024-04-19,26.81,24.31,14.22,12.06,10.53,12.1,76.61,27.6,38.01,7.59,12.38,27.13,13.38,14.06,6.14,9.8,25.77,172.9,20.21,7.59,15.96,18.12,38.87,17.4,625.57,41.41,25.56,41.41,34.84,50.17,90.73,45.37
2024-04-22,26.62,24.11,14.06,12.06,10.42,12.06,75.84,27.38,38.14,7.54,12.13,27.22,13.2,13.84,6.07,10.19,26.2,166.54,20.35,7.46,15.81,17.38,37.51,17.08,622.89,41.97,25.06,41.41,34.11,47.3,88.86,43.94
2024-04-24,26.44,23.91,13.89,12.39,11.22,12.36,74.27,27.79,39.52,8.05,12.33,26.12,13.97,14.65,6.74,10.47,27.47,165.59,20.59,7.66,15.6,17.9,38.25,18.38,612.53,41.97,26.24,42.83,35.73,53.09,88.49,44.56
2024-04-25,26.53,23.91,13.87,12.22,11.37,12.5,75.52,28.71,40.05,8.05,12.57,25.86,14.53,14.77,6.81,10.74,27.65,167.95,21.11,7.46,15.95,18.12,37.76,19.4,642.02,42.2,26.55,43.66,36.05,56.02,88.67,45.37
2024-05-14,27.36,25.69,15.36,12.84,11.4,13.82,77.76,29.64,43.1,8.94,13.49,26.96,14.35,15.47,7.48,10.69,27.78,177.84,22.05,7.55,18.94,18.57,39.74,19.28,672.22,44.55,36.41,44.91,39.92,60.56,91.67,50.08
2024-05-15,27.18,25.2,14.97,12.56,11.36,13.68,77.72,29.28,41.71,8.85,13.26,26.19,14.21,15.28,7.35,10.46,27.14,175.02,21.86,7.59,18.47,18.48,39.24,19.08,668.47,43.87,34.31,44.58,39.68,62.59,90.17,49.46
2024-05-16,27.09,25.2,14.85,12.62,11.5,13.73,76.39,29.62,41.59,9.01,13.4,26.02,14.68,15.52,7.55,10.54,27.02,174.07,21.72,7.69,18.36,18.51,39.24,19.52,672.04,44.66,35.3,44.16,40.32,64.98,90.54,51.1
2024-05-17,27.36,25.41,14.94,12.73,12.0,13.95,76.48,30.02,42.36,9.09,13.47,26.46,15.0,16.11,7.66,10.69,27.69,174.54,22.09,7.8,18.53,18.8,39.49,19.73,680.45,44.55,35.79,44.33,41.29,64.2,91.67,51.1
2024-05-20,27.36,25.61,15.08,12.73,11.99,14.21,65.77,30.1,41.9,9.11,13.47,26.42,14.7,16.24,7.69,10.48,27.65,176.43,22.33,7.62,18.8,18.93,39.86,19.61,673.3,43.76,35.67,44.16,40.08,66.95,91.29,51.1
2024-05-21,27.18,25.24,15.01,12.73,11.48,13.78,65.34,30.24,41.94,9.04,13.4,26.09,14.28,15.71,7.58,10.24,27.0,175.25,22.14,7.53,18.46,18.41,39.12,19.16,671.83,42.74,37.84,44.0,39.68,67.25,90.97,50.08
2024-05-22,27.64,25.16,14.97,12.79,11.61,13.76,67.59,30.26,41.94,9.01,13.52,27.71,14.15,15.89,7.45,10.1,27.49,174.31,22.33,7.59,18.66,18.28,39.12,19.24,705.7,42.97,37.53,44.08,40.32,67.01,90.97,49.87
2024-05-23,26.99,24.43,14.64,12.45,11.33,13.4,65.42,29.72,41.71,8.92,13.17,27.7,13.85,15.47,7.38,9.99,26.58,170.54,21.72,7.34,18.14,17.96,37.88,18.99,689.4,41.73,34.31,43.0,39.03,60.74,88.52,48.85
2024-05-24,27.27,25.0,14.87,12.45,11.19,13.37,64.87,29.22,41.45,8.8,13.16,27.61,13.95,15.43,7.51,9.96,26.16,172.9,21.58,7.28,18.31,18.15,38.0,18.91,669.29,41.84,41.19,43.25,38.87,61.87,88.52,48.44
2024-05-27,27.55,24.92,15.01,12.45,11.03,13.54,64.38,28.87,41.38,8.79,13.24,27.42,13.82,15.74,7.34,9.93,26.14,175.25,21.91,7.37,18.35,18.38,38.0,19.08,664.76,42.06,42.62,43.58,39.03,61.64,89.84,48.44
2024-05-28,27.46,24.64,14.92,12.28,11.02,13.28,63.65,28.29,41.36,8.68,13.26,27.29,13.5,15.53,7.18,9.82,25.92,175.49,21.72,7.25,18.78,18.22,37.88,19.97,658.42,41.61,50.06,43.66,38.71,64.86,88.89,47.83
2024-06-13,26.25,22.41,14.06,9.42,10.08,12.01,61.41,29.42,39.44,8.18,12.35,27.49,12.44,14.99,7.21,9.45,24.51,171.48,22.85,6.55,18.63,16.54,33.67,18.18,730.33,39.02,44.85,41.08,35.24,53.15,84.93,41.7
2024-06-14,26.44,22.24,14.15,9.2,9.82,12.03,61.0,29.5,38.73,8.0,12.25,27.97,12.46,14.84,6.78,9.18,24.32,170.78,22.99,6.64,18.53,16.61,33.79,18.26,733.59,38.91,43.42,40.83,35.0,52.08,84.36,42.1
2024-06-17,26.15,21.52,14.03,9.03,9.53,11.92,62.84,29.5,38.59,7.77,12.16,28.5,12.07,14.77,6.44,9.04,23.94,169.13,22.94,6.59,18.13,16.06,33.05,17.81,778.51,37.67,42.18,41.0,34.19,51.78,83.99,41.08
2024-06-18,26.25,21.23,13.99,9.31,9.74,11.98,62.99,29.3,38.53,7.68,12.33,28.13,12.27,15.0,6.7,9.21,24.27,171.29,23.41,6.68,18.11,16.61,33.42,18.14,775.98,37.89,41.5,41.25,34.68,50.17,84.36,42.1
2024-06-19,26.06,21.07,13.78,8.97,9.62,11.95,60.91,28.77,37.53,7.66,12.21,26.4,12.44,14.65,6.58,9.14,24.14,172.01,23.03,6.66,17.75,16.83,33.3,18.22,774.71,37.89,38.83,40.5,34.03,53.93,83.42,41.9
2024-06-20,25.96,20.75,13.25,8.64,9.8,12.08,58.87,29.38,37.66,7.83,12.23,26.38,12.46,14.9,6.9,9.27,24.38,171.77,22.09,6.52,17.31,16.58,32.56,17.65,762.03,37.55,36.79,40.08,32.98,51.24,81.16,39.65
2024-06-24,25.58,20.83,12.82,8.07,8.94,11.27,58.27,27.04,36.81,7.22,11.53,24.22,11.25,13.72,6.27,8.43,22.56,168.89,21.39,6.11,17.08,16.25,31.44,16.79,759.86,36.31,37.22,38.0,31.69,47.3,79.65,37.2
2024-06-26,25.87,21.27,13.18,8.13,9.55,11.61,59.49,27.64,37.63,7.69,11.92,23.26,12.11,14.36,6.75,8.88,23.25,170.09,21.95,6.41,17.39,16.9,32.68,17.61,745.0,36.99,35.86,38.66,33.55,48.73,80.78,38.63
2024-06-27,25.68,21.23,12.85,7.79,9.43,11.48,58.02,26.96,36.31,7.51,11.73,22.57,12.06,14.12,6.63,8.58,22.82,168.65,20.82,6.2,16.83,16.9,32.18,17.49,744.46,38.0,36.29,37.91,32.98,47.12,79.08,37.2
2024-06-28,25.68,21.11,12.95,7.68,9.39,11.5,57.44,27.08,36.58,7.48,11.84,22.59,12.15,14.41,6.67,8.55,22.83,175.37,21.29,6.16,16.87,16.8,32.31,17.69,723.09,37.22,38.21,38.58,32.66,47.48,79.08,36.79
2024-07-02,26.54,21.72,13.38,8.19,9.52,11.47,54.75,27.42,37.47,7.56,12.12,22.3,12.32,14.46,6.74,8.56,22.83,178.26,21.81,6.29,17.0,17.54,33.55,17.93,687.04,39.7,38.28,38.0,34.19,51.9,80.78,38.63
2024-07-03,26.63,21.52,13.35,8.36,9.43,11.42,54.01,27.52,36.72,7.53,12.0,22.05,12.32,14.41,6.65,8.46,22.65,175.85,21.62,6.25,16.97,17.57,33.42,17.73,691.93,38.68,36.23,37.5,34.03,52.86,80.4,40.06
2024-07-04,26.35,21.43,13.05,7.91,8.95,11.15,52.74,26.4,35.34,7.17,11.65,21.22,12.03,14.02,6.38,8.28,21.94,174.17,21.01,6.02,16.5,17.64,32.56,17.0,684.69,37.22,34.99,36.91,32.58,51.42,78.7,37.61
2024-07-05,26.44,21.43,13.11,7.96,9.02,11.29,53.19,26.92,36.81,7.31,11.77,21.27,12.17,13.89,6.68,8.33,22.08,170.57,20.82,6.09,16.59,17.28,32.93,17.28,678.35,37.55,34.06,37.41,33.07,50.88,79.46,38.83
2024-07-08,26.35,21.03,12.88,7.68,8.67,11.01,52.07,26.09,36.02,7.03,11.53,20.54,11.57,13.75,6.67,8.07,21.07,171.29,20.4,5.86,16.29,16.99,32.31,16.83,656.43,36.99,33.19,36.25,31.94,51.36,78.51,36.79
2024-07-09,26.92,21.27,13.02,7.57,8.81,11.22,52.51,26.68,37.16,7.11,11.85,20.61,11.88,14.12,6.8,8.16,21.34,175.37,21.34,5.86,16.58,16.06,32.31,17.36,643.75,37.1,34.06,37.33,32.02,51.42,80.02,36.99
2024-07-10,26.63,21.07,12.72,7.35,8.6,11.2,51.94,26.64,36.61,7.03,11.98,20.83,11.57,13.82,6.68,8.22,21.41,167.93,21.48,5.61,16.43,16.0,31.44,16.83,638.32,36.2,33.37,36.83,31.49,52.68,79.65,35.77
2024-07-11,26.92,21.11,13.18,8.07,9.06,11.74,54.81,27.02,37.95,7.31,12.34,21.43,11.89,14.22,7.05,8.68,22.34,170.09,22.38,5.86,16.95,16.87,32.93,17.24,676.17,37.33,34.32,37.83,33.68,52.62,82.29,38.22
2024-07-12,27.3,21.52,13.21,8.3,8.99,11.69,56.34,27.93,37.87,7.28,12.51,21.3,11.9,14.22,7.05,8.56,22.34,168.89,22.0,5.75,16.75,17.41,32.8,17.36,687.76,38.34,33.5,38.0,33.84,52.2,82.29,37.81
2024-07-15,27.4,21.52,13.02,8.64,8.63,11.35,53.93,28.79,37.32,7.01,12.22,20.69,11.6,13.88,6.78,8.27,21.72,168.17,21.81,5.63,16.29,17.48,32.06,16.87,681.97,37.55,31.93,37.75,32.71,51.84,81.53,36.99
2024-07-16,27.4,21.39,12.98,9.36,8.54,11.35,54.82,28.61,36.75,6.95,12.23,20.33,11.54,13.71,7.07,8.38,21.56,167.45,21.95,5.61,16.11,17.38,31.81,16.79,702.44,37.1,31.49,37.25,32.14,52.68,81.16,36.99
2024-07-18,27.59,21.19,12.78,8.86,8.39,11.59,56.83,27.22,36.47,6.82,11.81,20.39,11.36,13.56,7.12,8.39,20.62,164.08,21.62,5.66,16.0,16.67,32.06,16.55,721.27,37.22,30.67,37.0,31.57,55.72,81.91,36.18
2024-07-19,27.5,21.23,12.69,8.69,8.55,11.89,60.16,27.6,37.14,6.91,12.04,20.83,11.54,13.85,7.22,8.46,20.65,163.36,20.91,5.56,15.81,16.54,31.94,16.55,724.54,37.1,30.8,36.91,31.98,56.62,81.72,37.81
2024-07-22,27.4,21.48,12.62,9.59,8.62,11.72,61.19,26.46,36.1,6.94,12.04,21.01,11.8,13.9,7.54,8.43,20.65,160.96,20.87,5.72,15.68,16.51,31.94,16.83,724.72,36.76,30.98,36.66,31.98,55.01,81.16,39.04
2024-07-23,27.4,21.46,12.65,10.54,8.43,11.79,60.54,26.58,35.69,6.89,12.05,20.46,11.88,13.8,7.34,8.18,20.25,160.0,20.63,6.29,15.24,16.51,32.18,16.55,703.7,39.13,30.23,35.66,31.65,52.02,80.59,38.02
2024-07-24,27.78,21.58,12.82,11.61,8.25,11.58,59.18,25.93,33.84,6.79,11.96,20.09,11.62,13.47,7.29,8.1,19.45,161.68,20.49,6.07,15.07,16.51,31.44,16.26,685.41,39.7,29.73,34.83,31.25,51.6,80.97,41.29
2024-08-08,27.88,23.85,13.02,16.71,8.55,11.56,57.73,26.8,36.28,7.34,12.3,23.08,12.08,13.85,7.14,8.31,20.18,159.76,21.58,6.02,15.32,20.76,33.53,17.4,681.06,38.12,34.06,37.41,33.51,52.2,77.0,42.1
2024-08-09,27.78,23.64,12.98,15.03,8.48,11.58,55.72,26.56,36.4,7.28,12.34,22.55,12.1,13.91,7.14,8.26,20.19,159.52,21.43,6.0,15.21,21.44,33.4,17.4,669.65,37.78,33.44,36.83,33.27,51.78,77.0,41.08
2024-08-12,28.17,24.06,13.02,15.2,8.4,11.73,55.07,26.82,36.58,7.5,12.61,22.16,12.01,14.05,6.87,8.23,19.87,159.28,21.48,5.98,15.07,19.76,33.28,17.2,663.86,38.0,35.01,36.41,32.95,50.77,77.19,40.47
2024-08-13,28.17,23.94,13.15,15.14,8.48,11.92,56.02,27.54,37.14,7.45,12.88,21.88,12.15,14.18,7.02,8.29,20.01,160.48,21.62,6.02,15.09,19.92,33.78,17.36,687.04,38.46,35.7,36.66,33.6,50.83,77.95,40.67
2024-08-14,28.17,24.02,13.18,15.87,8.49,11.87,55.16,27.5,36.72,7.57,12.9,21.54,12.15,14.26,7.02,8.22,19.81,160.0,20.82,6.07,14.82,19.57,33.66,17.32,683.6,38.46,35.82,36.33,33.03,48.97,77.19,40.26
2024-08-15,28.26,23.98,13.25,17.44,8.43,11.78,55.56,27.85,36.8,7.57,13.12,22.29,12.07,14.15,7.04,8.27,19.88,161.68,20.96,6.2,14.95,19.31,33.91,18.1,684.32,38.91,35.32,37.66,33.76,48.56,77.95,41.7
2024-08-16,27.78,24.15,13.05,17.05,8.23,11.68,54.08,28.57,36.47,7.56,13.16,22.15,12.02,14.0,6.84,8.14,19.59,160.48,20.63,6.04,14.74,19.38,33.53,18.42,668.38,38.12,33.5,38.16,33.6,48.91,77.38,40.88
2024-08-19,27.98,24.23,13.08,16.93,8.13,11.65,53.69,28.35,36.81,7.59,13.12,21.78,11.84,13.82,6.81,8.05,19.31,160.0,20.44,5.93,14.57,19.22,34.16,18.46,651.72,38.46,33.94,36.16,34.49,48.2,77.38,41.7
2024-08-20,27.5,23.77,12.88,18.62,7.95,11.5,52.26,26.68,35.93,7.5,12.94,21.64,11.58,13.45,6.73,7.9,18.93,158.56,19.92,5.82,14.37,19.15,33.78,19.73,639.4,37.55,32.12,35.91,32.95,48.5,76.06,40.26
2024-08-21,27.3,23.43,12.75,20.47,7.94,11.49,52.39,26.72,36.04,7.4,12.87,21.37,11.44,13.19,6.58,7.88,18.95,156.63,19.64,6.34,14.38,19.25,33.4,17.65,637.95,37.67,31.36,36.0,32.46,48.26,75.68,39.45
2024-08-22,27.21,23.35,12.59,18.95,7.8,11.35,51.18,26.17,35.76,7.26,12.62,21.03,11.51,13.14,6.43,7.8,18.71,157.6,19.45,5.95,14.07,19.12,32.9,16.67,619.48,34.96,31.42,35.91,31.49,43.6,74.17,38.43
2024-08-23,27.02,23.01,12.42,20.86,7.57,11.21,52.36,26.13,35.67,7.28,12.34,20.91,11.21,12.98,6.28,7.71,18.55,145.1,19.26,6.55,13.98,18.67,32.64,16.47,587.96,35.19,30.04,35.33,30.6,40.02,74.17,37.4
2024-08-26,26.92,23.22,12.59,18.79,7.86,11.24,57.86,26.19,36.03,7.32,12.5,20.94,11.34,13.29,6.43,7.85,18.9,143.18,19.83,7.21,14.34,18.86,33.66,16.87,601.0,35.97,30.36,36.16,31.57,40.19,74.55,38.43
2024-08-27,26.92,23.26,12.39,16.93,7.8,11.13,56.83,26.09,35.4,7.17,12.33,18.99,11.36,13.45,6.28,7.77,18.73,139.82,19.45,6.71,14.12,18.57,33.15,16.47,579.08,35.64,28.79,35.66,30.92,41.57,73.8,37.61
2024-08-28,27.02,22.97,12.49,16.21,7.89,11.07,56.51,26.34,35.57,7.29,12.27,19.48,11.48,13.27,6.33,7.82,19.0,140.3,19.59,6.77,14.48,18.83,33.91,17.0,575.82,35.64,29.48,36.16,31.01,42.58,64.92,38.02
2024-08-29,26.63,22.68,12.42,14.58,8.07,11.23,60.43,26.96,37.63,7.34,12.4,20.28,11.62,13.63,6.41,7.93,19.42,139.34,19.88,6.73,14.57,18.93,34.04,17.28,586.15,35.86,33.0,36.66,31.09,40.25,64.92,38.43
2024-08-30,26.63,22.38,12.62,14.19,8.15,11.53,59.89,27.44,38.17,7.41,12.62,20.07,11.92,13.75,6.48,8.38,19.24,141.74,20.02,6.93,14.88,19.02,34.42,17.53,606.8,36.65,33.31,36.41,32.22,43.6,65.87,39.04
2024-09-02,27.5,22.09,12.42,15.08,7.93,11.65,57.02,28.99,37.36,7.43,12.36,19.41,11.35,13.47,6.36,8.47,18.45,139.34,19.55,6.96,14.59,20.12,34.54,17.2,589.77,36.43,33.75,36.16,31.73,42.34,63.04,38.22
2024-10-15,30.08,23.68,14.83,19.07,10.55,13.76,65.03,32.43,40.65,11.0,14.4,29.36,13.47,15.68,7.69,9.51,20.65,158.08,20.87,7.69,17.36,20.92,38.08,21.6,807.31,43.76,38.46,42.25,39.83,89.11,95.12,66.84
2024-10-16,30.66,24.23,15.16,19.91,10.45,13.66,63.34,32.15,41.84,10.94,14.27,27.89,13.46,15.66,7.85,9.48,21.22,157.6,21.06,7.66,19.05,20.7,38.46,21.85,776.52,46.91,39.53,42.33,39.75,87.68,93.99,65.61
2024-10-17,29.99,23.81,14.7,19.23,10.42,13.67,63.15,31.74,41.0,10.8,14.48,26.9,13.6,15.44,7.85,9.42,20.69,155.91,20.58,7.46,18.13,19.76,37.83,25.15,765.83,44.66,38.65,42.0,39.26,91.68,92.48,65.0
2024-10-18,30.37,24.06,14.57,18.95,10.69,14.1,66.39,32.41,43.9,10.94,14.81,28.84,13.87,15.94,8.15,9.82,21.55,159.04,21.53,7.57,18.17,20.05,38.46,24.5,824.52,45.11,39.47,43.0,40.72,95.8,95.12,68.06
2024-11-06,33.24,25.16,16.02,25.29,11.7,14.42,70.36,32.68,41.32,13.59,15.05,34.79,14.43,17.32,9.87,10.61,22.24,161.44,23.56,8.89,18.87,27.17,41.75,29.06,896.97,48.04,41.48,46.91,43.96,90.0,100.03,82.57
2024-12-13,32.09,25.83,16.55,23.38,12.51,14.9,65.74,35.65,40.43,12.4,15.05,28.75,15.02,19.25,10.02,11.98,33.5,157.6,24.88,9.76,19.75,24.69,47.07,28.0,849.52,50.86,41.86,44.25,46.55,89.17,106.82,84.82
2024-12-16,32.57,26.21,16.58,22.88,12.68,14.94,64.88,35.18,40.16,12.52,15.03,28.22,15.38,19.18,10.01,11.91,33.5,158.56,24.55,9.62,19.32,27.17,46.94,28.45,845.89,50.86,42.05,44.0,46.71,87.79,105.31,87.48
2024-12-18,32.38,25.58,15.89,21.76,12.03,14.21,63.79,32.76,39.88,12.24,14.53,27.84,14.64,18.46,9.28,11.01,29.71,158.8,23.89,9.21,18.89,22.31,44.54,27.19,847.71,48.27,49.4,42.91,43.15,84.03,103.8,82.16
2024-12-19,31.81,25.24,15.76,21.48,11.69,14.11,63.13,32.72,40.14,11.84,14.55,27.5,14.28,18.29,9.23,10.96,29.38,157.36,24.08,9.05,18.57,20.73,44.03,27.55,850.6,49.28,47.45,43.66,42.66,89.11,103.8,82.37
2024-12-20,31.52,25.54,15.63,22.04,11.94,14.34,63.37,33.11,40.05,11.99,14.76,26.85,14.42,18.63,9.23,11.16,29.79,156.15,23.79,8.87,18.6,21.24,44.03,27.43,848.79,48.49,46.89,43.16,42.5,92.69,102.48,81.76
2025-02-17,29.89,23.64,14.7,18.5,11.23,13.95,58.55,30.33,44.29,14.67,14.08,23.66,14.22,22.56,9.55,10.79,26.9,150.15,21.39,8.28,17.73,18.35,41.88,26.45,794.09,52.33,38.84,42.75,43.07,91.86,93.99,72.56
2025-02-18,29.51,23.34,14.4,18.06,10.92,13.68,62.81,29.3,43.03,13.95,13.75,23.04,13.73,20.9,9.23,10.44,25.72,149.19,21.72,7.98,17.35,17.77,40.49,25.35,804.6,49.96,41.42,42.83,41.69,85.82,90.59,69.29
2025-02-19,29.51,23.22,14.44,19.85,11.24,13.88,64.38,29.9,43.44,13.83,13.92,23.39,14.28,21.28,9.34,10.78,27.65,148.47,22.09,8.16,17.36,17.96,40.87,25.96,814.74,50.64,41.92,43.33,41.77,87.79,91.16,69.29
2025-03-11,29.51,24.46,16.05,20.02,12.25,14.18,62.71,31.49,42.44,20.84,14.45,23.91,16.01,21.32,9.91,11.78,26.37,149.19,22.57,8.3,17.49,17.45,41.5,26.9,926.32,50.86,39.09,44.58,42.18,93.53,90.03,68.67
2025-03-12,29.6,24.33,15.86,20.02,12.95,14.15,62.92,31.37,41.83,22.44,14.36,23.39,16.04,21.32,10.04,11.84,26.65,150.87,22.99,8.37,17.44,17.32,41.75,26.94,914.54,50.52,41.61,45.08,41.93,94.01,89.46,69.9
2025-03-13,29.41,24.5,15.63,19.51,12.4,14.15,61.26,30.78,40.96,20.22,14.27,22.94,15.81,21.23,9.9,11.56,26.14,152.07,22.47,8.42,17.49,17.25,41.88,27.31,891.18,50.52,44.31,44.58,41.61,87.32,89.08,71.33
2025-03-14,29.7,24.5,15.76,19.85,12.63,14.35,62.24,31.37,41.5,21.59,14.51,23.48,16.2,22.22,10.11,11.73,26.99,152.55,22.76,8.39,17.65,17.64,42.51,27.88,899.51,51.09,42.93,44.66,42.5,92.87,91.16,71.13
2025-03-31,29.89,24.33,15.46,19.12,11.69,13.97,58.22,29.63,39.18,25.64,14.63,21.5,15.17,21.33,9.64,11.14,25.79,152.31,22.33,7.78,17.92,16.99,40.87,30.04,853.32,50.64,41.48,44.83,40.88,80.63,88.71,65.0
2025-04-01,30.27,24.76,16.05,19.35,11.94,14.18,59.08,30.43,39.25,26.03,14.74,21.24,15.41,21.48,10.01,11.47,26.38,154.95,22.61,7.96,18.35,17.45,41.88,31.83,854.59,51.65,43.49,46.25,42.26,82.12,89.27,65.4
2025-04-02,30.08,24.93,15.86,19.12,12.03,14.25,60.77,30.45,39.35,27.83,14.75,20.99,15.49,21.28,9.85,11.6,26.62,153.75,22.38,8.03,18.08,17.41,41.25,30.65,842.82,50.18,41.98,46.0,41.93,82.18,88.52,64.18
2025-04-03,30.56,25.15,15.99,19.29,11.83,14.21,59.09,30.27,35.39,27.05,14.57,20.89,15.4,21.28,9.8,11.49,25.96,154.47,22.38,8.12,18.08,17.54,41.88,32.73,829.05,50.07,42.11,45.08,42.42,82.84,89.27,64.59
2025-04-22,29.6,24.37,15.16,23.72,11.37,12.95,51.71,30.02,31.11,25.76,13.52,19.96,14.53,19.95,9.23,11.07,23.97,147.75,20.82,7.55,16.47,16.45,40.62,29.63,723.09,51.76,41.73,43.5,41.45,65.7,84.55,59.48
2025-04-23,29.7,24.29,15.1,21.36,11.52,13.3,55.37,29.75,32.16,26.44,13.52,20.03,14.8,20.17,9.41,11.26,23.7,147.51,20.82,7.53,16.44,16.58,40.62,29.22,731.96,53.57,40.6,44.5,41.12,68.5,84.93,59.48
2025-04-25,30.27,24.85,15.33,17.38,11.35,13.3,54.29,29.69,32.93,27.97,13.53,20.12,14.65,19.98,9.82,11.18,23.9,150.87,21.06,7.5,17.01,17.03,41.5,32.16,746.81,52.89,49.09,43.83,41.29,68.5,84.93,58.66
2025-04-28,30.27,25.06,14.9,16.71,11.55,13.18,57.99,28.85,31.86,25.89,13.35,19.94,14.45,19.59,10.42,10.95,24.66,152.07,20.63,7.32,16.71,16.64,41.25,31.14,743.37,53.79,47.07,43.91,41.12,68.8,83.23,57.84
2025-05-06,30.27,25.83,15.06,18.06,12.94,14.05,60.75,30.27,34.0,26.97,13.86,20.34,16.43,20.48,10.95,11.64,31.05,156.63,20.44,7.66,16.6,17.16,41.63,30.98,770.18,55.15,47.2,45.5,42.34,74.3,85.5,60.7
2025-05-07,30.27,25.62,15.16,17.94,13.21,14.16,59.54,31.68,33.84,27.24,13.89,20.59,16.57,20.88,10.85,11.71,31.6,155.91,20.91,7.69,16.68,17.25,42.13,31.79,771.27,57.4,47.14,45.5,42.18,73.88,87.57,61.73
2025-05-08,30.18,25.62,15.26,17.94,13.42,14.21,62.36,32.11,33.91,27.46,14.01,20.86,16.96,21.26,10.93,11.88,30.81,155.43,21.06,7.82,16.71,17.41,42.26,32.24,786.3,55.48,47.2,48.08,44.44,75.07,87.2,62.54
2025-05-09,30.08,25.83,15.33,17.78,13.33,14.16,63.26,33.05,33.5,26.93,13.91,20.75,16.93,20.97,10.76,11.76,33.61,158.32,20.87,7.71,16.63,17.32,42.26,31.1,784.67,54.92,49.65,46.08,43.39,74.66,85.87,61.32
2025-05-12,30.08,26.43,15.36,17.89,13.43,14.22,63.65,35.09,34.03,27.85,13.93,21.63,16.92,21.15,10.69,11.85,33.15,157.36,21.43,7.69,16.65,17.51,42.01,33.95,801.7,54.58,47.77,46.58,42.99,76.15,85.87,62.13
2025-05-13,30.18,26.22,15.26,17.94,13.3,14.1,62.43,34.95,34.82,29.34,13.87,24.65,16.85,21.08,10.54,11.9,32.57,156.63,21.25,7.66,16.57,17.51,42.13,33.5,805.5,53.45,50.28,46.25,42.91,79.55,85.87,62.13
2025-05-14,30.47,26.22,15.3,17.94,13.39,13.9,62.08,36.57,34.54,28.06,13.84,23.39,16.54,21.08,10.49,11.76,31.75,156.63,21.1,7.66,16.52,17.45,42.01,34.73,839.01,53.34,51.79,46.16,42.99,80.03,85.87,62.34
2025-05-15,30.37,26.05,15.16,17.61,13.4,13.9,64.22,36.18,34.44,28.6,13.83,22.4,16.67,21.08,10.56,11.68,31.03,155.91,20.87,7.64,16.25,17.41,41.88,33.06,830.86,53.23,49.9,45.33,42.58,76.86,84.36,61.32
2025-06-24,30.43,25.22,15.22,18.22,15.37,14.95,65.11,39.29,34.97,23.42,14.61,21.5,17.46,22.19,12.24,12.35,29.3,155.64,20.3,7.75,15.57,19.02,42.89,33.26,822.15,51.08,43.81,47.5,45.98,88.21,84.06,72.35
2025-06-25,30.93,25.36,15.28,18.11,15.33,14.96,66.11,39.33,36.05,23.56,14.69,21.72,17.58,22.25,12.41,12.34,29.38,158.1,20.4,7.78,15.71,18.38,43.15,33.5,840.83,51.54,44.06,47.66,45.82,88.27,85.2,72.56
2025-06-26,30.83,25.09,15.25,18.28,15.21,14.85,65.01,39.15,35.96,23.42,14.55,22.0,17.55,22.07,12.4,12.33,29.88,158.34,20.25,7.78,15.63,18.83,43.15,33.14,822.52,51.08,43.49,47.33,46.63,86.0,84.25,73.58
2025-06-27,30.73,25.0,15.42,18.22,14.94,15.0,64.85,39.17,36.13,23.24,14.62,22.08,17.66,22.2,12.57,12.39,29.95,157.61,20.25,7.8,15.65,18.22,42.89,32.97,823.25,52.91,43.74,48.33,46.14,86.6,84.63,71.13
2025-06-30,30.53,24.96,15.45,18.22,15.61,15.05,65.87,40.2,36.68,22.56,14.81,23.62,18.25,22.74,13.15,12.56,30.3,156.87,20.25,7.8,15.61,18.22,43.02,34.28,839.0,52.57,44.88,48.91,46.47,85.41,85.01,72.15
2025-07-01,30.73,25.31,15.45,18.28,15.67,15.05,66.76,40.26,37.51,23.21,14.8,22.75,18.34,24.17,13.51,12.56,30.28,157.85,20.16,7.8,15.6,18.12,43.02,34.07,831.68,52.34,47.54,49.33,47.68,85.94,84.82,70.92
2025-07-09,31.14,27.09,15.85,18.39,15.72,15.21,68.65,43.82,37.28,23.48,14.79,29.58,19.86,24.78,13.51,13.01,29.44,164.25,20.49,7.89,15.99,18.6,44.45,35.38,824.72,54.62,49.38,51.83,49.34,83.91,85.95,73.58
2025-07-10,31.44,27.22,15.98,18.45,15.46,15.3,67.55,45.45,37.55,23.4,14.82,29.34,19.5,24.3,13.59,13.28,29.47,164.25,20.73,7.96,16.01,18.67,44.84,35.01,825.63,54.85,49.82,51.66,49.34,83.61,86.9,76.65
2025-07-11,31.44,26.91,15.85,18.39,15.46,15.37,67.12,44.85,37.67,23.39,14.89,28.15,19.24,24.15,13.45,13.03,29.51,163.51,20.68,7.91,16.03,18.67,44.71,35.01,824.9,54.74,48.75,51.58,49.59,83.37,86.9,74.19
2025-07-14,31.54,27.22,16.01,18.11,15.63,15.53,66.22,44.69,37.53,22.88,14.87,28.51,19.67,24.75,14.13,13.13,30.37,166.21,20.58,7.85,16.15,18.6,45.35,35.54,828.38,54.62,51.41,52.0,49.51,81.34,86.52,73.38
2025-07-15,31.24,27.0,15.85,17.5,15.35,15.52,63.71,45.47,36.61,21.89,14.77,27.68,19.15,24.76,13.81,12.93,29.57,162.77,20.35,7.62,15.76,18.12,44.45,34.52,815.19,53.59,48.81,51.75,48.53,82.0,85.2,71.94
2025-07-16,31.14,26.82,15.88,17.61,15.66,15.45,63.99,45.06,37.47,22.16,14.74,28.51,19.66,24.54,13.69,12.98,29.82,161.29,20.44,7.69,15.72,18.25,44.45,34.28,807.87,53.71,49.06,51.16,48.61,82.0,85.2,71.54
2025-07-17,31.14,26.78,15.82,17.55,15.91,15.42,63.54,47.02,37.58,24.52,14.88,28.34,19.64,26.18,13.76,13.05,30.37,161.05,20.49,7.71,15.74,18.15,44.07,34.4,824.17,53.71,49.06,51.83,48.69,81.82,85.2,72.15
2025-07-18,31.24,26.82,15.78,17.55,15.98,15.57,63.83,47.44,37.61,23.89,15.35,28.65,20.08,26.4,13.76,14.35,30.28,162.77,20.58,7.71,15.99,18.35,44.2,34.52,835.16,53.59,49.19,52.08,51.13,81.82,85.39,72.56
2025-07-22,32.25,27.18,16.25,17.72,16.32,16.09,65.3,47.46,37.95,22.75,15.44,30.91,20.33,24.81,15.14,15.04,30.0,165.97,21.06,7.96,16.38,18.99,45.48,38.52,852.19,66.62,50.77,53.08,51.37,83.79,91.05,73.38
2025-07-23,31.95,27.05,16.25,17.66,16.16,15.97,64.22,48.31,37.97,22.87,15.17,30.31,20.38,24.78,14.53,14.72,30.04,164.98,20.87,7.91,16.19,18.8,44.97,36.36,844.31,75.53,49.25,51.66,50.64,87.97,89.54,72.76
2025-07-24,32.15,27.09,16.38,17.83,16.48,16.09,65.95,48.41,38.5,22.47,15.43,30.56,20.34,24.85,14.57,14.89,30.47,166.21,21.15,8.01,16.84,19.02,45.22,36.56,870.69,70.96,49.82,51.41,51.78,85.47,90.68,73.99
2025-07-25,31.84,27.0,16.15,17.61,17.25,16.15,65.76,48.24,38.85,22.81,15.48,29.14,20.84,24.63,14.52,14.83,30.98,164.49,21.01,7.98,16.69,18.86,45.09,35.58,862.63,73.02,48.75,51.41,51.45,86.48,89.73,72.35
