date,sh600130_daily,sh600171_daily,sh600183_daily,sh600570_daily,sh600703_daily,sh600745_daily,sh688002_daily,sh688007_daily,sh688008_daily,sh688018_daily,sh688020_daily,sh688079_daily,sh688103_daily,sh688112_daily,sh688115_daily,sh688127_daily,sh688138_daily,sh688150_daily,sh688156_daily,sh688208_daily,sh688665_daily,sh688668_daily,sh688678_daily,sh688800_daily,sz000016_daily,sz000020_daily,sz000021_daily,sz000032_daily,sz000049_daily,sz000050_daily,sz000058_daily,sz000062_daily,sz000100_daily,sz000725_daily,sz300007_daily,sz300032_daily,sz300053_daily,sz300076_daily,sz300083_daily,sz300088_daily,sz300102_daily,sz300115_daily,sz300120_daily,sz300128_daily
2023-04-21,24.51,58.32,225.81,2190.42,417.02,138.85,46.74,24.69,72.99,122.02,55.39,11.06,68.19,95.14,35.99,17.24,23.34,23.01,31.47,27.75,82.03,70.87,19.86,78.33,118.54,23.1,329.15,149.13,328.3,85.59,28.49,99.61,14.02,21.74,72.41,24.63,63.06,41.63,67.59,114.15,34.35,151.6,25.77,37.75
2023-04-24,24.76,53.97,219.85,2113.79,421.48,133.09,46.06,23.9,70.09,120.93,55.86,10.91,67.74,93.73,35.33,17.38,23.42,23.17,33.68,27.56,82.02,69.9,19.44,74.56,117.56,22.52,321.4,139.71,323.19,84.74,28.44,100.21,13.62,21.32,70.54,24.75,63.57,41.05,67.34,113.28,34.02,153.19,26.35,37.05
2023-04-25,24.09,52.01,219.85,2080.81,385.82,126.38,45.57,23.78,69.63,117.35,53.1,10.57,64.41,93.25,33.69,16.66,22.99,22.98,33.81,26.51,79.93,71.88,18.66,72.91,114.88,22.14,305.75,138.75,306.45,83.81,27.84,98.1,13.39,21.01,58.65,25.01,65.88,39.97,57.63,106.45,33.58,148.41,25.46,36.06
2023-04-28,24.58,52.85,203.38,2201.12,377.33,125.09,51.99,22.58,61.68,119.72,54.08,10.11,64.83,87.99,34.41,16.87,22.99,21.65,34.44,29.63,84.7,63.32,20.0,76.54,115.61,23.37,287.36,132.22,304.55,83.56,28.82,94.76,13.29,21.01,61.9,25.47,58.13,41.05,55.57,107.5,34.35,140.07,25.05,36.66
2023-05-08,24.82,52.91,195.14,2087.94,373.09,123.86,52.38,21.67,60.17,135.92,50.56,9.74,57.36,83.57,32.17,16.23,22.32,21.22,34.65,31.48,82.33,55.54,16.54,71.6,115.37,23.99,269.61,143.18,292.1,77.29,29.66,93.21,13.05,20.9,62.07,25.89,61.67,42.21,54.91,106.63,33.91,145.84,24.68,35.96
2023-05-09,24.33,53.13,194.13,2069.23,373.09,124.88,50.76,21.12,58.61,133.35,49.72,10.02,54.95,80.94,31.55,16.17,21.96,20.91,33.28,29.73,80.74,55.37,16.28,69.44,116.59,23.8,270.1,141.43,286.91,77.29,29.61,92.67,13.12,21.17,61.23,25.51,62.24,41.38,53.34,106.98,33.42,165.71,23.93,34.96
2023-05-10,24.45,52.74,191.85,2060.76,378.18,125.19,50.02,21.1,57.22,131.47,50.58,10.09,53.65,83.07,31.91,16.97,21.5,20.43,33.42,32.22,83.57,55.82,16.59,72.93,117.81,23.58,262.03,142.43,294.0,77.12,29.66,93.06,13.27,20.85,61.61,25.43,64.75,40.88,53.67,108.03,33.58,172.08,24.1,34.96
2023-05-11,24.58,52.71,189.57,2018.43,387.52,127.78,48.99,21.64,56.51,135.31,50.61,10.15,55.02,81.27,32.07,17.42,21.49,20.47,34.48,32.14,81.45,55.22,16.88,71.01,116.83,23.82,288.17,136.07,300.02,77.46,29.84,92.67,13.34,20.85,61.9,26.23,68.24,41.71,54.91,107.68,33.8,171.1,24.34,34.76
2023-05-12,24.27,52.09,187.54,2000.17,381.37,127.81,49.0,21.86,54.42,132.53,48.41,10.25,55.06,81.01,31.83,16.44,21.26,20.09,33.67,31.43,80.51,53.39,16.49,70.65,117.81,23.63,280.91,132.43,295.15,76.61,29.66,91.05,13.23,20.49,61.03,25.39,68.75,40.96,53.43,106.63,33.48,162.52,24.2,34.56
2023-05-15,24.39,52.37,187.79,1966.75,385.4,129.21,51.19,21.43,54.85,135.3,49.97,10.56,56.09,82.1,32.32,16.9,21.67,20.95,35.36,33.02,81.94,55.0,16.7,76.52,116.34,23.73,278.81,133.77,306.45,76.95,29.75,91.12,13.27,20.8,61.82,24.96,67.01,40.38,53.92,107.5,33.96,165.09,24.1,34.76
2023-05-17,24.45,51.95,187.67,1896.35,392.19,130.83,49.97,20.77,55.86,128.11,50.18,11.71,57.92,87.82,33.07,18.04,21.89,21.78,35.91,32.1,82.73,55.16,17.28,73.93,114.88,23.99,317.21,128.66,304.06,77.63,29.75,91.35,13.27,20.49,62.11,24.54,70.86,40.88,54.09,107.5,33.96,166.81,26.01,35.56
2023-05-18,25.18,51.64,190.2,1919.07,389.64,127.47,48.57,20.95,58.75,128.62,50.64,11.57,58.61,87.52,33.51,17.91,22.26,22.49,35.84,31.36,82.81,56.99,17.34,73.11,115.85,24.71,313.66,131.59,302.99,78.3,30.03,92.13,13.31,20.54,64.8,25.77,68.24,42.21,54.91,108.2,34.51,170.61,26.01,38.65
2023-05-19,25.12,52.77,191.34,1906.15,395.59,128.57,49.91,21.06,59.72,138.86,51.1,11.61,60.24,91.29,34.49,18.14,22.79,22.67,34.68,31.41,82.92,57.02,17.61,73.2,118.05,25.41,320.76,132.18,305.71,79.41,29.66,93.29,13.41,20.7,66.61,25.98,69.22,42.71,55.24,110.3,35.27,168.77,25.97,43.53
2023-05-23,25.0,51.64,191.09,1893.67,383.07,124.0,50.25,21.11,58.44,132.53,50.75,11.11,62.29,86.69,35.09,17.91,22.12,22.5,35.71,30.73,92.1,57.09,19.35,75.49,116.34,25.44,296.88,127.62,305.71,78.64,29.7,91.59,13.38,20.49,68.21,25.34,63.31,42.55,55.4,108.03,34.89,159.94,25.09,41.74
2023-05-24,25.12,51.67,190.96,1874.07,388.58,122.76,50.29,21.21,58.75,131.17,52.42,11.28,64.1,87.82,36.28,17.92,22.78,22.95,35.47,30.45,89.97,58.38,19.76,76.21,114.64,25.6,295.27,125.15,305.87,78.47,29.56,91.28,12.94,19.6,69.97,25.6,65.16,42.46,55.81,107.85,34.89,159.2,25.56,42.33
2023-05-25,25.06,51.64,190.83,1852.68,390.28,124.21,50.12,21.47,60.87,132.69,51.83,11.03,62.49,87.19,36.54,17.78,22.62,23.16,35.41,30.18,90.57,59.16,19.76,77.64,114.15,25.77,309.14,121.89,307.27,78.81,29.0,91.66,12.76,19.91,68.42,26.23,67.27,42.8,58.7,108.2,34.83,155.77,25.53,42.23
2023-05-26,25.24,52.4,191.88,1877.19,396.44,124.48,49.23,21.71,61.93,135.32,51.34,11.16,62.31,85.72,36.79,18.03,23.22,23.47,34.84,30.41,90.55,58.6,19.74,75.86,117.56,26.16,333.99,123.18,304.8,79.32,29.28,92.59,12.87,20.17,75.57,26.23,66.85,43.38,57.38,108.2,35.0,158.96,25.77,42.23
2023-06-28,25.12,50.6,181.69,1984.11,358.66,115.93,44.28,20.27,56.09,136.42,48.6,10.6,62.14,79.96,38.36,16.96,21.11,22.13,29.79,30.45,91.38,95.58,21.16,84.43,113.42,25.63,302.53,139.24,286.8,76.61,28.82,86.09,14.04,21.23,87.89,25.73,75.53,41.21,58.7,103.16,34.89,139.09,24.99,40.84
2023-06-29,25.78,51.39,181.04,2024.32,362.69,115.43,44.77,20.37,56.39,134.1,48.69,10.89,60.17,80.48,38.75,17.65,21.13,22.39,29.32,30.47,96.29,100.15,21.68,86.73,114.64,26.52,321.89,138.24,287.22,76.86,28.77,87.18,14.07,21.02,89.07,26.49,72.5,42.05,59.68,105.65,35.27,144.61,26.01,41.44
2023-06-30,26.27,51.82,185.48,1979.19,365.87,116.36,45.15,21.08,58.16,133.07,50.82,11.33,60.58,80.33,39.6,17.85,21.46,22.58,29.39,30.88,95.47,101.85,22.19,87.89,115.12,27.84,322.53,137.99,296.29,77.8,28.91,88.34,14.4,21.71,88.94,26.74,69.83,42.46,60.18,107.25,35.76,146.08,26.25,41.54
2023-07-03,26.15,51.85,187.83,1987.23,368.85,116.72,46.38,21.12,60.64,132.9,50.77,11.04,60.42,80.03,37.67,17.24,21.83,22.23,27.65,31.74,94.59,97.45,23.91,86.41,115.61,27.6,315.43,138.95,298.89,78.39,29.33,88.96,14.55,22.08,85.83,26.44,69.68,42.3,59.11,107.43,36.36,147.18,26.25,41.04
2023-07-04,26.33,53.12,192.79,1972.93,378.18,121.26,48.15,21.9,63.51,141.45,51.85,11.45,59.96,82.16,37.72,17.77,22.35,23.05,27.77,33.35,96.36,97.89,25.72,85.7,115.12,30.37,320.92,145.37,300.15,79.32,29.19,88.88,14.66,22.08,87.09,26.83,69.98,42.13,59.44,109.03,37.93,149.27,26.55,41.24
2023-07-05,26.02,52.44,199.72,1921.54,371.37,118.19,48.76,21.83,63.49,138.41,50.74,11.43,58.69,83.25,36.54,17.63,22.02,22.64,27.89,34.15,96.4,94.34,25.78,81.46,114.15,28.76,319.47,146.54,297.63,79.41,28.91,87.95,14.58,21.97,83.94,26.4,70.34,41.55,58.28,111.35,38.8,145.71,26.08,49.51
2023-07-06,26.15,52.1,202.59,1892.5,373.92,117.6,49.71,21.73,64.54,136.33,51.71,11.49,57.74,81.79,37.19,17.81,22.3,22.47,27.66,34.24,96.88,100.44,25.64,82.12,115.61,31.64,329.95,142.1,295.7,80.34,29.1,88.42,14.99,22.4,84.31,26.87,69.27,41.8,58.61,114.9,37.33,145.34,26.48,54.39
2023-07-07,25.84,51.34,195.93,1857.64,363.92,115.53,49.9,21.62,64.52,133.36,49.36,11.14,62.81,78.66,36.76,17.46,21.83,22.01,27.29,32.63,92.73,107.31,25.15,82.0,116.1,34.82,318.02,135.76,293.43,79.74,29.24,87.56,15.21,22.93,80.91,26.49,70.4,40.8,57.05,112.23,36.85,141.3,26.28,53.59
2023-07-10,25.9,51.39,193.45,1805.8,363.92,116.79,49.78,21.66,61.78,136.64,48.52,10.85,62.82,77.26,35.71,17.21,21.56,21.78,26.96,32.34,90.3,103.1,24.34,82.93,115.37,38.31,311.08,137.06,295.87,79.32,29.43,87.64,15.28,22.34,78.85,26.15,75.01,40.63,56.47,110.99,36.52,138.23,25.63,53.99
2023-07-11,26.75,52.27,197.36,1663.25,365.19,120.76,49.69,22.24,62.77,141.94,50.11,10.99,68.12,77.62,36.52,17.6,22.03,22.04,27.1,33.42,90.36,100.06,24.44,84.29,116.1,34.58,337.05,130.77,300.4,79.91,29.43,88.57,15.35,22.61,79.86,26.4,75.12,40.96,57.79,111.7,36.85,139.7,26.0,52.79
2023-07-12,25.96,51.11,195.01,1629.74,359.02,110.84,48.92,21.86,59.84,138.03,48.42,10.79,67.05,75.05,35.58,17.15,21.43,21.1,26.76,32.69,88.45,91.64,24.08,83.65,114.64,33.16,329.63,125.11,298.47,78.81,28.96,88.03,15.32,22.61,77.92,25.81,71.93,39.97,56.47,110.28,36.25,136.02,25.56,58.87
2023-07-13,25.78,52.7,200.63,1638.23,364.13,111.65,49.29,21.92,62.27,139.71,48.63,11.07,69.08,76.1,36.09,17.4,22.14,21.47,28.04,31.98,89.4,95.68,24.12,81.37,116.34,31.5,354.96,126.7,299.48,80.0,29.33,90.74,15.53,22.72,78.34,26.23,74.91,41.05,56.8,112.06,36.85,138.23,25.94,57.77
2023-07-14,25.96,52.36,203.5,1684.7,364.34,110.29,48.38,21.51,62.79,140.94,47.41,11.51,70.16,75.17,36.26,17.45,21.93,21.92,27.59,31.9,88.81,96.65,24.03,78.29,115.85,31.84,353.19,136.27,294.69,81.69,29.43,90.27,16.38,23.19,78.55,26.02,74.91,42.88,56.39,112.41,37.33,139.7,26.62,56.08
2023-07-17,25.78,50.03,210.69,1712.41,363.7,110.89,48.52,21.58,61.89,141.02,46.93,11.62,67.83,73.39,36.03,17.7,21.76,21.3,28.5,31.34,89.51,97.06,23.81,75.76,111.95,32.01,353.19,137.36,285.62,77.8,30.22,89.5,16.34,23.19,77.21,27.12,74.5,42.63,56.14,111.52,37.66,139.83,27.13,54.88
2023-07-18,25.48,50.51,210.95,1686.94,363.92,111.29,48.6,21.77,60.94,140.53,47.62,11.64,66.94,72.78,35.31,17.5,21.66,20.93,28.23,30.93,88.94,93.73,23.93,76.2,112.2,32.78,344.48,132.83,288.9,78.47,30.55,90.35,16.16,22.98,77.63,28.77,71.83,42.96,56.72,110.81,37.55,137.49,27.48,55.48
2023-07-19,25.3,50.03,208.21,1686.49,359.45,111.86,47.98,21.39,59.95,140.44,46.21,11.37,64.98,72.95,34.28,18.17,21.52,20.58,28.54,30.62,86.43,91.24,23.25,74.68,111.95,31.67,341.41,132.66,287.97,77.88,30.74,89.73,16.08,22.82,75.82,30.51,70.96,42.8,56.31,110.1,37.71,135.53,28.81,56.18
2023-07-20,24.82,49.26,201.8,1643.59,355.4,109.79,46.66,21.01,58.49,134.03,45.48,10.92,62.73,74.03,34.32,17.42,20.75,19.82,29.0,30.16,86.38,86.41,22.84,73.4,110.98,30.87,319.47,128.76,284.45,76.78,30.5,88.34,15.79,22.45,73.59,28.86,67.73,41.88,55.65,108.14,38.48,131.98,27.58,55.18
2023-07-21,24.94,49.23,203.5,1628.84,351.36,106.01,46.69,21.11,58.34,130.82,45.19,10.61,61.94,71.4,34.06,16.91,20.49,19.39,28.91,29.83,84.84,84.42,22.49,72.05,111.71,28.66,314.63,127.21,283.52,76.61,30.83,88.42,15.57,22.34,71.32,31.73,66.14,41.38,55.24,108.14,37.77,129.03,27.92,52.79
2023-07-24,25.24,49.21,206.77,1637.33,349.23,105.11,46.13,20.81,59.34,129.01,45.1,10.49,61.9,71.78,33.66,16.5,20.25,19.27,29.94,29.55,85.55,83.47,22.24,71.64,111.71,29.0,314.63,128.26,279.24,78.39,30.88,89.27,15.57,22.18,71.07,30.72,65.06,41.8,54.33,109.03,37.28,129.65,27.41,51.0
2023-07-25,25.48,49.97,215.52,1715.54,356.47,107.94,47.38,21.54,60.04,128.66,46.93,10.75,63.61,74.36,34.34,16.55,20.69,19.27,28.7,30.36,87.29,82.09,22.46,73.99,113.17,29.09,317.69,128.21,289.99,78.73,31.34,90.89,15.57,22.4,72.24,29.19,65.93,42.63,55.9,110.63,38.04,132.83,27.03,48.71
2023-08-10,25.18,49.15,205.98,1826.36,355.62,112.62,49.95,21.56,57.6,115.84,47.14,10.32,64.07,71.87,32.98,16.11,19.58,18.39,26.31,28.89,82.38,75.95,22.33,68.48,113.42,28.78,293.33,121.29,289.06,78.9,31.11,91.12,14.88,21.65,69.6,27.38,57.72,42.88,55.32,107.97,35.92,129.65,24.87,46.42
2023-08-11,24.7,48.16,198.8,1761.56,354.13,110.41,49.84,21.12,55.54,116.09,46.38,10.01,63.4,71.84,32.68,15.8,19.08,17.82,26.35,28.02,80.17,73.91,22.03,67.32,111.46,28.47,285.53,118.48,282.6,77.8,30.83,88.96,14.26,21.02,68.17,27.08,57.21,41.55,53.92,106.01,34.78,125.84,24.43,45.02
2023-08-14,25.0,47.79,198.54,1745.03,359.02,108.15,49.41,20.88,54.05,115.5,45.76,9.96,62.48,69.52,32.8,15.66,19.17,17.86,28.01,28.65,78.54,73.63,19.95,65.93,109.51,28.66,285.21,128.21,270.67,77.71,30.92,88.96,14.58,21.18,68.12,27.42,57.77,41.38,53.59,106.54,35.49,125.97,23.98,45.92
2023-08-15,24.64,46.88,196.58,1739.67,360.51,106.99,48.44,20.53,52.08,112.67,44.74,9.83,61.86,68.09,30.1,15.43,18.78,17.32,28.28,27.8,77.1,71.71,19.82,63.78,108.78,28.37,281.64,122.47,267.9,77.54,31.11,88.49,14.73,21.12,67.45,27.12,56.75,40.8,52.36,105.83,35.0,124.37,23.85,44.33
2023-08-16,24.33,45.91,192.4,1707.49,357.74,104.99,47.11,20.39,49.64,111.73,44.98,9.58,59.99,67.44,29.95,15.02,18.35,16.85,27.21,27.34,76.96,63.84,19.41,62.11,107.81,27.87,274.0,119.53,266.56,76.95,31.34,87.87,14.51,20.86,66.02,27.29,55.31,40.13,51.62,105.3,34.35,121.3,23.3,43.33
2023-08-17,24.76,46.57,193.97,1698.11,353.49,106.1,47.75,20.58,49.7,114.72,45.0,9.73,60.49,68.08,31.24,15.13,18.63,17.17,27.99,27.54,77.51,61.23,19.6,63.61,109.03,28.59,274.65,123.31,268.49,75.42,31.67,88.96,14.44,20.91,68.54,27.25,56.75,40.96,52.77,105.83,34.67,122.78,24.02,43.63
2023-08-18,24.27,45.74,188.74,1663.7,352.42,102.89,48.11,22.23,49.51,113.8,44.72,9.64,60.5,67.88,31.48,14.97,18.66,17.15,28.69,27.51,77.21,59.59,19.26,63.55,106.83,28.03,271.73,120.83,263.2,73.73,30.59,86.95,14.11,20.49,66.27,26.15,55.26,40.13,51.78,104.59,34.24,119.22,23.64,43.13
2023-08-21,24.21,45.09,186.52,1644.04,352.85,102.44,46.94,22.4,48.67,113.06,44.4,9.53,58.63,69.95,31.37,14.89,18.32,16.69,29.71,26.94,75.4,59.7,18.93,61.86,105.61,27.87,269.78,124.57,259.67,71.69,30.22,86.02,14.04,20.22,65.6,26.28,55.41,40.22,50.22,104.23,34.18,118.36,23.57,43.93
2023-08-22,24.64,44.32,192.92,1640.46,358.6,102.92,47.87,22.18,50.06,114.99,44.59,9.59,58.65,69.31,32.38,14.97,18.54,16.83,29.64,27.33,73.26,60.09,18.99,61.46,105.61,27.77,274.65,134.21,254.97,71.86,30.41,86.56,14.47,20.7,66.06,26.87,57.0,40.55,50.46,104.76,34.67,119.46,23.67,44.03
2023-08-23,24.21,42.59,186.52,1568.96,353.7,101.08,46.77,21.35,49.31,111.03,43.73,9.37,56.54,67.61,32.73,14.4,17.91,16.12,29.06,26.2,71.92,58.16,18.51,58.94,103.17,27.34,265.56,129.77,246.57,70.34,29.99,85.4,13.93,20.27,65.35,25.89,55.0,39.88,49.23,102.81,34.24,115.91,23.3,41.84
2023-08-24,24.15,43.33,185.48,1577.9,353.91,99.94,47.05,21.73,50.61,112.75,42.89,9.38,56.46,71.52,32.03,14.44,18.25,16.31,29.63,26.47,71.15,57.6,18.52,59.82,103.17,27.58,276.28,116.81,250.01,70.17,29.94,84.7,14.07,20.27,64.8,26.23,55.82,39.63,49.23,102.45,34.18,116.03,23.5,42.73
2023-08-25,23.13,41.77,183.78,1526.51,319.44,97.8,47.28,20.89,48.89,110.38,41.3,9.14,55.03,66.97,31.14,14.11,17.95,15.82,28.66,25.76,70.03,56.13,18.13,58.15,100.98,26.76,262.31,105.15,245.23,69.32,29.61,82.38,13.93,20.01,64.68,26.49,53.67,38.3,47.75,99.43,33.48,112.11,23.16,40.94
2023-08-28,23.55,42.82,185.61,1585.05,324.55,106.56,48.98,21.18,49.64,111.01,40.14,9.21,53.71,66.77,30.96,13.96,17.65,15.67,28.91,28.55,69.62,52.89,18.12,57.43,102.44,27.05,264.58,104.22,248.08,69.41,30.69,84.39,13.89,20.27,70.14,27.84,54.03,38.88,48.41,100.32,33.69,114.19,23.19,40.84
2023-08-29,24.51,44.1,190.44,1594.43,329.87,108.51,52.51,22.61,51.73,115.52,44.75,9.84,58.44,72.45,33.0,15.98,18.75,16.72,29.37,30.45,78.95,55.52,19.7,60.53,105.37,28.52,278.22,113.45,255.64,70.85,32.51,85.71,14.4,20.59,72.03,28.86,57.36,41.88,50.46,103.52,34.78,119.34,24.05,42.93
2023-08-30,24.94,44.81,194.75,1607.84,332.63,110.1,53.12,23.28,52.41,121.56,46.84,10.51,59.57,75.14,34.06,16.89,19.56,17.35,30.19,30.7,82.75,56.91,20.61,62.07,105.61,28.93,291.06,115.0,261.27,71.69,31.48,86.33,14.84,21.12,69.89,27.71,58.29,43.13,50.79,104.76,35.21,121.18,24.5,42.93
2023-08-31,24.94,45.03,193.58,1608.73,334.34,109.89,51.62,23.03,52.17,120.96,46.78,10.64,58.64,76.07,33.7,17.25,19.91,18.13,30.13,30.26,82.65,57.24,21.13,59.24,104.88,28.9,290.08,115.17,259.33,72.88,30.78,85.32,14.99,21.28,69.93,26.74,58.18,43.46,50.38,104.59,35.32,124.86,24.29,43.13
2023-09-01,24.76,44.72,193.05,1616.33,333.06,108.91,50.77,23.33,52.3,119.3,45.1,10.47,57.91,74.49,32.95,17.23,20.31,17.39,29.3,29.85,83.58,56.3,20.7,58.76,105.61,28.78,291.71,111.69,262.44,73.81,30.5,88.03,15.1,21.23,68.8,26.36,58.44,44.13,50.22,104.59,35.43,122.65,24.19,43.03
2023-09-04,25.0,45.46,199.85,1619.01,338.17,111.29,51.06,23.14,52.56,118.39,45.51,10.31,56.6,74.35,32.8,16.93,20.12,17.42,29.32,30.06,81.94,55.53,20.22,58.28,107.32,29.26,299.99,115.25,267.48,75.68,30.36,89.88,15.39,21.6,69.76,26.66,59.31,43.8,51.78,106.54,35.87,126.33,24.7,44.62
2023-09-05,26.33,45.57,201.41,1583.71,336.25,110.44,50.59,23.49,52.56,117.78,46.03,10.36,57.56,74.03,32.68,16.97,20.55,17.82,29.36,30.05,81.37,54.85,20.32,58.45,106.83,29.24,299.01,113.53,268.15,76.61,29.99,94.29,15.5,21.65,69.17,28.18,59.42,43.96,52.27,107.79,35.98,126.95,24.91,48.01
2023-09-06,26.75,46.51,203.76,1569.86,340.29,111.1,50.68,24.37,54.77,119.16,48.91,10.67,60.83,76.66,33.17,17.24,22.77,18.33,29.22,30.27,81.41,55.27,20.29,60.22,108.78,29.55,302.26,113.49,268.57,78.22,32.98,93.37,15.13,21.55,70.39,28.77,63.42,44.54,52.52,110.99,37.44,127.68,25.97,46.32
2023-09-07,26.15,45.29,200.11,1529.64,332.42,107.96,49.7,23.88,52.44,117.0,47.58,10.45,59.46,74.97,32.3,16.97,23.06,17.66,29.02,29.65,79.9,52.79,19.73,58.41,105.61,28.9,296.09,111.94,262.61,77.63,32.14,89.81,14.77,21.02,68.8,28.56,61.72,44.13,51.2,107.97,37.28,124.49,25.28,43.83
2023-09-08,26.69,45.88,200.63,1518.47,333.48,108.13,50.93,23.93,52.59,118.68,47.59,10.79,60.95,75.66,32.72,17.45,23.8,17.97,29.19,29.95,79.86,53.06,19.79,57.27,106.83,29.31,296.58,109.47,263.45,77.97,33.26,90.81,14.77,21.07,71.45,29.03,70.91,44.29,52.03,109.57,37.93,125.97,25.56,44.33
2023-09-18,25.84,44.92,198.28,1460.37,334.76,105.7,48.07,24.74,51.91,109.25,45.66,10.42,58.29,71.53,32.8,16.02,22.01,16.72,28.48,29.5,80.1,50.87,19.28,56.24,106.1,28.68,286.02,98.35,261.77,78.56,38.73,86.17,14.55,20.38,67.79,26.23,63.62,43.13,51.04,106.9,36.68,121.06,25.11,42.53
2023-09-19,25.54,44.32,198.02,1431.77,333.7,104.53,47.43,24.57,51.76,109.43,44.62,10.1,57.04,70.27,31.66,15.86,21.66,16.34,28.08,28.73,76.99,50.2,19.26,55.69,105.12,27.89,286.83,94.79,257.99,77.37,34.85,85.71,14.58,20.22,66.32,25.77,62.03,42.63,50.22,104.94,36.46,118.24,24.43,41.44
2023-09-20,25.42,43.67,199.19,1432.67,330.08,103.23,47.28,24.18,51.67,107.63,44.02,9.81,54.63,69.43,32.85,15.72,21.24,16.11,27.5,28.43,75.79,49.51,18.58,54.52,103.9,27.75,284.72,91.56,255.05,77.37,32.79,86.25,14.47,20.11,66.4,25.64,61.16,42.46,49.64,103.7,35.87,117.26,24.39,40.74
2023-09-21,25.72,44.04,199.19,1436.69,326.46,103.04,47.39,24.37,50.61,105.64,43.23,9.92,53.91,69.39,32.53,16.86,21.02,15.97,27.78,28.0,74.64,49.21,18.69,53.81,104.15,27.7,284.72,90.05,252.95,77.2,32.93,88.34,14.37,20.01,66.48,25.13,61.26,42.88,49.31,104.23,35.98,116.89,24.5,41.14
2023-09-22,26.08,44.78,200.11,1466.63,330.93,106.37,48.55,24.76,52.2,107.87,45.11,10.62,54.61,71.32,32.69,18.08,21.42,16.43,27.8,28.7,76.64,52.91,19.5,55.49,105.61,28.59,291.54,94.24,259.5,78.13,33.17,88.49,14.73,20.65,70.9,25.6,62.03,43.38,51.04,107.25,36.74,123.02,25.11,41.84
2023-09-25,25.84,43.95,199.06,1449.2,326.89,103.58,47.11,25.84,50.91,104.26,43.63,10.28,53.93,73.5,33.71,17.83,21.3,16.38,27.24,28.84,75.14,51.48,19.31,54.79,103.66,28.01,280.66,92.19,258.24,77.8,33.73,86.79,14.51,20.38,69.81,25.34,60.6,42.96,52.69,106.54,35.98,123.27,24.7,41.54
2023-09-26,25.54,43.53,195.14,1457.25,324.12,102.56,47.22,24.21,50.14,103.37,43.09,10.1,52.77,73.82,32.65,17.53,21.16,16.28,27.5,28.9,76.64,51.22,19.15,54.64,102.2,27.75,280.66,92.65,255.81,77.12,32.84,85.01,14.44,20.27,69.72,25.05,59.42,42.55,55.81,105.12,35.43,120.57,24.53,42.03
2023-09-27,25.12,43.67,193.58,1451.44,323.91,102.89,47.22,24.56,50.45,103.33,43.27,10.3,52.76,74.41,32.11,17.35,20.89,16.04,27.76,29.45,76.28,50.35,19.44,54.72,102.2,27.36,275.14,93.11,258.24,76.52,33.36,85.48,14.58,20.17,69.43,24.92,58.39,43.21,54.5,105.12,35.32,119.83,24.26,41.44
2023-10-20,27.17,42.7,210.16,1337.04,305.39,104.25,44.15,27.59,48.87,101.1,53.02,11.15,47.21,67.8,29.69,18.61,22.07,18.15,27.62,29.45,68.33,50.1,17.74,57.37,101.22,26.25,261.17,86.11,261.77,82.46,31.81,83.54,14.07,20.01,66.82,27.8,61.47,42.05,55.4,109.57,37.23,119.34,23.57,51.3
2023-10-23,28.08,41.34,211.6,1331.67,299.86,102.56,44.15,28.01,48.26,98.07,50.04,10.93,45.28,65.98,28.72,18.51,21.2,17.71,27.25,26.43,66.39,47.3,17.26,54.8,97.56,25.94,249.8,84.01,251.69,81.69,31.53,81.38,13.74,19.58,63.08,28.43,61.83,41.21,53.51,108.68,37.28,115.91,22.92,50.0
2023-10-24,30.92,42.36,215.65,1371.89,307.95,102.61,42.85,27.21,49.07,99.57,50.22,10.83,46.48,68.46,30.22,18.71,21.86,17.09,27.6,26.33,68.95,48.45,18.45,55.2,97.07,26.83,259.38,83.97,252.95,82.46,32.37,82.38,13.82,19.64,64.42,27.76,61.88,42.05,54.0,109.21,37.99,116.89,23.57,54.09
2023-10-25,31.1,42.79,215.52,1379.04,313.9,103.96,43.99,29.43,49.63,101.38,53.44,11.0,46.82,68.79,30.79,19.03,21.83,17.9,27.42,26.96,66.74,47.86,18.46,56.02,99.76,27.05,255.49,82.46,254.3,81.61,33.12,83.7,13.96,20.06,65.6,28.39,65.26,42.96,54.33,110.1,38.15,119.83,23.88,55.18
2023-10-26,31.28,42.79,212.52,1365.64,307.09,114.36,44.77,29.73,49.52,99.75,56.69,10.9,47.77,59.83,30.92,19.71,21.42,17.97,27.34,27.44,67.61,47.13,18.69,57.11,101.46,27.19,250.94,81.83,254.46,82.46,32.93,84.55,14.07,20.22,66.32,27.46,66.85,42.88,56.72,111.35,38.31,120.69,24.15,51.9
2023-10-27,29.77,43.44,223.75,1391.11,307.09,117.96,46.33,29.43,50.7,102.96,61.42,11.09,51.37,58.64,30.88,20.55,22.94,18.07,28.6,28.11,76.8,47.75,18.91,54.05,102.44,27.6,246.72,81.83,262.44,80.42,32.89,85.55,14.04,20.33,66.32,28.35,65.73,40.3,56.97,111.17,38.75,128.54,24.43,51.8
2023-10-30,29.77,44.98,233.02,1415.69,320.5,119.07,46.76,29.2,54.58,107.75,64.07,11.58,52.41,60.42,32.08,21.56,23.29,19.46,28.68,28.83,79.49,49.43,19.21,56.78,103.9,29.36,253.7,81.45,268.57,83.3,33.21,89.11,14.84,21.34,68.0,28.81,67.52,41.46,59.44,115.61,41.52,135.16,24.81,51.2
2023-10-31,31.04,44.72,229.76,1390.66,316.67,118.43,47.46,28.7,56.03,105.71,62.64,11.36,53.09,59.81,32.5,20.86,23.25,19.42,28.45,28.31,83.27,50.22,18.05,55.68,103.17,29.74,279.04,80.69,267.98,82.96,33.12,88.72,14.37,20.8,67.2,29.79,66.44,41.3,61.58,114.9,43.86,142.4,24.67,49.31
2023-11-01,30.49,44.78,227.54,1376.36,318.59,117.93,48.33,28.74,56.28,105.96,62.08,11.2,54.21,59.46,32.67,21.06,22.97,19.91,27.88,28.35,82.72,47.78,18.4,55.13,103.66,29.72,272.38,79.06,268.15,82.63,32.98,87.87,14.15,19.9,67.62,30.0,65.57,41.55,61.58,115.61,43.86,139.21,24.98,49.7
2023-11-02,30.92,44.32,224.4,1354.02,313.9,116.41,47.17,27.43,56.41,105.46,60.27,10.88,52.98,58.02,32.06,20.09,22.33,19.07,27.8,27.56,80.23,44.87,17.78,53.75,102.2,29.58,261.66,77.51,264.04,82.54,33.5,87.18,14.18,20.11,66.53,31.23,63.57,41.21,59.19,113.3,41.3,136.76,24.67,47.71
2023-11-03,33.99,45.69,228.19,1398.71,319.86,119.1,48.22,27.51,57.73,109.96,61.02,11.35,52.99,59.46,32.98,20.52,23.06,20.16,27.62,28.36,81.11,47.12,18.47,55.14,103.42,30.44,272.22,79.77,269.33,83.64,33.68,88.65,14.73,20.43,71.49,29.7,66.03,42.46,60.01,120.59,43.48,146.69,25.15,47.81
2023-11-06,34.05,46.42,231.85,1454.56,327.31,127.62,49.5,28.57,58.34,114.64,60.97,11.73,53.0,61.85,34.95,20.9,23.7,20.88,28.56,29.26,82.31,50.82,19.41,58.12,106.1,30.51,279.69,82.2,284.78,87.12,33.73,90.5,15.17,21.28,72.62,30.76,66.8,43.46,64.38,128.78,45.76,154.79,25.28,50.1
2023-11-07,33.87,46.45,231.46,1458.59,326.04,126.28,49.32,29.69,58.86,114.34,62.16,11.98,53.67,62.96,37.54,21.05,24.09,20.46,27.87,29.14,82.68,53.84,19.42,58.84,105.37,30.59,287.48,83.88,279.74,90.25,35.09,90.04,15.17,21.23,74.73,32.75,66.96,44.46,63.06,139.63,44.51,156.51,25.7,51.8
2023-11-08,34.05,46.08,230.15,1463.95,322.42,125.02,49.09,30.39,58.59,114.13,63.66,11.84,54.6,63.09,37.98,20.7,24.33,20.35,29.39,28.57,81.16,53.07,19.71,59.72,105.12,30.95,284.07,84.97,281.51,89.15,34.71,89.65,15.1,20.96,73.42,31.99,66.65,45.21,62.56,136.78,43.96,151.97,25.52,51.2
2023-11-09,31.88,45.63,229.5,1458.14,319.01,123.57,49.17,29.5,57.92,113.37,62.17,11.62,54.8,62.77,36.6,20.42,24.1,20.55,29.66,28.65,79.7,52.92,19.48,58.38,103.17,30.42,280.82,85.48,278.48,90.85,34.2,89.34,15.06,20.96,74.01,28.43,64.96,44.38,61.25,133.4,43.2,148.41,25.32,51.6
2023-11-10,31.34,45.77,229.76,1456.8,318.16,121.81,49.69,28.72,57.63,114.62,61.13,11.88,55.35,62.2,36.37,20.58,24.09,21.24,29.65,28.53,78.84,51.88,19.01,58.34,102.93,30.32,283.75,86.11,276.38,92.54,36.02,90.5,14.99,20.96,73.34,28.09,64.91,44.21,62.65,136.25,44.51,156.14,25.32,50.7
2023-11-13,31.82,46.31,227.67,1493.44,318.16,121.48,51.5,29.15,59.43,115.81,60.96,11.88,55.67,62.42,37.43,20.67,24.15,21.2,29.24,28.74,79.54,53.64,19.19,60.37,104.88,30.47,285.21,88.16,275.29,92.54,36.96,91.28,15.06,20.96,73.55,28.31,67.73,44.79,61.66,132.87,47.17,152.58,25.59,50.6
2023-11-14,32.42,46.76,230.67,1510.42,319.01,122.9,51.23,31.22,60.2,119.64,62.08,12.11,57.1,63.86,36.85,21.03,24.6,21.54,28.79,29.26,85.74,54.39,19.22,66.16,106.1,30.61,288.46,91.01,277.05,91.52,36.26,91.66,15.17,21.12,80.7,28.48,68.24,45.04,61.08,133.22,47.22,154.3,25.94,50.7
2023-11-15,35.69,46.62,231.59,1497.02,313.05,121.86,51.04,31.3,61.08,119.89,61.22,12.07,55.38,64.11,40.28,21.05,24.15,22.38,29.01,30.52,86.02,54.15,19.78,67.16,105.85,30.56,293.0,89.63,278.48,92.03,37.85,91.82,15.28,21.18,84.73,28.39,71.78,45.04,60.34,132.69,47.01,156.26,25.76,50.7
2023-11-16,34.42,46.11,228.71,1481.38,309.01,118.88,50.02,31.34,60.69,116.4,60.15,12.32,55.54,63.59,42.02,20.97,23.89,22.18,29.04,29.52,85.46,52.84,19.51,67.64,105.37,30.25,284.4,87.99,274.03,90.68,37.47,90.89,15.21,21.02,81.87,28.52,70.09,46.71,60.01,129.67,46.19,152.95,25.66,50.6
2023-11-17,34.18,46.48,229.5,1452.33,311.35,119.14,50.08,30.44,61.0,116.0,59.85,12.12,56.38,63.91,41.96,21.06,23.95,23.19,29.42,29.69,85.55,53.6,19.71,65.65,106.34,30.59,290.41,87.78,274.62,90.42,36.44,91.66,15.24,21.12,79.98,28.35,70.65,48.04,61.25,128.6,45.76,152.7,26.07,50.7
2023-11-20,34.42,46.31,223.75,1463.95,310.93,117.43,50.16,30.21,59.03,113.79,61.43,12.05,55.46,65.29,42.46,20.73,25.26,23.14,29.15,29.7,87.25,54.99,20.12,63.92,106.59,30.68,295.44,89.75,283.19,89.91,36.68,91.35,15.06,20.91,80.91,28.22,84.76,48.79,61.49,128.06,45.54,152.58,26.21,52.29
2023-11-21,35.2,45.74,221.92,1450.1,308.58,116.31,49.66,29.68,59.97,113.97,59.5,11.75,55.73,64.78,41.31,20.63,23.79,22.54,29.08,28.58,84.15,55.54,19.41,63.03,105.85,30.37,282.45,87.62,277.64,89.07,40.33,90.35,14.99,20.91,78.09,28.05,82.81,47.54,58.86,125.4,45.05,155.03,25.59,50.2
2023-11-22,34.24,45.15,220.22,1428.2,303.26,113.89,48.49,27.93,59.54,110.89,58.97,11.56,54.05,63.24,40.02,19.82,23.21,21.69,29.83,27.12,81.98,55.58,19.19,61.87,105.12,30.2,279.04,88.45,271.68,88.13,44.35,89.73,14.8,20.59,76.58,26.78,79.84,46.71,57.05,120.95,44.34,150.62,25.52,49.01
2023-11-23,33.93,45.69,223.49,1422.84,304.54,118.36,49.56,28.49,59.53,112.97,58.68,11.71,54.46,64.21,39.12,21.01,23.5,21.89,30.74,27.99,83.34,57.08,19.51,64.05,106.59,30.63,279.04,88.08,276.47,89.15,39.9,91.28,14.99,20.75,77.5,26.91,79.02,46.79,57.87,127.35,44.34,152.46,25.83,49.51
2023-11-24,32.61,44.64,219.96,1391.11,300.07,115.91,48.88,28.01,58.7,110.24,57.02,11.39,53.61,62.63,38.77,20.27,22.91,22.67,30.1,27.41,81.35,54.24,19.05,61.55,104.64,30.44,268.8,83.92,271.76,88.39,36.54,90.27,15.02,20.49,77.25,26.15,77.12,45.79,56.56,123.62,43.53,149.15,25.35,48.41
2023-11-27,32.0,45.46,222.44,1376.36,299.01,115.41,49.5,27.71,58.93,111.36,56.31,11.88,53.77,62.93,37.82,20.96,24.19,24.63,30.22,27.38,82.01,55.08,19.06,62.41,104.15,30.92,271.57,86.4,246.74,89.24,35.51,90.74,15.17,20.7,77.29,26.11,76.5,46.13,57.05,124.69,43.48,148.66,25.76,48.41
2023-11-28,32.12,45.57,223.75,1378.15,302.63,118.31,49.6,28.06,58.81,113.1,56.56,12.25,54.29,63.22,40.15,20.97,24.91,24.72,29.99,27.93,83.23,54.15,19.49,63.58,104.88,31.28,272.38,84.64,257.66,91.19,35.55,91.43,15.32,20.8,77.84,26.32,76.76,46.54,57.87,125.57,44.13,151.48,25.87,48.61
2023-11-29,31.94,45.37,224.4,1356.25,296.45,115.27,50.36,28.59,59.07,114.42,57.55,12.09,53.85,60.99,40.27,21.16,25.16,24.09,29.32,27.83,82.78,54.09,19.23,62.96,104.39,31.38,285.53,82.29,264.88,93.56,35.83,91.05,15.24,20.75,78.05,26.19,74.55,46.04,57.3,125.04,44.24,149.64,25.73,48.31
2023-12-08,29.16,42.79,220.48,1316.48,292.2,106.01,48.2,26.8,58.55,105.8,53.71,11.59,51.31,57.12,34.74,20.36,22.07,22.6,26.74,26.74,75.92,59.46,17.56,60.47,98.05,29.79,278.06,90.93,248.57,88.98,34.06,87.87,15.24,20.54,75.57,25.3,72.91,44.96,52.85,119.88,40.92,150.25,24.33,45.02
2023-12-11,29.35,43.44,224.4,1350.0,295.39,106.3,49.37,28.34,61.08,107.73,54.13,12.32,52.38,57.45,35.31,21.08,22.81,22.85,26.92,27.09,75.66,56.52,18.72,59.11,99.51,30.08,279.36,95.63,243.11,88.3,34.43,88.96,14.8,20.06,76.83,25.73,73.01,45.46,54.0,120.06,40.54,152.7,24.6,46.52
2023-12-12,29.71,43.07,225.32,1328.1,295.39,105.08,49.47,27.89,61.63,108.0,54.75,12.33,52.38,57.93,35.29,20.98,22.9,22.56,26.47,27.17,73.17,53.49,18.68,57.13,99.76,30.22,278.71,94.45,242.21,88.39,34.81,89.97,14.62,20.17,76.41,25.73,74.45,46.38,53.67,119.7,40.38,152.83,24.6,46.32
2023-12-13,29.47,42.48,242.04,1311.12,290.07,102.96,48.93,28.1,61.25,106.59,53.55,12.05,51.37,57.87,35.27,20.85,22.79,22.37,26.34,26.6,73.27,52.1,18.32,56.16,98.05,30.61,274.49,94.87,237.66,87.12,34.52,89.43,14.4,19.9,87.3,25.47,73.06,46.21,53.43,118.99,40.11,153.69,24.53,45.82
2023-12-14,29.41,42.53,235.11,1303.52,288.79,102.94,48.94,28.08,62.71,107.01,53.48,11.8,50.88,57.33,35.08,20.95,22.62,22.15,26.24,26.61,71.9,50.32,18.02,55.3,98.54,30.56,271.4,97.6,239.21,86.95,34.9,89.12,14.29,19.8,85.28,25.26,69.22,45.88,52.52,117.39,39.94,150.25,24.33,45.42
2023-12-15,29.16,42.25,232.24,1285.65,286.88,103.75,47.85,25.73,61.48,102.93,53.38,11.57,50.34,58.22,34.95,20.78,22.52,21.98,26.36,26.42,71.15,49.11,17.91,56.09,97.81,30.59,272.22,99.57,238.3,86.44,34.38,88.65,14.29,19.8,85.24,25.22,69.22,45.88,51.78,116.68,39.67,150.86,24.22,45.12
2023-12-18,28.98,41.09,232.63,1273.13,283.68,101.35,46.82,26.71,60.58,102.03,52.45,11.36,49.04,57.23,34.92,20.4,22.14,21.8,25.73,25.54,69.68,48.78,17.88,54.32,96.1,29.94,261.01,94.03,230.84,85.34,34.06,87.02,14.18,19.64,84.82,25.01,66.24,44.54,51.04,115.08,39.07,147.8,23.81,44.13
2023-12-19,29.04,41.2,239.81,1280.73,285.81,102.27,46.65,27.02,60.88,103.37,52.78,11.88,49.55,57.56,34.92,20.76,22.35,21.89,25.92,23.31,70.85,50.06,17.76,54.86,94.88,30.44,261.82,97.72,232.3,86.95,33.73,87.56,14.29,19.74,87.55,25.05,65.98,44.96,51.37,115.44,39.4,157.36,23.95,44.43
2023-12-20,28.5,40.49,233.28,1224.87,283.05,99.35,46.34,26.16,60.08,101.82,51.93,12.19,49.0,57.71,35.7,20.94,22.05,21.44,25.3,23.41,70.35,48.37,17.82,54.23,93.42,30.37,257.92,95.92,229.85,85.68,33.31,86.63,14.29,19.58,86.0,25.3,63.73,44.79,50.55,114.37,39.02,155.4,23.88,43.63
2023-12-21,28.62,40.49,235.9,1251.24,283.68,100.04,46.41,26.67,61.21,102.37,51.71,12.03,48.03,58.38,34.89,20.56,22.2,21.36,25.18,23.85,70.8,50.96,17.89,54.8,93.17,30.15,259.87,97.64,233.21,87.12,33.5,86.63,14.26,19.53,87.22,26.32,61.57,44.29,51.2,115.26,38.96,155.52,24.09,43.83
2023-12-22,28.26,39.78,233.55,1236.49,283.9,98.28,46.17,26.05,59.92,100.58,51.07,11.82,48.32,58.14,33.86,20.49,21.75,20.7,24.85,23.35,70.09,51.53,17.55,54.09,91.71,29.45,254.51,92.52,235.12,86.19,32.93,85.78,14.29,19.85,85.49,25.89,59.93,43.21,50.55,113.48,38.42,154.42,23.57,44.03
2023-12-25,27.96,39.52,234.59,1226.66,284.75,98.75,46.31,26.7,57.94,101.12,50.8,12.41,47.79,58.64,33.74,21.52,21.88,20.36,24.45,23.45,71.51,53.12,17.52,55.63,91.46,29.7,257.11,93.11,232.21,86.1,32.84,85.78,14.51,19.96,88.14,26.49,60.44,43.88,50.79,114.01,39.02,160.19,23.64,43.73
2023-12-27,28.2,39.07,232.63,1207.89,282.41,96.16,44.87,25.53,58.69,100.15,47.64,12.53,46.75,56.24,33.79,21.46,21.76,20.53,23.83,23.07,70.98,53.8,17.41,52.92,91.22,29.79,255.32,82.79,229.94,87.2,32.84,85.23,15.1,20.11,84.1,26.15,59.93,43.8,49.97,112.95,38.37,156.02,23.57,43.03
2023-12-28,28.5,39.69,234.98,1276.71,290.49,99.58,45.08,25.48,58.37,103.33,48.47,12.32,48.94,60.12,33.78,21.71,21.87,20.2,24.34,23.9,74.15,55.55,18.04,55.89,92.44,29.58,258.57,84.51,240.66,86.69,33.4,86.48,15.21,20.27,84.4,26.19,61.21,43.63,51.53,114.72,38.75,155.89,24.05,44.82
2024-01-02,28.86,39.95,233.68,1259.28,291.77,98.59,43.79,25.79,58.67,104.92,49.42,13.25,48.51,59.13,35.26,23.2,22.69,22.53,24.51,23.78,73.83,55.09,19.12,56.57,98.29,31.19,256.79,86.06,242.48,88.39,33.68,87.49,15.61,20.54,86.67,26.61,61.88,46.21,51.78,116.68,40.11,160.68,24.94,44.92
2024-01-03,28.5,39.52,228.84,1217.28,290.49,97.09,42.87,25.13,57.59,102.81,48.46,12.4,47.19,57.85,33.03,22.55,22.02,20.04,24.36,23.74,67.7,53.53,19.25,56.38,98.54,30.87,252.24,86.02,240.57,87.71,33.59,86.79,15.57,20.43,83.35,25.89,61.31,45.63,49.97,112.95,38.64,150.74,24.74,43.13
2024-01-04,28.26,39.01,225.32,1160.97,283.9,96.42,42.46,24.87,56.91,100.91,48.36,11.94,45.84,57.84,33.05,22.58,21.72,20.16,24.28,23.12,67.5,53.01,18.98,56.06,96.1,31.21,248.01,84.26,239.02,86.27,33.5,86.01,15.28,20.17,81.12,25.18,61.11,45.29,48.49,109.57,38.31,147.92,24.6,42.83
2024-01-05,27.71,38.19,221.79,1154.71,283.68,93.97,41.27,24.5,56.67,100.06,47.6,11.24,45.19,56.39,32.66,22.33,20.8,20.16,24.23,22.83,65.74,51.13,18.4,52.99,94.15,30.35,241.36,80.86,235.21,85.76,32.84,84.92,15.46,20.11,78.64,24.24,59.21,44.38,46.68,108.14,37.71,145.22,24.22,41.54
2024-01-08,27.23,36.63,216.04,1118.07,282.41,92.09,40.16,23.64,55.59,95.35,46.53,10.88,43.56,54.94,32.01,21.91,20.29,19.33,23.97,21.83,64.42,51.38,17.38,50.44,90.24,29.7,230.8,78.09,230.03,83.3,32.28,81.89,15.68,20.59,76.07,23.4,57.36,53.29,45.69,105.83,36.79,139.46,23.54,40.94
2024-01-09,27.41,37.0,220.09,1116.73,281.13,92.45,38.91,23.34,57.58,93.87,46.2,10.98,43.82,54.49,32.58,21.78,20.66,19.26,23.59,21.88,64.94,51.13,17.3,48.95,90.24,30.13,229.17,70.29,227.66,83.05,34.24,82.05,15.68,20.06,77.67,23.53,58.08,56.62,45.94,105.83,36.74,136.39,23.67,41.84
2024-01-10,26.87,36.8,215.52,1103.32,278.15,91.02,37.77,23.03,55.94,92.85,45.53,10.45,43.15,53.63,32.25,21.1,20.25,18.65,23.49,21.86,64.24,50.46,17.36,47.8,89.03,29.53,229.5,67.94,224.76,81.19,33.54,81.35,15.43,19.74,71.87,23.19,56.49,53.37,45.11,103.7,36.36,135.9,23.33,41.14
2024-01-11,27.65,37.2,218.92,1118.07,279.43,92.71,38.52,23.38,58.02,100.17,46.39,10.55,44.74,55.08,32.35,21.43,20.66,19.26,23.35,22.16,65.59,53.51,17.64,50.15,92.2,30.06,231.61,74.74,232.48,80.17,33.73,83.37,15.64,19.96,73.09,23.48,58.7,52.12,45.94,106.01,37.12,137.0,23.81,42.03
2024-01-12,26.81,36.88,214.61,1107.79,278.58,88.95,37.29,22.95,56.6,99.12,45.5,10.27,44.11,55.2,31.33,20.35,20.25,19.12,23.31,22.29,64.08,52.14,17.46,49.61,90.73,30.06,224.79,74.57,231.3,79.83,35.37,82.12,15.53,19.74,71.49,23.02,58.49,48.46,45.61,103.87,36.57,132.59,23.47,42.03
2024-01-15,26.81,36.91,227.41,1099.3,278.36,89.5,37.08,22.92,55.39,99.85,44.93,10.22,43.74,54.49,31.27,20.79,20.41,19.36,23.15,21.64,62.54,51.3,17.39,48.86,91.71,33.06,225.11,75.54,228.85,79.91,37.61,82.36,15.64,19.74,71.66,22.89,58.34,48.04,45.11,103.52,36.68,134.43,23.4,41.14
2024-01-16,26.75,36.74,225.58,1102.43,277.3,90.0,36.74,22.69,54.66,98.44,44.3,10.38,43.48,53.44,31.12,21.02,20.36,18.86,22.89,21.6,62.8,50.92,17.35,49.04,91.22,36.36,214.56,75.2,228.85,78.81,36.54,81.89,15.83,19.8,71.74,22.3,58.13,50.96,44.29,103.34,36.36,132.59,23.26,40.64
2024-01-17,25.96,35.66,214.34,1068.02,275.38,87.85,35.9,22.05,53.55,94.28,43.01,10.04,40.86,51.67,30.21,20.2,19.7,18.4,22.65,20.85,60.61,50.58,17.05,47.05,89.76,39.99,209.85,73.44,221.94,77.29,36.91,79.95,15.43,19.53,69.17,21.41,56.7,47.46,42.64,100.85,35.38,125.84,22.65,39.64
2024-01-18,25.96,35.29,216.43,1095.28,273.47,89.21,35.97,21.9,55.03,93.55,42.91,10.07,40.56,51.67,29.54,21.53,19.63,18.61,22.4,21.17,61.28,54.1,16.81,47.15,87.07,36.0,210.17,74.57,220.03,76.86,35.88,78.71,15.57,19.48,69.64,21.49,56.9,46.38,42.64,100.85,35.81,126.21,22.24,39.25
2024-01-19,25.78,34.98,217.87,1079.64,275.38,87.73,35.44,21.53,56.13,92.91,42.06,9.75,40.46,50.45,29.03,21.01,19.38,18.24,22.48,20.68,59.68,53.3,16.52,46.0,86.34,33.4,209.36,72.47,217.67,76.27,37.85,78.78,15.64,19.37,68.21,20.9,55.87,43.46,41.74,98.89,36.3,126.58,21.96,38.35
2024-01-22,24.27,32.51,210.95,1036.74,266.23,85.19,35.84,20.02,55.08,87.64,38.84,9.2,37.71,47.7,26.7,19.78,18.02,17.24,21.12,19.55,57.19,51.02,15.18,43.13,88.54,36.75,198.15,70.25,204.49,72.71,36.49,73.58,15.02,19.0,64.17,19.46,51.72,39.8,39.1,93.02,35.11,119.46,20.35,35.76
2024-01-23,24.09,33.19,208.73,1068.02,264.96,86.28,37.19,20.36,55.15,87.89,38.13,9.07,38.53,48.25,25.78,20.63,17.91,17.21,20.54,19.37,56.18,52.26,15.29,43.95,86.34,37.66,203.35,71.97,207.31,73.73,38.55,74.9,15.35,19.0,64.97,19.46,52.49,38.8,39.35,93.56,35.32,119.96,20.11,35.96
2024-01-24,24.27,33.96,206.77,1094.83,264.96,86.02,36.76,20.14,52.92,86.8,37.39,9.12,37.37,47.79,25.79,20.14,17.82,17.75,20.06,19.24,56.76,49.38,15.38,43.25,90.0,41.44,205.14,71.97,202.4,75.85,38.83,76.06,15.61,19.42,66.53,19.8,52.75,39.97,39.84,95.16,35.16,120.32,20.35,37.05
2024-01-25,25.18,37.37,215.78,1102.88,270.49,88.38,37.27,20.4,52.61,88.74,39.64,9.51,37.52,51.12,27.09,20.61,18.5,18.21,21.02,20.54,58.09,49.65,15.94,44.38,92.93,45.58,216.83,79.18,209.03,78.64,40.51,79.56,15.64,19.85,67.79,20.39,55.11,42.8,41.0,97.65,36.52,122.16,21.38,38.65
2024-01-26,25.12,41.11,203.89,1085.45,267.51,86.26,35.74,19.6,50.71,85.19,38.44,9.38,36.14,49.22,26.72,19.82,18.0,17.44,20.83,20.52,56.28,46.88,15.79,43.15,92.2,50.13,214.39,79.69,206.03,77.71,38.5,79.87,15.79,19.9,66.02,20.22,54.9,41.55,40.26,95.69,35.7,118.48,21.38,38.15
2024-01-29,24.03,38.3,204.03,1014.84,259.85,85.64,34.74,18.88,49.52,84.27,36.33,9.01,34.96,47.03,25.44,19.42,17.45,16.99,20.2,19.52,54.29,41.93,15.15,41.01,89.03,45.12,208.22,77.42,198.22,76.19,39.02,77.85,15.53,19.85,62.99,19.55,52.49,38.38,38.77,92.31,34.02,112.96,20.63,36.36
2024-01-30,23.31,36.94,192.4,981.77,245.59,82.36,33.48,18.33,48.3,86.25,34.49,8.68,34.02,46.21,24.83,18.57,16.55,17.07,19.91,18.88,52.67,38.01,14.53,40.02,85.12,40.62,203.84,79.14,195.4,73.56,35.65,75.37,15.17,19.37,63.41,18.87,50.18,35.8,37.62,89.11,32.71,109.04,19.87,35.26
2024-01-31,21.62,34.27,187.44,940.22,234.31,79.6,33.38,17.62,46.02,82.7,31.92,8.05,32.36,44.12,23.27,18.14,15.5,16.07,19.52,17.86,50.78,35.68,13.71,37.55,76.59,36.55,192.95,73.82,185.4,70.51,32.09,72.41,14.8,19.11,58.83,16.63,45.25,33.3,35.07,82.0,31.19,103.15,18.5,32.37
2024-02-01,21.07,33.79,191.36,939.77,242.61,79.14,33.97,17.49,47.62,86.3,31.48,7.85,31.74,45.14,23.11,17.66,15.55,16.18,18.77,18.08,51.04,36.45,13.67,36.27,74.39,32.9,192.79,72.81,183.86,69.49,30.17,70.63,15.28,19.48,59.71,16.46,45.87,32.64,34.9,81.82,31.79,102.78,17.13,38.85
2024-02-02,19.93,34.58,182.21,895.98,235.59,74.98,32.42,16.58,45.62,80.64,29.5,7.3,29.74,43.82,21.78,17.45,14.55,16.18,18.7,16.81,48.82,33.85,12.81,34.27,70.73,36.19,183.53,69.08,173.68,66.44,28.96,66.97,14.99,19.37,56.73,15.74,42.74,30.64,32.93,77.73,30.92,98.0,16.0,36.95
2024-02-05,17.93,31.12,179.6,862.46,234.95,71.86,33.7,15.46,45.4,81.03,24.46,6.2,27.81,43.3,19.18,16.53,13.03,14.92,17.18,17.0,46.07,32.13,11.07,29.71,63.66,35.09,170.05,62.16,161.05,64.32,26.06,61.85,14.69,19.37,51.56,13.24,37.15,25.64,30.13,70.08,27.33,88.31,13.46,32.47
2024-02-06,17.27,31.77,191.88,922.34,246.65,77.17,36.61,16.62,48.58,85.59,23.61,6.51,28.82,44.52,19.63,17.86,13.64,15.47,17.18,18.38,48.66,32.54,11.83,31.68,64.88,31.57,185.16,64.21,175.22,67.46,27.23,67.21,15.21,20.27,54.37,13.24,39.1,25.64,33.01,77.73,27.66,95.67,13.26,36.06
2024-02-07,15.94,31.38,191.88,933.96,244.74,78.5,40.2,17.77,49.59,87.82,22.27,6.21,28.59,44.85,18.73,20.13,13.54,14.93,16.56,19.87,48.14,30.41,11.38,32.17,66.83,28.42,195.55,66.39,187.04,74.24,27.74,70.55,15.39,20.59,54.67,12.52,38.79,23.4,35.23,86.62,26.74,98.74,12.95,41.84
2024-02-08,17.45,33.05,195.93,971.94,252.4,82.36,39.25,19.23,50.81,91.12,26.72,7.14,33.37,49.46,22.45,20.38,15.24,17.09,18.29,20.79,56.92,36.49,13.62,36.91,73.42,27.22,203.19,69.87,197.67,77.8,29.05,72.02,15.21,20.59,60.01,13.75,44.23,26.23,37.95,87.69,29.45,107.69,14.49,41.34
2024-02-19,18.48,34.19,204.81,995.18,255.38,83.17,38.4,18.91,52.9,94.08,27.7,7.37,34.57,48.49,22.34,20.24,15.89,17.43,17.69,19.78,55.6,42.7,13.8,36.81,73.42,29.94,210.17,72.22,194.67,74.58,29.57,76.61,15.86,20.96,61.73,14.64,46.95,28.48,37.46,88.22,31.79,108.43,15.18,41.54
2024-02-20,18.84,34.36,200.89,986.24,253.25,82.9,38.12,19.02,52.59,92.56,28.6,7.55,33.55,48.32,22.52,20.06,16.23,17.12,17.26,19.84,55.26,41.16,14.31,36.91,74.15,31.07,214.07,74.15,195.13,74.83,29.24,74.35,15.94,21.02,65.01,15.4,49.1,29.81,37.29,87.87,32.77,108.06,15.25,40.64
2024-02-21,19.56,34.44,203.37,1011.72,254.74,83.76,37.61,19.23,51.72,91.64,29.25,7.73,34.55,49.13,22.96,19.85,16.14,17.22,18.05,19.93,55.08,39.7,14.49,38.2,75.12,31.28,211.47,73.31,197.04,75.25,29.75,75.13,16.16,21.07,63.62,18.49,51.26,31.31,37.95,88.58,32.5,109.28,15.59,40.24
2024-02-22,20.41,35.95,210.03,1035.4,256.44,85.43,38.37,19.44,52.29,93.01,30.3,7.89,34.64,48.99,23.48,20.18,16.8,17.63,18.46,20.58,55.59,40.7,14.47,39.17,76.59,31.91,219.43,78.01,198.67,75.51,30.41,75.68,16.16,21.12,64.76,18.79,53.41,32.89,38.86,90.53,32.93,113.09,16.31,40.74
2024-02-23,21.44,36.12,212.78,1039.42,257.72,86.62,38.7,19.92,52.55,94.41,32.58,8.27,36.4,50.33,24.52,20.03,17.12,17.87,18.81,20.58,56.14,42.35,15.41,40.43,78.29,35.11,225.28,79.18,201.85,75.59,30.78,76.06,16.16,21.12,67.66,19.76,54.59,35.8,40.09,92.14,33.91,115.91,17.1,43.33
2024-02-26,21.8,36.4,215.13,1039.87,258.79,85.93,39.39,19.45,53.15,95.59,32.95,8.33,37.67,50.36,24.86,20.55,17.34,19.44,18.89,20.4,57.03,42.94,16.2,40.64,80.24,37.35,223.65,79.6,205.76,75.93,30.88,76.22,16.08,20.86,69.34,20.35,54.13,38.05,46.1,93.56,34.24,120.2,17.51,43.73
2024-02-27,22.76,37.54,223.36,1089.47,267.72,90.02,40.38,20.16,54.38,98.4,35.71,8.71,38.17,51.34,25.39,20.89,18.19,19.54,19.38,21.94,59.35,46.16,16.12,42.69,82.2,37.23,235.18,84.3,208.85,77.71,31.86,78.01,16.19,21.12,71.19,20.48,56.49,37.88,44.78,96.23,35.54,124.25,17.88,43.93
2024-02-28,20.59,34.92,213.82,1041.21,255.38,86.14,38.2,18.59,51.7,92.25,32.03,7.67,34.46,47.84,22.07,19.38,16.26,17.66,17.88,20.43,54.5,41.24,14.69,38.85,76.59,34.1,218.62,77.63,200.94,75.25,29.8,74.04,15.72,20.7,64.63,18.15,51.31,33.47,41.24,91.42,32.66,114.44,16.34,40.84
2024-02-29,21.56,36.86,224.01,1091.26,264.74,90.78,39.12,19.42,53.15,97.12,33.44,8.12,35.71,49.16,23.26,20.47,17.52,18.09,18.19,21.4,57.39,43.87,15.26,40.66,80.0,35.47,231.94,82.92,207.58,77.63,31.02,76.45,16.56,21.18,67.96,18.96,55.16,34.97,43.38,95.34,34.62,119.96,16.93,42.03
2024-03-01,23.19,38.36,227.14,1127.45,291.13,97.37,40.65,19.81,54.14,98.59,33.56,8.66,35.46,51.73,23.57,21.26,18.35,18.35,18.04,21.74,57.83,44.54,15.44,41.63,80.73,36.53,242.65,87.03,211.76,79.15,31.72,77.7,17.65,21.81,69.26,19.12,56.75,35.05,43.8,97.83,35.81,124.37,17.3,43.03
2024-03-04,24.7,38.19,227.01,1107.79,292.41,100.08,40.22,19.5,55.85,99.05,33.37,8.55,34.96,50.76,24.25,21.52,18.47,18.54,18.04,21.58,57.7,42.75,15.27,41.41,81.95,35.3,245.9,86.57,212.03,78.81,31.44,77.15,17.29,21.49,70.56,18.79,58.54,34.64,43.47,97.29,35.98,124.49,17.4,43.73
2024-03-05,23.55,37.65,227.28,1087.24,285.17,97.37,39.75,19.3,55.46,99.73,32.49,8.25,33.91,49.84,24.32,21.31,18.06,17.91,17.54,21.3,55.07,42.09,15.31,40.32,80.0,34.05,238.43,83.59,208.58,78.39,30.92,75.83,17.58,21.6,68.33,18.19,56.34,33.3,42.81,98.18,35.27,122.16,16.96,42.73
2024-03-06,23.37,37.48,226.23,1077.41,282.62,97.63,39.47,19.16,53.64,97.92,32.08,8.61,33.82,49.75,24.45,21.5,18.09,18.08,17.88,21.08,54.8,40.93,16.31,40.64,80.49,35.21,240.06,83.09,210.58,77.37,30.97,75.44,17.51,21.49,70.44,18.62,56.95,33.97,43.22,98.01,35.21,122.65,17.16,42.13
2024-03-07,22.58,36.83,223.49,1038.97,278.79,93.8,38.44,18.49,52.23,95.31,31.2,8.19,32.44,52.04,24.13,20.86,17.89,18.07,17.58,20.62,55.08,39.33,15.73,39.46,79.27,33.5,234.7,80.36,205.67,75.34,30.5,74.43,17.03,21.39,68.84,18.32,54.9,34.64,43.8,93.91,34.73,119.34,17.13,41.94
2024-03-08,23.07,37.48,233.81,1073.38,280.92,95.8,39.68,18.81,53.31,96.1,32.56,8.37,32.77,53.12,23.82,21.2,18.25,19.0,17.88,20.75,56.05,41.03,15.65,40.26,80.0,34.0,242.82,83.04,207.31,77.03,31.11,75.6,17.29,21.49,70.18,18.36,56.7,34.8,43.38,96.58,34.83,124.25,17.54,42.23
2024-03-11,23.01,38.22,231.59,1083.66,288.79,95.87,40.4,19.44,53.02,97.55,33.72,8.46,33.57,54.88,24.5,21.64,18.39,19.03,18.01,21.96,56.95,42.05,15.73,42.26,81.71,33.69,245.9,84.34,219.76,77.54,31.81,76.22,17.36,21.65,70.27,18.74,57.72,36.47,43.3,97.47,35.98,126.09,17.71,44.82
2024-03-12,23.19,38.33,229.76,1094.83,286.45,96.49,41.02,19.64,53.95,99.68,33.89,8.6,33.98,58.31,25.11,21.88,18.43,19.61,18.14,21.98,57.43,40.91,16.17,42.92,85.12,34.44,245.09,83.59,217.39,77.8,32.28,77.23,17.0,21.55,71.49,19.17,61.88,36.63,43.47,98.72,35.76,126.58,17.92,45.72
2024-03-13,23.13,38.76,235.5,1092.15,283.26,95.9,40.43,19.53,53.88,99.61,33.91,8.67,35.38,60.32,25.35,22.28,18.7,19.7,18.26,22.13,57.73,44.08,16.16,43.25,84.88,36.6,246.07,85.39,217.94,77.97,32.0,77.15,16.92,21.55,74.47,19.0,62.44,36.39,43.3,99.25,36.36,128.54,17.88,45.22
2024-03-14,22.88,37.91,227.54,1077.41,279.22,94.21,39.23,19.32,52.74,96.75,33.2,8.48,33.97,58.26,24.33,21.87,18.36,20.16,18.01,21.48,56.49,43.4,15.96,43.27,82.93,35.37,240.87,82.62,216.21,76.61,31.81,78.24,16.81,21.23,73.72,18.7,60.44,35.97,43.05,97.29,35.87,125.72,17.64,43.83
2024-03-15,23.19,38.08,228.32,1076.06,277.3,94.37,39.49,19.55,53.35,98.66,33.44,8.66,33.94,58.75,25.24,22.48,18.42,21.39,18.18,21.63,57.16,45.32,16.4,44.41,83.42,35.42,243.47,82.46,216.76,77.71,32.23,77.39,17.11,21.44,74.43,18.91,61.36,36.39,43.63,98.18,36.08,128.79,18.12,44.13
2024-03-18,23.85,38.76,240.99,1116.28,282.41,94.92,41.28,20.07,53.66,99.9,34.49,8.89,34.55,58.95,26.62,23.08,19.09,21.17,18.81,21.89,58.49,50.3,16.63,46.81,84.88,35.81,246.39,86.82,220.94,77.37,32.75,77.93,17.11,21.49,75.27,19.76,64.14,37.47,44.37,100.67,37.5,134.18,18.88,44.23
2024-03-19,23.79,38.62,235.11,1101.09,280.92,93.75,42.74,19.85,49.69,99.44,34.83,9.04,34.18,58.06,26.02,23.01,19.08,21.32,18.32,21.65,58.32,60.36,16.8,46.63,83.9,34.56,242.49,85.35,221.94,76.52,32.33,77.46,16.96,21.44,73.17,19.46,62.65,37.22,43.71,100.14,37.88,133.69,18.71,45.32
2024-03-20,24.33,38.81,247.78,1115.39,280.92,93.47,42.44,19.85,48.5,100.57,34.52,9.08,34.21,58.32,26.17,22.73,19.17,21.24,19.24,21.67,59.14,59.78,16.8,46.03,85.12,34.89,244.93,89.29,223.67,76.27,32.89,78.32,16.81,21.28,73.3,19.8,63.06,37.97,43.96,100.32,38.64,133.45,18.95,44.72
2024-03-21,24.15,38.76,239.03,1136.39,279.64,93.21,41.18,19.63,50.58,100.36,33.95,9.26,41.06,57.77,25.71,22.59,18.98,20.83,19.67,21.3,62.19,62.46,16.88,45.74,86.83,36.26,245.9,87.7,220.3,75.59,32.75,78.24,16.67,21.23,73.97,19.76,65.62,39.55,47.83,99.43,38.96,134.18,19.08,44.43
2024-03-22,24.33,38.36,237.59,1111.37,275.6,90.83,40.49,19.03,50.19,98.25,33.3,9.05,38.54,56.13,24.74,22.19,18.94,20.47,19.14,20.9,60.59,74.96,17.06,47.15,86.1,37.08,242.33,86.82,215.3,73.9,33.17,77.07,16.38,20.8,71.82,19.21,67.62,37.97,49.64,98.54,38.64,131.73,18.91,43.33
2024-03-25,23.37,36.6,232.24,1069.36,266.23,88.4,39.91,18.35,48.82,101.05,31.5,8.64,36.92,54.68,23.35,21.93,18.67,19.52,17.93,20.42,56.68,67.34,16.17,44.53,83.66,37.88,231.77,83.46,209.67,71.61,32.56,75.29,16.19,20.86,68.8,18.19,61.93,37.55,46.51,94.27,38.04,126.21,18.4,40.84
2024-03-26,25.0,36.12,231.98,1047.02,266.45,88.04,40.32,18.08,47.9,97.48,31.22,8.55,37.62,54.5,22.95,21.47,18.05,18.84,17.4,20.29,54.67,61.56,16.08,44.39,83.17,39.83,231.77,81.07,222.57,70.76,32.33,75.29,16.34,20.91,67.32,18.02,63.83,36.55,51.78,94.45,37.99,126.7,18.43,39.35
2024-03-27,23.07,34.04,223.49,986.69,254.53,84.19,38.42,17.19,46.13,94.93,29.62,8.01,35.98,53.8,22.18,20.75,16.98,19.05,17.1,19.43,53.54,53.6,15.39,40.16,80.49,35.86,217.48,74.45,207.03,68.13,30.83,72.49,16.56,20.96,63.79,16.88,57.77,34.22,51.86,89.11,36.52,119.34,17.61,37.25
2024-03-28,23.91,35.07,229.1,1016.18,258.79,87.07,40.22,17.85,47.31,93.84,31.39,8.32,37.1,55.13,22.88,21.17,17.34,19.46,17.62,19.51,57.25,59.53,15.9,42.57,82.93,36.02,223.0,77.3,211.58,69.58,31.95,74.9,17.03,21.39,65.77,17.56,63.88,35.64,58.7,92.67,38.53,123.51,18.09,37.95
2024-03-29,24.27,35.24,225.05,1008.14,258.36,87.09,39.93,17.98,46.79,95.36,31.88,8.53,37.56,55.77,23.51,21.5,17.83,20.48,17.67,19.84,57.76,55.72,15.97,43.61,82.93,37.32,223.81,75.87,212.67,70.0,31.62,74.67,17.07,21.55,66.57,17.94,64.85,36.39,56.06,94.63,39.18,125.23,18.5,38.35
2024-04-01,24.15,35.83,230.54,1039.87,265.17,89.0,40.01,19.89,46.63,98.04,33.32,8.65,39.5,56.19,24.19,22.07,18.59,21.26,18.74,22.27,58.92,56.06,16.42,43.85,85.37,37.66,227.87,80.86,220.85,74.74,32.28,76.53,18.79,23.03,67.62,18.41,64.75,37.8,57.54,98.18,39.78,127.68,18.98,39.84
2024-04-02,23.85,35.78,222.7,1024.23,260.7,88.04,38.96,19.42,46.58,96.61,32.38,8.5,42.12,55.7,23.91,22.03,18.25,20.78,18.58,21.56,57.59,53.59,16.52,43.02,83.17,36.58,221.05,78.3,219.76,71.35,32.23,76.38,18.31,22.82,66.11,18.28,62.34,38.38,53.34,96.23,39.4,125.35,19.12,39.35
2024-04-08,22.22,34.21,215.91,954.96,250.7,84.24,29.78,20.14,44.7,92.6,29.94,7.91,36.71,52.71,22.49,20.91,17.18,20.46,16.93,22.58,58.87,50.59,15.73,39.22,78.78,31.52,213.74,71.85,207.22,68.56,30.88,73.81,18.64,23.09,62.53,17.18,56.03,34.72,49.15,91.78,38.15,118.73,17.85,37.85
2024-04-09,22.7,34.67,215.65,961.67,256.02,85.62,32.25,20.01,45.06,98.54,30.74,8.11,38.43,53.47,22.93,21.35,17.75,21.01,17.25,23.55,57.34,51.72,15.99,41.34,79.76,32.05,215.37,72.22,216.58,68.47,30.92,74.43,18.35,22.98,63.62,17.43,56.39,34.72,49.97,93.38,38.64,129.77,17.99,38.65
2024-04-10,21.74,33.79,206.77,932.17,250.06,82.52,31.39,19.21,43.94,95.2,29.04,7.83,35.62,53.06,22.02,21.08,17.32,20.47,16.6,23.23,55.56,49.9,15.61,41.39,77.56,33.16,209.52,69.5,210.49,67.29,29.89,73.03,18.17,22.61,61.19,16.8,53.82,33.39,55.07,90.53,37.99,123.14,17.4,37.65
2024-04-11,21.74,33.99,205.07,932.62,248.14,82.1,30.68,18.84,48.01,95.94,29.5,7.68,34.16,53.48,21.96,20.79,16.94,20.59,16.51,23.7,55.59,51.86,15.36,40.18,77.07,32.2,218.13,69.71,209.31,66.52,29.89,73.03,17.98,22.5,61.86,16.71,53.05,33.89,55.32,90.18,37.33,123.88,17.85,37.35
2024-04-12,21.44,34.16,213.3,916.98,246.02,82.69,30.39,19.88,48.81,95.35,28.99,7.66,34.1,53.73,21.45,20.54,16.98,19.94,16.27,23.41,54.37,58.43,15.1,39.51,77.56,30.75,218.62,68.45,204.76,66.52,29.47,72.72,17.76,22.45,60.85,16.5,52.59,33.3,52.44,89.11,37.39,125.11,17.4,37.55
2024-04-15,19.32,33.45,212.52,939.32,244.74,83.4,30.43,19.58,49.94,95.79,26.66,7.08,31.68,50.99,19.36,20.42,16.82,20.23,14.79,24.3,52.7,53.91,14.23,36.88,74.15,29.55,218.94,69.45,202.49,66.52,28.58,71.48,18.24,22.82,58.41,15.44,50.28,29.89,49.89,88.58,36.03,122.78,15.93,36.36
2024-04-16,17.75,31.18,204.42,914.3,237.29,80.5,29.19,18.24,48.65,91.5,23.47,6.28,31.47,49.37,17.99,19.64,15.65,19.72,13.99,23.04,49.73,52.11,12.89,34.39,69.02,26.59,206.27,65.85,193.76,64.41,26.76,68.92,17.69,22.4,55.09,13.58,45.1,26.23,43.63,83.6,32.71,115.17,13.74,33.67
2024-04-17,19.32,33.36,214.08,939.77,246.44,83.83,29.73,19.36,50.4,96.77,27.03,7.05,32.48,49.74,19.21,20.28,16.46,20.17,14.92,24.05,52.54,55.77,14.06,36.5,73.42,28.66,222.03,69.33,200.94,66.1,28.77,73.11,18.35,22.72,59.59,15.27,49.77,31.47,48.82,88.76,35.76,122.04,15.83,37.95
2024-04-18,19.26,32.82,216.3,937.98,245.16,84.17,29.16,19.84,48.51,99.63,26.69,7.01,32.36,49.39,19.28,20.47,16.85,20.08,14.47,25.98,51.16,53.62,13.97,37.49,73.17,28.28,218.45,68.91,203.85,65.85,28.4,71.48,18.2,22.82,58.87,15.27,50.28,29.89,50.55,89.11,35.0,123.88,15.28,37.45
2024-04-19,18.96,32.0,213.43,907.59,240.48,81.69,28.37,19.13,46.74,100.33,26.79,6.77,31.29,48.69,18.84,19.39,16.26,19.74,14.09,25.52,48.93,49.18,14.52,36.91,71.46,27.43,212.12,67.15,198.85,65.59,27.69,69.77,18.2,22.5,57.74,14.72,51.41,30.22,50.63,87.33,34.89,120.2,15.28,40.64
2024-04-22,18.96,32.26,209.25,919.21,240.48,83.48,29.56,19.01,47.58,102.76,26.22,6.81,30.64,49.84,19.26,20.26,16.6,20.25,14.01,26.05,49.11,48.37,15.02,36.6,71.22,26.52,210.17,67.32,200.4,63.98,27.55,69.15,17.87,22.4,58.49,14.34,49.92,28.56,46.92,86.44,32.61,122.9,14.8,38.65
2024-04-24,19.87,33.08,212.12,928.6,241.97,72.55,31.16,19.72,47.95,103.38,27.66,7.24,31.95,48.93,20.26,20.42,17.4,20.94,14.65,24.69,49.98,53.4,15.74,39.6,72.93,28.3,219.43,68.24,182.95,63.81,28.21,70.78,17.69,22.72,60.97,14.98,53.05,30.72,50.13,87.51,33.58,122.04,16.1,38.35
2024-04-25,19.87,33.19,213.17,913.85,242.82,72.29,31.03,19.31,49.18,105.36,29.1,7.31,33.06,48.31,20.61,19.38,17.48,21.05,14.93,25.34,50.27,53.71,15.63,40.94,72.68,28.95,218.94,67.32,188.13,65.08,28.16,71.17,17.69,22.93,60.39,15.19,51.57,30.72,48.73,87.16,34.62,126.7,16.48,37.95
2024-05-14,20.23,35.01,263.33,935.3,263.47,75.08,30.79,18.25,51.44,110.19,28.41,7.6,30.84,48.05,21.66,18.53,20.6,19.99,17.39,27.83,49.6,50.6,17.07,42.14,72.44,27.94,217.64,70.96,198.48,66.78,29.24,73.5,16.92,23.25,60.51,15.06,47.97,30.06,47.58,87.33,34.02,130.38,18.26,33.37
2024-05-15,20.23,34.67,263.46,918.77,258.79,73.89,30.26,18.03,50.59,108.65,27.98,7.56,30.84,47.85,21.28,18.43,20.8,20.06,17.59,27.91,47.78,49.72,16.76,40.91,71.71,27.84,214.39,68.53,195.05,65.76,29.57,72.88,16.7,22.98,59.8,14.89,47.87,29.97,47.01,86.27,33.91,127.81,17.88,32.97
2024-05-16,20.65,34.73,268.03,934.41,261.98,74.15,30.36,18.02,50.11,106.48,28.59,7.67,31.15,47.26,21.74,18.4,20.91,20.24,17.69,27.35,47.76,53.72,16.83,41.75,72.44,28.56,214.88,67.61,194.86,65.42,29.94,73.34,16.63,22.82,59.92,15.19,48.23,30.56,52.93,86.62,33.8,130.99,18.16,32.87
2024-05-17,20.89,35.15,268.81,950.05,267.72,75.08,31.4,18.36,50.36,107.19,33.71,8.71,30.64,48.38,22.19,19.65,21.27,20.71,17.73,27.67,48.29,54.02,17.1,44.63,73.66,29.19,216.99,69.79,199.5,67.12,30.78,80.65,17.0,23.41,60.76,16.16,50.13,31.97,54.66,89.47,35.81,132.1,18.6,33.77
2024-05-20,20.77,35.38,274.56,970.16,269.64,73.65,31.6,18.3,51.04,109.51,34.59,8.29,30.44,49.62,22.33,19.79,21.65,21.46,18.0,28.12,50.29,55.29,17.09,43.81,72.44,29.48,219.59,71.55,198.57,66.52,30.55,78.08,16.34,23.03,60.39,17.22,50.38,30.72,54.33,89.29,35.11,131.48,18.33,33.57
2024-05-21,20.53,34.95,272.21,951.83,269.85,72.6,31.02,18.01,50.81,108.84,36.29,8.38,29.39,51.56,22.16,19.91,21.49,21.69,17.75,27.72,49.1,58.53,17.0,43.57,70.98,29.17,219.75,70.71,196.53,65.85,30.55,77.07,16.45,23.14,59.33,17.31,50.49,31.56,54.17,88.93,36.14,134.31,20.21,34.17
2024-05-22,20.77,35.49,265.55,956.75,273.04,74.17,30.86,17.64,52.2,108.59,36.39,8.35,31.05,51.82,22.39,19.66,21.53,22.31,18.31,27.45,48.8,63.0,17.34,45.04,71.22,29.05,219.59,71.13,200.99,66.69,30.5,77.93,16.81,23.19,59.84,16.97,51.0,32.14,54.91,90.0,36.03,134.8,20.15,35.66
2024-05-23,20.17,34.53,266.59,933.96,267.08,72.46,30.12,17.43,51.73,106.07,43.67,8.44,29.62,50.64,21.97,18.82,21.65,22.17,17.81,26.97,46.93,67.21,17.15,43.61,68.54,28.16,212.77,67.69,195.79,64.83,29.7,76.22,16.49,22.61,58.07,16.29,49.62,31.64,53.26,87.69,35.0,131.85,18.98,36.56
2024-05-24,19.81,33.85,264.45,904.91,263.25,70.51,28.94,16.96,50.66,103.76,37.9,8.15,28.72,49.25,21.64,18.26,20.8,21.72,17.35,26.25,45.68,62.81,17.06,44.87,66.59,27.63,207.25,66.6,193.01,63.47,28.81,75.52,16.19,22.45,56.94,15.61,47.87,30.89,51.86,85.02,34.29,127.93,18.67,35.06
2024-05-27,19.68,34.92,269.13,907.15,267.51,71.39,29.5,17.01,53.58,106.07,34.36,8.02,28.54,49.13,21.72,18.22,22.02,21.53,17.57,26.61,44.57,62.31,16.46,41.89,66.59,27.72,211.31,68.11,194.49,64.49,28.76,74.51,16.3,22.77,57.74,15.27,48.79,30.97,52.11,85.02,34.67,130.26,18.43,34.17
2024-05-28,20.23,38.42,264.72,898.66,267.72,71.58,29.29,16.75,53.52,104.92,34.12,7.86,28.55,48.26,21.09,18.02,21.71,21.29,17.17,26.31,44.6,62.79,16.29,41.52,65.61,27.05,211.96,65.97,193.1,63.56,28.24,73.73,15.72,21.71,57.69,14.98,50.38,30.47,53.51,83.78,35.92,127.56,18.74,34.17
2024-06-13,19.02,54.09,271.27,863.32,268.77,71.77,31.55,17.45,53.97,113.23,34.47,7.89,31.15,49.09,21.16,18.49,23.44,21.93,15.29,25.07,46.21,65.94,16.81,42.12,59.02,24.81,250.61,67.63,191.34,64.32,26.36,72.06,16.16,21.34,60.32,13.88,50.08,27.56,55.07,85.07,34.83,135.78,17.34,32.77
2024-06-14,19.26,52.59,286.89,877.72,264.72,71.29,31.0,17.44,54.27,111.97,36.29,7.88,31.77,48.64,20.49,18.43,23.32,20.5,15.16,25.36,45.28,68.63,16.59,42.45,59.27,24.93,251.26,67.93,190.04,65.08,26.69,72.45,16.16,21.6,59.05,13.75,49.26,27.48,54.0,85.43,34.35,138.11,17.58,32.17
2024-06-17,19.26,52.67,286.09,864.22,269.84,75.15,31.09,17.49,55.12,116.47,38.13,7.95,32.6,48.53,21.48,18.87,23.57,20.89,14.87,25.23,45.88,66.52,16.93,43.15,58.29,24.86,264.91,68.01,209.06,66.1,26.74,73.01,16.01,21.65,59.18,13.67,49.46,27.14,56.47,87.24,34.67,146.57,17.44,31.97
2024-06-18,19.68,56.22,286.36,871.42,270.26,75.0,30.92,17.92,55.69,115.77,38.18,8.04,31.88,48.39,21.93,19.71,23.38,21.08,14.77,25.56,46.85,64.88,17.04,43.7,59.27,25.34,260.68,68.14,209.15,66.61,26.98,73.33,16.39,21.97,62.65,14.22,50.33,28.06,56.56,88.32,36.19,145.34,18.02,32.77
2024-06-19,19.62,55.88,273.0,856.13,266.21,74.08,30.37,17.66,56.5,116.55,36.93,8.03,32.3,46.7,21.68,19.37,23.42,20.8,14.74,25.37,46.05,62.63,16.95,42.68,58.05,25.34,261.98,67.25,208.32,65.68,26.79,80.63,16.16,21.97,61.42,14.05,51.41,28.39,56.06,87.96,36.36,143.01,18.4,31.87
2024-06-20,18.96,53.08,273.27,816.09,261.94,72.17,30.43,17.58,57.43,118.91,36.98,8.42,33.49,46.93,26.01,19.26,23.52,20.77,14.58,25.22,47.06,63.36,17.01,42.66,55.85,24.33,253.37,64.8,200.43,63.9,26.08,76.82,15.64,21.54,59.69,13.58,49.51,26.89,53.34,85.43,35.16,139.7,17.71,30.98
2024-06-24,18.36,52.8,274.34,794.04,250.85,67.34,29.33,16.53,58.5,117.18,34.77,7.39,32.16,44.08,24.42,18.65,22.34,20.06,13.82,24.42,43.07,58.23,15.73,39.88,51.22,22.86,240.38,61.38,189.02,62.12,24.91,69.99,15.75,21.17,57.1,12.74,46.18,25.31,49.81,82.0,33.75,137.25,16.58,29.98
2024-06-26,19.14,51.94,273.27,815.19,254.48,66.1,28.92,16.27,57.65,118.46,33.89,7.51,34.34,43.97,24.84,18.38,22.38,19.7,13.91,24.85,42.95,58.07,16.0,39.63,54.15,24.28,239.08,63.62,196.72,61.02,26.18,71.03,15.98,21.33,58.97,12.99,47.67,26.89,50.3,83.44,34.94,140.68,17.3,29.48
2024-06-27,18.9,47.66,271.4,806.19,249.15,65.01,27.97,15.99,57.4,142.15,33.22,7.36,33.42,42.64,23.64,18.26,21.68,19.36,13.64,24.77,41.64,55.32,15.52,38.56,52.2,23.75,239.74,62.99,197.83,60.34,25.57,69.28,15.83,21.6,57.23,12.86,46.28,26.81,49.56,82.54,34.24,141.79,17.03,29.19
2024-06-28,19.26,47.6,281.28,794.49,250.0,67.22,28.19,16.28,58.53,141.64,34.1,7.51,35.43,42.26,24.3,18.97,22.02,19.61,13.61,24.96,41.47,57.76,16.09,39.85,51.95,23.82,247.77,63.28,217.6,61.69,25.24,70.63,16.09,21.87,58.12,13.16,46.74,26.64,50.46,84.89,34.89,147.06,17.78,29.58
2024-07-02,19.26,47.46,270.73,779.65,249.79,66.46,27.11,16.08,56.89,139.21,32.08,7.16,33.82,41.18,22.45,17.53,21.57,18.58,13.29,24.47,42.35,56.01,15.58,37.67,52.68,23.97,240.06,65.65,230.96,59.91,25.94,69.76,15.86,21.92,58.16,13.12,47.0,27.23,48.49,82.36,33.86,142.4,17.23,30.78
2024-07-03,19.2,47.55,270.2,771.55,248.51,66.58,27.08,15.84,57.41,138.88,32.51,7.17,32.54,40.84,22.68,17.44,21.46,18.48,13.15,25.06,41.2,53.26,15.64,37.53,53.17,23.78,241.7,64.26,241.54,59.91,26.27,69.83,16.05,22.08,56.85,13.2,46.33,27.48,47.75,82.18,33.64,142.03,20.69,30.78
2024-07-04,18.48,45.23,271.27,746.8,243.17,65.37,26.31,15.32,57.41,137.0,30.94,6.92,33.18,40.7,21.12,17.07,20.73,17.96,12.57,25.12,39.39,56.44,15.2,36.48,51.22,22.81,232.85,62.95,236.62,58.9,25.19,67.69,15.72,21.87,56.38,12.69,44.84,26.14,45.28,80.92,32.66,143.01,22.89,29.88
2024-07-05,18.78,45.58,267.53,755.35,243.17,64.68,26.74,15.38,58.69,138.31,30.72,6.93,35.06,40.9,21.33,16.97,20.73,18.47,12.82,26.33,39.45,57.23,15.02,36.11,52.2,23.1,233.51,63.37,231.05,58.13,25.33,68.01,15.72,21.71,56.34,13.16,45.1,27.23,45.61,80.92,32.61,141.3,22.3,30.18
2024-07-08,18.54,47.03,268.59,736.46,240.4,62.75,26.35,14.94,60.96,137.32,29.78,6.76,35.17,39.63,20.56,16.66,20.28,18.29,12.37,26.11,37.84,55.94,14.53,35.06,50.0,22.19,231.71,61.09,233.37,57.8,24.2,66.03,15.19,21.54,54.18,12.69,43.66,27.73,43.55,78.57,31.52,140.32,26.76,29.48
2024-07-09,19.08,51.46,278.48,744.11,250.21,69.03,27.09,15.67,61.22,142.25,31.24,7.12,36.13,39.78,21.77,18.02,21.47,19.21,12.49,26.98,38.5,60.0,15.42,36.97,48.29,22.96,245.96,62.82,256.75,59.66,24.39,69.2,14.97,21.92,55.45,13.5,45.1,26.98,45.85,83.44,32.82,150.86,26.9,29.88
2024-07-10,18.84,50.86,303.59,735.11,251.92,68.56,27.0,15.6,62.06,143.08,32.36,7.09,36.12,39.84,21.4,18.39,21.63,18.96,12.28,27.4,38.54,61.11,15.39,36.99,47.07,22.36,243.83,61.76,271.88,60.76,24.2,68.41,15.45,22.4,55.28,12.82,44.59,28.64,45.28,84.35,32.44,149.64,23.74,29.98
2024-07-11,19.68,51.88,308.66,757.6,258.74,70.67,27.87,16.04,63.72,148.64,33.09,7.48,38.19,40.76,22.29,20.27,22.09,19.3,12.75,27.56,39.69,62.78,16.01,38.89,49.76,23.63,250.88,63.33,268.17,64.32,25.14,70.39,15.98,23.04,57.06,13.37,45.87,29.56,47.58,86.88,33.42,159.45,27.79,30.88
2024-07-12,19.5,52.97,304.66,752.2,257.46,70.2,27.58,15.87,65.19,148.17,32.86,7.37,39.21,40.73,21.67,19.45,22.22,18.97,12.79,27.64,39.26,59.51,15.92,38.97,51.22,23.32,247.6,60.88,258.42,64.32,25.33,70.31,15.94,22.99,56.85,13.16,45.2,28.31,46.92,85.25,33.26,158.22,24.7,30.48
2024-07-15,19.02,53.22,302.79,742.31,255.12,69.15,27.22,15.46,65.85,155.01,33.97,7.21,38.95,39.18,20.98,20.71,22.06,18.44,12.43,27.24,37.75,58.97,14.71,36.6,50.49,22.84,244.33,57.92,252.58,63.13,24.77,69.36,15.16,21.28,55.7,12.9,45.2,27.81,45.77,82.9,32.71,149.27,26.62,29.58
2024-07-16,18.9,54.97,315.61,757.15,257.89,72.01,27.39,15.59,66.59,159.4,35.72,7.38,37.61,38.27,21.33,22.04,22.18,18.67,12.45,27.74,37.78,59.1,14.94,36.83,52.44,23.37,248.75,58.81,271.14,64.58,24.44,69.83,15.31,21.97,57.14,12.99,45.72,27.73,46.68,85.97,32.88,161.66,25.59,29.68
2024-07-18,18.54,58.5,299.58,765.25,247.01,70.01,26.66,15.37,64.52,155.44,32.86,6.95,36.94,38.77,19.95,20.83,21.09,17.85,12.19,27.42,37.31,53.97,14.16,35.74,52.2,22.55,238.92,56.74,245.9,61.27,24.81,68.25,14.86,21.6,56.13,12.4,43.15,25.89,46.18,81.1,30.81,154.91,21.96,29.28
2024-07-19,18.66,64.36,297.18,786.84,255.12,72.84,27.36,15.47,64.53,160.58,36.37,7.11,37.32,40.04,20.52,20.66,20.84,18.05,12.31,27.07,39.06,53.73,14.45,36.76,51.22,22.86,245.47,58.05,239.03,61.27,24.63,68.72,14.82,21.76,56.42,12.52,44.74,25.98,45.44,81.1,31.19,151.85,21.58,29.68
2024-07-22,18.96,70.09,297.04,798.99,256.61,73.1,27.6,15.54,65.47,159.45,37.66,7.19,36.44,41.04,20.7,20.19,20.65,17.99,12.42,27.23,39.08,54.47,14.42,36.63,51.22,23.15,245.96,58.17,234.21,60.68,24.91,69.83,14.71,21.44,56.93,12.74,45.82,26.98,45.44,80.92,31.63,156.38,21.1,29.48
2024-07-23,18.48,68.07,289.83,779.2,245.52,69.72,26.31,15.03,60.21,156.26,34.53,6.87,35.72,39.6,20.11,19.18,19.22,17.14,12.24,26.31,37.54,55.28,14.05,35.27,50.49,22.6,234.33,56.44,227.9,58.98,24.53,66.9,14.3,20.85,55.83,12.44,43.92,26.31,43.8,78.57,30.38,150.01,20.56,28.99
2024-07-24,18.24,61.99,286.76,768.4,240.4,67.91,25.5,14.64,60.4,151.25,33.75,6.69,34.52,37.71,19.94,18.38,19.12,16.63,12.02,25.52,36.13,57.87,13.49,34.59,49.27,22.16,233.84,54.75,217.87,56.69,23.92,65.87,13.89,20.32,54.77,12.23,43.71,25.89,42.89,76.76,29.51,150.37,19.39,27.79
2024-08-08,19.56,65.58,243.62,776.5,246.59,66.29,26.57,15.19,54.52,149.4,30.63,6.51,33.95,37.19,19.97,17.79,18.24,16.48,12.58,24.6,35.78,51.59,13.1,33.41,57.81,22.96,218.43,57.03,214.16,57.37,26.04,68.25,14.0,19.99,54.94,12.99,58.44,27.48,43.88,76.94,45.59,128.05,18.33,31.48
2024-08-09,19.56,69.06,249.09,763.45,242.75,65.24,26.13,15.02,54.27,149.29,30.91,6.53,34.21,36.64,20.81,17.7,18.27,16.32,12.42,24.14,35.45,51.91,13.23,33.45,55.61,23.17,218.27,56.19,215.18,57.8,25.99,68.72,13.82,19.94,55.07,13.75,57.77,27.98,45.44,79.65,38.91,127.68,18.74,31.38
2024-08-12,19.08,65.64,246.16,752.65,240.61,64.62,25.84,14.95,55.09,148.55,29.92,6.39,32.05,36.99,20.57,17.64,18.07,16.28,12.27,24.36,35.34,51.46,13.0,33.2,54.39,23.08,216.14,55.34,213.42,57.2,25.38,67.85,13.67,19.78,54.35,13.41,55.87,27.48,45.28,76.94,33.96,126.95,17.99,31.08
2024-08-13,19.2,66.75,251.37,758.5,242.32,64.96,26.38,14.98,56.18,150.0,30.5,6.5,32.14,37.32,20.72,18.34,18.43,16.47,12.5,24.5,35.63,52.26,13.15,33.47,55.37,23.49,220.24,55.51,214.81,57.97,25.47,68.25,13.85,19.94,54.86,14.39,55.41,28.48,45.61,77.85,33.69,130.14,18.4,32.57
2024-08-14,19.68,70.63,249.76,741.86,239.97,64.05,25.87,15.17,55.04,148.11,30.7,6.74,32.15,37.03,20.5,18.53,18.21,16.27,12.29,23.99,35.21,52.26,13.26,33.1,55.12,23.56,217.45,54.75,212.03,57.71,25.19,69.12,13.78,19.89,54.64,14.98,55.87,29.97,46.35,78.21,33.8,133.69,18.47,34.27
2024-08-15,20.11,69.69,247.09,745.9,241.47,64.57,26.15,15.46,55.4,147.16,30.75,6.91,32.11,37.44,20.54,18.58,18.43,16.41,12.61,24.34,35.25,52.65,13.29,33.42,60.73,23.85,219.91,55.13,214.07,58.81,25.8,76.02,14.26,20.26,55.7,15.78,55.93,31.22,47.83,80.92,33.58,133.08,19.08,33.87
2024-08-16,20.23,65.01,246.42,737.81,239.76,64.05,25.67,15.54,55.15,145.8,32.89,7.28,31.63,37.5,20.61,18.72,18.62,16.58,12.55,24.13,35.28,53.56,13.61,33.64,59.02,23.97,220.07,54.07,212.59,58.9,25.42,83.64,14.19,20.32,56.89,16.92,54.85,32.47,47.83,83.63,34.56,133.45,19.36,33.87
2024-08-19,19.74,62.61,245.49,739.16,238.05,63.81,25.54,15.36,56.64,147.26,34.11,6.87,31.78,37.35,20.45,18.04,18.39,16.32,12.38,24.05,35.28,52.76,13.62,33.28,64.88,23.61,220.4,54.16,209.52,58.73,25.52,91.98,14.34,20.37,56.21,15.57,53.36,31.97,48.49,80.92,32.71,131.48,19.19,33.37
2024-08-20,19.74,61.76,242.82,719.36,231.65,62.26,25.03,14.81,56.38,145.11,33.04,6.76,31.48,36.64,20.22,17.48,17.99,15.98,12.12,23.54,34.67,52.73,13.22,32.44,65.85,23.1,214.34,52.68,204.23,57.71,25.0,101.18,14.34,20.32,56.13,14.85,52.44,30.97,48.73,80.92,33.26,131.85,18.88,32.67
2024-08-21,19.81,60.22,246.96,712.16,230.37,62.23,24.97,14.9,56.15,143.69,32.85,6.7,30.63,36.28,20.59,17.84,17.79,16.03,12.09,23.81,34.85,55.22,13.32,32.64,70.73,25.41,214.34,52.85,211.56,57.37,26.41,111.34,14.3,20.48,55.92,14.34,51.72,30.14,50.13,80.01,32.93,133.57,19.94,32.47
2024-08-22,19.32,60.53,240.15,691.02,224.83,60.27,24.4,14.59,55.46,142.58,33.69,6.55,30.07,35.83,20.5,17.53,17.62,15.97,11.91,23.59,34.79,55.62,13.07,30.51,63.66,26.18,208.93,52.0,205.9,56.27,24.91,122.45,14.34,20.58,53.63,14.64,53.67,31.39,48.65,78.21,34.29,130.38,18.16,32.57
2024-08-23,19.26,58.13,242.28,706.32,225.47,60.01,24.33,14.83,55.3,142.53,32.71,6.63,29.79,35.99,20.48,17.54,17.65,15.99,10.37,23.61,34.25,55.78,13.15,30.47,70.0,28.81,209.91,52.43,206.28,57.2,27.4,134.67,14.41,20.64,53.63,13.75,51.72,30.14,48.49,80.19,32.61,132.22,17.88,33.37
2024-08-26,19.56,56.45,241.21,700.92,225.89,60.58,24.49,14.83,54.38,141.06,34.04,6.73,30.31,36.56,20.71,17.88,17.66,16.32,10.96,23.53,34.24,56.75,13.22,30.27,74.15,27.94,209.59,52.93,215.55,57.97,27.54,148.16,14.52,20.85,53.63,14.13,51.57,31.47,48.41,88.32,32.33,135.16,17.85,34.17
2024-08-27,18.72,54.65,236.27,690.12,215.66,58.29,24.06,14.38,53.38,138.81,33.37,6.4,29.72,36.24,21.28,17.39,17.28,16.03,11.23,23.07,33.19,54.59,12.83,29.82,71.95,27.46,201.88,51.54,202.38,54.07,27.26,163.0,14.0,20.26,51.13,13.2,49.56,29.81,47.42,82.9,31.57,130.87,17.3,32.97
2024-08-28,19.08,54.79,236.41,699.57,218.22,57.91,24.16,14.02,52.17,139.12,33.1,6.47,30.83,36.49,21.94,17.3,17.53,16.05,11.03,23.47,33.02,54.53,12.88,30.0,70.24,26.04,201.06,51.33,203.77,54.41,28.43,179.27,14.0,20.42,52.48,13.33,47.61,28.48,47.25,79.83,31.68,133.08,17.3,33.67
2024-08-29,19.56,55.28,232.27,710.36,220.35,59.56,24.88,14.7,52.58,136.97,32.91,6.68,30.76,37.63,22.3,18.45,17.94,16.3,11.13,24.56,33.91,55.41,13.55,31.03,65.85,25.8,204.51,51.83,215.0,57.29,27.92,186.09,14.56,20.74,55.66,13.88,48.64,29.31,49.97,95.73,32.44,139.7,17.95,34.27
2024-08-30,19.99,58.9,235.47,734.66,222.91,62.38,25.64,15.14,53.9,143.39,31.8,6.93,31.5,37.97,22.15,18.63,18.37,16.72,11.13,24.98,34.53,57.07,13.83,31.37,67.56,26.47,224.99,53.44,222.42,59.24,28.9,204.74,14.56,20.64,56.21,14.47,49.46,30.97,50.88,98.8,33.37,143.14,18.64,33.87
2024-09-02,19.81,55.74,231.73,712.61,216.51,60.7,24.88,13.84,51.15,138.45,30.92,6.73,31.28,37.69,22.09,17.47,18.18,15.87,10.79,24.29,33.71,54.25,13.41,30.19,64.39,26.06,224.33,52.0,212.59,56.36,27.77,225.22,14.34,20.48,54.43,14.26,47.56,30.14,49.64,100.24,32.55,140.32,18.16,32.87
2024-10-15,24.94,81.22,255.77,1150.8,266.85,74.66,44.52,15.65,66.56,185.73,35.48,7.98,38.94,44.47,42.42,20.34,24.11,19.63,12.97,34.08,47.11,60.2,15.51,53.17,74.88,33.45,259.07,71.18,227.06,63.81,32.43,206.57,15.49,22.19,67.99,17.6,64.96,41.63,59.44,117.22,48.42,175.76,31.38,45.82
2024-10-16,24.88,80.85,250.03,1150.8,261.73,73.32,43.81,15.53,63.8,179.61,33.23,7.85,38.87,43.46,41.39,20.23,23.94,19.04,13.1,33.52,45.81,59.1,15.26,51.24,75.37,32.01,255.63,72.03,225.95,63.13,32.66,227.2,15.31,22.08,70.19,17.6,63.78,42.05,58.45,115.96,46.19,172.21,37.65,43.63
2024-10-17,24.64,79.97,249.63,1158.9,260.66,73.87,45.29,15.4,62.82,185.54,36.06,7.92,40.61,43.06,41.25,20.33,24.12,19.92,13.1,33.22,45.51,60.44,15.46,53.83,76.34,31.96,258.42,72.49,224.09,62.29,32.1,249.9,15.08,21.87,68.62,17.52,64.91,42.13,58.37,118.3,48.37,174.78,43.24,43.03
2024-10-18,25.18,87.96,260.58,1264.17,272.82,78.17,49.25,16.54,70.61,206.74,38.33,8.48,42.1,45.08,43.22,21.11,26.29,21.43,13.32,35.32,47.69,64.58,16.16,57.76,83.9,33.06,272.35,77.56,234.11,64.41,32.9,245.85,15.42,22.24,72.01,18.19,69.32,43.05,60.84,124.44,54.4,184.59,44.75,45.42
2024-11-06,42.93,133.22,292.37,1371.69,296.5,105.58,51.04,16.82,70.04,183.65,39.0,9.18,49.06,49.8,41.18,24.89,25.67,23.32,13.8,32.55,45.97,60.42,17.04,60.6,155.12,33.52,338.38,80.82,238.84,78.22,44.41,251.17,19.1,24.43,83.87,23.14,88.97,48.29,65.94,127.33,72.55,228.75,51.73,56.68
2024-12-13,34.9,119.86,297.71,1355.05,273.25,86.04,49.09,17.08,69.66,309.19,39.23,9.74,45.06,49.53,44.6,25.29,25.23,23.0,14.74,37.62,48.35,56.59,21.82,63.36,126.83,35.09,322.98,76.72,224.83,78.98,45.82,200.91,18.66,23.31,100.31,23.91,80.91,72.94,62.98,128.6,70.86,216.73,39.06,59.37
2024-12-16,34.6,116.9,315.21,1341.1,267.7,83.65,48.58,16.69,70.61,282.67,38.84,9.59,42.98,48.39,43.05,24.62,24.62,22.4,14.71,36.72,47.35,59.0,21.32,75.22,123.66,34.8,315.28,75.75,222.61,78.3,44.79,196.82,18.51,22.99,95.05,23.69,77.37,84.68,62.65,124.99,69.78,210.11,38.2,57.27
2024-12-18,32.73,113.96,326.56,1344.25,267.7,84.55,48.31,16.25,70.45,308.45,37.99,9.24,41.37,47.03,41.19,24.65,24.44,22.93,14.49,36.33,45.45,55.25,21.09,69.01,121.22,34.05,318.56,74.99,219.73,79.66,43.0,196.66,18.81,23.42,96.83,22.55,76.71,78.18,60.59,124.99,63.69,210.11,36.66,56.58
2024-12-19,32.79,113.01,329.77,1346.05,269.84,86.01,48.34,16.3,72.49,322.45,38.03,9.53,41.69,46.34,40.7,26.0,24.87,22.84,14.97,36.8,45.55,57.16,22.41,71.53,133.42,33.98,327.73,78.11,222.98,79.58,42.3,195.54,19.25,23.68,99.92,22.47,76.24,69.77,60.92,127.7,62.98,212.19,36.35,56.98
2024-12-20,34.12,124.32,330.43,1349.2,274.1,86.63,49.26,16.44,74.26,380.35,39.44,9.93,42.82,47.29,44.4,27.43,25.82,23.38,15.33,38.17,52.4,59.89,22.82,76.75,136.34,34.58,331.5,79.25,224.28,79.32,42.16,196.74,18.88,23.47,103.06,23.02,79.37,71.6,61.25,127.88,66.3,211.95,37.96,57.27
2025-02-17,24.03,112.3,430.34,1557.94,261.52,85.08,54.0,16.87,76.59,336.33,35.63,9.76,45.97,44.49,39.32,30.04,28.08,21.19,14.65,44.98,67.05,73.36,30.94,94.0,122.93,31.76,336.75,107.05,222.42,76.78,39.01,190.82,18.58,24.54,139.96,20.35,70.5,59.2,55.4,121.19,59.4,296.82,32.62,51.3
2025-02-18,23.07,106.51,450.24,1472.91,255.54,82.02,52.7,16.92,73.63,327.36,33.8,9.34,45.46,43.35,37.6,30.2,26.74,21.08,14.29,43.42,61.94,72.6,31.34,90.18,116.34,30.97,323.15,108.06,221.21,75.34,37.69,185.29,18.17,24.22,133.64,19.34,67.16,55.45,54.0,117.4,56.03,284.31,30.7,49.7
2025-02-19,23.61,111.84,451.84,1510.7,264.08,84.91,54.63,17.27,75.1,339.88,35.13,9.79,46.49,45.76,39.83,31.33,30.51,21.58,14.48,45.37,64.6,75.67,33.79,92.2,118.54,31.67,342.65,108.57,223.07,76.61,38.16,186.57,18.02,24.06,160.36,19.84,70.24,56.62,56.23,119.03,57.66,298.78,31.66,49.8
2025-03-11,21.92,104.51,392.27,1387.44,261.94,86.9,65.99,18.89,80.86,315.19,37.51,10.39,53.89,49.08,43.68,28.79,28.58,21.85,13.96,44.3,60.85,71.45,42.3,75.63,132.2,30.27,323.96,104.26,228.55,73.98,43.05,179.2,17.54,23.52,199.0,19.55,76.24,70.11,90.72,120.29,60.76,340.85,34.12,63.05
2025-03-12,22.64,105.22,392.67,1393.74,272.4,86.44,64.48,18.98,80.04,323.52,37.31,10.57,53.62,49.08,43.04,28.78,28.78,20.94,13.98,45.83,59.71,71.91,40.83,82.32,133.66,30.68,331.34,111.78,229.01,73.22,43.42,180.24,17.35,23.31,195.52,20.06,75.17,73.27,88.74,121.37,62.82,333.62,33.95,66.14
2025-03-13,21.68,102.05,386.4,1360.89,272.4,84.31,63.75,17.93,77.08,323.76,36.99,10.21,52.36,47.82,42.62,27.13,27.68,20.86,13.86,47.77,57.96,70.07,39.44,83.77,128.29,30.15,322.33,106.88,223.44,71.86,41.69,175.12,17.47,23.04,180.17,19.29,72.96,78.93,81.17,117.76,61.46,319.02,32.92,64.15
2025-03-14,22.04,103.88,415.65,1425.68,272.82,85.51,64.65,18.35,79.14,326.17,37.09,10.46,53.11,48.4,43.96,28.22,28.2,21.07,14.16,49.26,59.2,72.21,40.55,82.66,129.27,30.92,329.37,110.18,226.78,73.3,42.16,176.24,17.69,23.52,185.47,20.14,73.63,76.18,81.83,121.01,64.07,337.05,33.61,66.74
2025-03-31,18.96,97.03,363.42,1261.47,253.62,77.86,61.91,16.94,80.16,329.65,34.41,9.5,50.85,44.91,39.0,29.06,26.77,21.16,12.83,45.75,55.17,65.67,36.48,69.9,112.44,29.02,305.28,96.36,212.59,69.41,38.11,188.41,16.57,22.19,159.3,18.7,66.09,62.45,74.75,111.44,60.48,305.9,29.29,59.67
2025-04-01,19.14,97.29,370.64,1242.12,255.76,77.89,61.43,16.99,79.29,324.38,35.02,9.62,49.85,45.33,39.57,29.29,27.24,21.54,12.91,44.18,55.2,65.89,35.52,68.95,111.22,29.45,305.12,94.21,213.23,69.91,39.24,186.65,16.65,22.45,156.76,18.83,66.65,60.95,72.86,111.44,63.53,300.38,29.53,58.07
2025-04-02,18.96,96.75,370.24,1252.92,255.33,78.12,62.87,17.05,78.71,314.62,35.67,9.6,50.06,45.69,39.14,30.04,27.16,21.84,12.78,44.46,55.7,66.44,36.24,70.04,110.98,29.41,305.78,100.16,214.44,69.66,38.82,184.57,16.8,22.51,158.41,18.66,66.03,61.28,74.34,111.26,62.82,306.76,29.46,57.87
2025-04-03,18.84,95.63,350.6,1239.88,252.13,76.48,59.29,16.69,76.59,296.33,34.42,9.29,49.16,45.05,38.67,26.51,26.57,21.64,12.93,38.38,56.0,65.05,33.69,65.93,110.98,29.24,303.15,98.47,211.56,69.07,39.15,191.94,16.35,22.24,153.87,18.45,65.47,63.36,72.69,109.45,62.44,285.91,29.36,56.88
2025-04-22,17.21,105.34,310.93,1165.2,259.6,76.24,52.53,14.62,74.56,270.14,30.86,8.57,49.03,49.78,36.4,23.43,27.82,22.29,18.08,36.84,50.73,64.13,27.21,62.8,120.0,27.48,284.47,93.57,190.22,66.61,39.85,197.87,15.05,20.53,150.18,16.97,60.08,52.37,66.68,98.44,56.9,252.42,26.86,49.21
2025-04-23,17.21,105.19,317.88,1180.04,259.81,76.79,53.55,14.78,75.89,280.0,31.11,8.6,50.29,50.35,37.13,24.72,27.52,22.36,17.38,39.48,52.92,64.58,28.56,65.7,119.27,27.58,288.24,93.49,195.6,67.2,38.91,196.34,15.01,20.48,166.05,17.05,60.7,56.45,70.06,99.88,57.17,266.04,27.2,50.2
2025-04-25,16.24,102.97,317.35,1162.95,258.1,77.5,56.43,14.66,75.33,274.43,30.61,8.43,49.03,56.28,36.82,24.38,26.99,22.81,16.76,40.13,56.73,66.35,28.59,65.81,120.24,27.53,286.77,93.66,194.86,66.95,38.91,199.15,15.19,20.64,170.29,16.67,57.88,54.45,68.66,100.6,56.84,262.85,26.38,52.79
2025-04-28,15.4,99.4,320.02,1138.2,260.45,80.4,55.03,14.57,74.33,280.46,31.45,8.41,50.29,57.03,35.94,23.85,27.76,22.78,15.58,40.94,57.56,66.45,28.22,68.41,118.78,27.46,284.14,92.69,193.01,66.69,37.6,194.9,15.01,20.53,160.87,16.59,58.29,53.45,67.92,100.6,56.25,258.55,26.07,50.3
2025-05-06,15.88,103.45,339.78,1200.29,264.08,83.53,56.15,14.8,80.82,316.84,34.68,9.21,52.6,57.41,37.66,25.0,28.9,23.62,16.28,45.02,59.95,71.52,33.88,73.58,135.85,28.68,303.15,98.52,198.94,68.73,39.62,225.74,15.98,20.74,182.33,19.42,62.49,57.78,72.86,106.2,60.31,270.7,27.65,56.28
2025-05-07,16.67,102.51,336.71,1200.74,267.49,82.57,58.36,14.84,80.72,314.32,34.39,9.28,54.53,57.13,39.18,24.79,29.6,23.84,15.98,45.2,63.31,71.86,35.63,72.92,131.95,29.05,301.68,97.71,199.41,69.32,39.76,231.51,15.86,20.69,184.07,20.86,62.03,57.62,72.11,108.73,59.82,267.14,27.79,56.78
2025-05-08,17.21,102.57,349.27,1202.09,268.77,82.02,60.19,15.13,79.7,309.59,34.68,9.24,54.7,57.16,40.6,24.92,29.28,23.34,16.23,45.73,65.11,74.8,34.46,76.56,131.22,28.88,302.66,99.45,200.06,69.58,39.85,223.45,15.86,20.74,181.87,25.05,64.29,58.7,72.2,109.27,60.64,270.57,28.23,56.08
2025-05-09,17.51,99.4,338.31,1173.29,264.08,81.57,58.85,14.83,78.53,284.91,34.3,9.06,52.0,57.17,39.59,24.56,28.78,23.29,15.61,44.88,64.28,73.51,31.98,74.41,131.46,28.83,297.91,95.14,199.78,69.83,39.1,230.95,15.9,20.64,175.84,21.88,62.6,57.53,70.39,107.47,59.05,261.5,27.61,55.58
2025-05-12,18.42,100.46,348.33,1219.18,268.34,82.71,60.59,14.99,80.44,290.36,34.45,9.22,55.66,58.86,45.35,25.4,28.79,23.6,15.69,46.67,63.49,74.1,34.31,76.51,129.76,29.0,302.33,95.69,204.14,71.1,39.38,232.16,16.39,21.01,182.04,21.88,65.32,57.78,74.67,109.63,59.93,279.9,27.99,55.58
2025-05-13,18.05,99.17,349.93,1200.29,267.06,83.76,59.67,14.97,80.71,293.09,34.4,9.07,53.79,57.11,44.48,24.91,28.28,23.51,15.42,46.15,64.55,73.2,33.75,75.63,129.27,28.88,299.88,93.83,204.51,71.19,38.91,224.09,16.13,20.96,178.98,21.62,64.03,56.87,73.1,108.73,59.27,276.71,27.34,54.09
2025-05-14,18.96,99.97,371.04,1232.68,268.34,83.14,59.72,14.94,81.24,287.78,34.39,9.02,53.42,55.73,44.5,24.64,27.94,23.33,15.34,46.07,63.45,73.07,33.38,75.7,130.0,28.64,300.53,94.54,203.86,71.27,38.72,225.3,16.13,21.12,177.71,22.51,63.78,56.78,72.86,109.09,59.49,274.5,27.31,54.19
2025-05-15,19.26,97.09,371.44,1193.99,265.57,81.64,58.48,14.63,80.04,284.02,34.08,8.85,52.27,56.14,43.51,23.9,27.02,23.18,15.27,45.49,63.25,71.39,31.58,72.74,127.07,28.4,293.32,88.88,200.8,70.42,38.35,229.25,15.98,20.8,175.25,23.27,63.78,56.28,71.13,107.83,58.73,266.04,26.76,52.59
2025-06-24,20.59,93.42,394.46,1358.65,260.02,77.81,65.01,14.27,81.36,277.7,36.49,10.1,58.72,55.06,49.77,26.45,27.43,24.44,17.14,47.0,65.66,90.83,27.45,84.69,123.66,34.17,290.58,81.9,212.03,70.34,38.36,199.43,16.09,21.28,168.56,21.92,65.78,54.12,66.93,107.29,61.18,257.72,30.94,53.09
2025-06-25,20.41,97.41,401.02,1458.44,261.3,80.51,67.92,14.39,83.14,295.24,37.03,10.18,61.08,55.41,51.73,26.34,27.44,24.68,17.26,48.42,65.9,90.6,29.04,85.34,125.85,33.74,299.86,85.81,214.76,70.68,38.59,203.46,16.13,21.44,171.11,22.04,66.7,54.62,67.34,108.02,63.31,261.42,31.07,53.49
2025-06-26,19.87,96.0,402.93,1518.04,259.17,79.18,66.64,14.32,82.13,289.71,37.11,10.04,61.0,57.47,52.58,26.3,27.1,24.38,17.04,48.03,65.16,89.93,27.93,86.99,123.17,33.57,302.51,85.51,215.33,70.25,38.55,201.44,15.98,21.39,167.63,21.79,66.8,53.7,67.09,107.29,62.11,256.61,32.31,54.49
2025-06-27,20.05,96.26,411.81,1522.56,260.02,79.44,67.71,14.38,82.49,281.36,40.22,10.11,60.86,57.5,52.82,26.29,27.52,24.52,17.25,47.73,64.84,91.21,27.9,90.7,124.39,32.75,306.48,85.13,215.23,71.86,38.74,221.6,16.16,21.49,168.05,22.0,66.7,53.54,67.09,107.66,62.06,259.94,34.12,55.38
2025-06-30,20.59,98.27,411.81,1514.43,264.93,80.13,70.66,14.72,84.39,293.77,38.92,10.17,62.02,58.73,53.6,26.74,28.02,25.3,17.47,48.25,67.44,92.79,28.44,91.28,125.85,34.39,310.46,85.98,214.48,72.2,39.11,216.52,16.13,21.6,172.38,22.26,67.73,53.62,67.67,108.75,63.15,264.14,34.36,55.58
2025-07-01,20.77,100.97,416.59,1448.96,263.84,79.97,69.4,14.57,84.39,289.57,41.21,10.24,60.91,60.28,53.35,26.96,28.33,26.41,17.0,47.69,66.96,93.92,29.24,88.1,125.37,34.1,310.3,86.19,212.03,71.78,39.39,217.32,16.27,21.6,169.84,22.3,67.78,52.87,70.3,108.02,62.66,261.67,36.25,55.08
2025-07-09,20.11,95.4,448.41,1525.27,267.04,82.57,69.07,14.45,83.36,297.49,41.45,10.05,58.66,56.82,50.77,26.43,27.44,25.84,17.14,49.92,68.36,94.14,28.47,87.29,127.07,32.53,306.32,85.73,210.9,72.88,39.39,210.31,16.27,21.55,165.17,23.23,65.42,52.12,67.5,109.12,61.67,254.88,31.62,53.79
2025-07-10,20.05,96.09,466.44,1508.11,267.68,82.19,68.95,14.55,83.18,314.64,40.38,10.1,58.88,56.27,51.41,26.19,27.5,27.32,16.86,49.29,67.24,94.73,28.08,88.14,128.54,32.49,304.99,86.32,211.37,73.73,39.82,210.47,16.65,21.82,160.92,23.19,65.11,51.96,67.5,109.3,61.62,253.15,31.35,52.29
2025-07-11,20.11,97.09,444.31,1558.68,267.68,82.21,68.27,14.63,85.45,310.32,39.77,10.17,58.59,57.03,52.22,25.81,27.96,27.21,17.05,49.49,67.86,93.44,27.99,85.84,129.76,32.41,306.48,90.06,211.56,73.64,39.77,211.52,16.83,21.98,165.29,22.81,65.88,52.95,68.16,109.85,61.73,254.76,31.21,52.29
2025-07-14,19.93,96.4,449.5,1501.79,265.97,81.59,65.87,14.7,85.12,307.18,40.0,10.3,57.67,57.23,52.87,25.61,27.85,27.04,18.7,50.01,71.48,90.44,28.12,90.38,128.05,32.46,304.5,89.08,211.18,74.07,39.39,215.23,17.06,21.93,171.32,22.81,65.67,53.87,68.99,110.03,62.0,256.61,30.97,53.09
2025-07-15,19.74,96.29,487.61,1521.66,265.55,82.95,66.64,14.6,87.79,317.9,39.63,10.21,57.59,58.01,53.43,26.95,27.69,26.6,19.86,51.67,70.42,92.43,28.87,90.9,121.46,31.91,307.81,90.1,211.93,75.25,38.92,212.97,16.76,21.49,177.05,22.21,64.75,52.29,68.9,109.48,61.4,259.82,30.6,52.59
2025-07-16,20.47,96.69,476.68,1493.21,263.62,82.57,67.04,14.67,87.44,311.46,38.9,10.22,57.05,54.79,54.59,27.49,27.69,26.64,19.59,51.95,69.63,104.08,30.6,92.24,122.44,32.13,306.15,89.59,212.88,75.51,39.11,211.28,16.65,21.39,188.43,22.26,65.16,52.79,68.82,109.3,62.27,258.71,30.63,52.49
2025-07-17,20.47,98.21,511.65,1509.01,267.68,83.76,67.68,14.96,88.79,312.67,40.46,10.3,61.59,55.41,55.61,27.68,27.95,26.82,19.64,51.73,70.58,106.04,30.32,96.47,122.93,32.32,312.45,89.13,213.54,76.95,39.11,216.28,17.17,21.87,185.63,22.89,66.44,53.7,69.97,111.12,63.91,267.59,31.01,54.78
2025-07-18,20.47,97.7,498.54,1520.75,266.83,88.4,66.16,14.93,88.16,308.83,40.21,10.37,61.35,55.33,56.64,27.15,27.93,26.84,20.24,51.49,69.53,105.22,29.56,94.19,122.44,32.27,310.13,89.68,213.63,76.86,39.07,219.66,16.98,21.6,182.19,22.68,66.39,53.62,69.64,110.58,63.58,263.03,30.42,53.79
2025-07-22,20.59,97.55,525.31,1473.79,268.11,87.42,66.95,14.94,85.75,310.0,39.37,10.87,58.67,54.9,56.23,27.41,28.36,26.71,19.67,52.11,83.21,116.76,29.41,93.13,121.71,31.79,307.81,90.7,217.96,76.69,39.72,215.87,17.54,22.25,178.5,22.47,66.7,53.12,73.18,111.12,64.19,263.89,30.22,53.59
2025-07-23,20.35,97.06,521.07,1492.31,266.83,86.58,68.25,14.93,85.96,309.81,39.14,10.97,58.91,54.99,57.22,28.02,28.52,27.56,20.1,52.36,80.14,115.75,29.24,91.31,120.0,31.52,305.33,90.66,213.91,76.86,39.39,213.05,17.43,22.2,177.35,22.0,65.67,52.54,71.7,110.39,62.88,260.56,29.74,52.79
2025-07-24,20.29,98.27,530.64,1529.78,272.6,87.18,69.81,15.33,86.12,310.56,39.58,11.03,58.9,55.41,57.49,28.3,28.95,27.35,20.65,52.05,80.11,116.99,31.05,91.59,121.46,31.81,309.63,92.74,218.25,77.54,39.82,213.94,17.47,22.36,177.82,22.43,67.06,53.29,71.87,111.49,63.31,262.78,30.22,53.09
2025-07-25,20.23,100.28,519.71,1513.98,274.09,88.69,68.08,15.31,87.07,319.69,40.36,11.37,59.58,58.49,58.95,29.09,30.21,28.45,21.09,52.54,81.67,115.43,31.07,92.09,120.73,32.17,311.45,98.48,218.53,77.54,39.68,213.54,17.36,22.2,178.92,22.55,67.47,53.79,71.7,112.04,63.42,264.63,30.22,53.99
