date,sh600061_daily,sh600095_daily,sh600109_daily,sh600120_daily,sh600155_daily,sh600919_daily,sh600958_daily,sh600999_daily,sh601211_daily,sh601688_daily,sh601788_daily,sh601881_daily,sh601901_daily,sh601933_daily,sh601995_daily,sz000166_daily,sz000415_daily,sz000417_daily,sz000419_daily,sz000776_daily,sz300059_daily,sz300085_daily
2023-04-21,67.88,27.87,76.63,306.93,18.92,9.98,12.56,28.34,17.91,17.69,18.5,11.03,7.16,29.73,40.77,6.69,51.3,87.04,86.89,92.12,1379.11,124.42
2023-04-24,67.49,28.01,75.84,306.93,18.75,9.98,12.35,28.13,17.88,17.5,18.2,10.93,7.1,29.18,40.21,6.59,52.03,87.42,86.89,90.38,1295.7,125.19
2023-04-25,67.19,27.46,76.1,307.72,18.69,10.21,12.54,28.32,18.05,17.56,18.52,10.89,7.13,28.9,40.39,6.67,50.82,87.42,85.6,89.84,1302.18,121.56
2023-04-28,71.31,28.73,82.42,316.44,19.91,10.41,12.56,28.79,18.44,17.84,18.82,11.97,7.31,31.38,42.51,6.87,52.99,92.74,89.49,92.06,1302.99,152.78
2023-05-08,77.1,29.31,83.12,330.72,20.52,10.61,13.28,31.28,19.25,18.87,20.55,14.74,7.54,31.19,42.79,7.43,55.16,95.21,90.3,97.64,1305.42,163.77
2023-05-09,79.16,29.79,83.21,332.3,20.55,10.4,13.12,30.87,19.26,19.18,21.57,16.11,7.57,31.01,47.07,7.43,55.16,94.64,89.81,98.78,1341.86,159.48
2023-05-10,76.61,28.7,81.46,330.72,20.2,10.28,12.55,30.31,18.69,18.38,20.47,14.5,7.38,30.55,46.08,7.23,55.64,94.83,89.97,96.38,1305.42,156.63
2023-05-11,75.83,28.52,81.19,333.1,20.0,10.34,12.5,30.19,18.7,18.5,20.72,13.59,7.41,31.56,45.41,7.28,56.12,96.36,91.43,95.72,1300.56,154.54
2023-05-12,74.55,28.05,79.79,331.51,20.03,10.26,12.22,29.72,18.57,18.32,20.11,13.33,7.35,31.29,44.7,7.23,55.88,95.98,91.43,94.46,1264.93,145.74
2023-05-15,75.33,28.63,80.75,333.1,20.17,10.32,12.43,30.44,18.79,18.52,21.75,13.64,7.42,31.19,44.37,7.23,56.36,95.02,91.11,95.42,1302.18,141.35
2023-05-17,74.45,28.22,79.61,325.96,19.56,10.25,12.43,30.07,18.64,18.3,21.14,13.58,7.35,30.64,44.16,7.23,55.64,94.26,91.76,93.98,1281.12,142.56
2023-05-18,74.75,28.05,79.26,324.37,19.33,10.38,12.29,29.82,18.71,18.3,20.98,13.49,7.3,30.46,45.2,7.17,55.4,93.88,90.46,93.56,1273.84,144.76
2023-05-19,73.18,28.08,78.03,326.75,18.98,10.29,12.0,29.49,18.35,17.9,20.51,13.44,7.2,29.91,43.84,7.14,54.43,92.55,89.97,92.24,1270.6,140.47
2023-05-23,71.21,27.63,77.77,315.65,18.78,10.21,11.75,28.77,18.04,17.36,20.05,12.97,7.1,29.82,42.12,6.99,53.47,90.46,89.32,90.74,1264.12,130.8
2023-05-24,69.84,27.87,76.63,313.95,18.54,10.09,11.55,28.44,17.72,17.03,19.57,12.64,6.98,29.18,42.26,7.02,52.99,90.08,88.03,89.48,1241.44,127.94
2023-05-25,70.04,28.7,76.8,312.33,18.43,10.1,11.6,28.54,17.81,16.98,19.93,12.63,7.01,29.18,42.27,7.11,52.99,89.32,87.22,90.14,1222.82,125.96
2023-05-26,71.21,28.49,76.89,313.95,18.25,10.17,11.61,28.69,17.89,17.1,19.74,12.65,7.04,29.36,42.23,7.2,52.51,89.51,87.38,91.16,1226.06,127.72
2023-06-28,70.14,26.32,75.3,308.29,17.99,9.87,11.22,27.64,17.44,17.22,19.54,12.2,6.77,28.63,35.51,6.82,50.58,88.57,87.7,87.44,1141.84,125.41
2023-06-29,70.44,26.94,75.13,305.05,17.9,9.86,11.19,27.53,17.46,17.09,19.44,12.29,6.75,28.72,35.53,6.9,50.1,89.15,88.35,87.32,1134.55,127.61
2023-06-30,70.74,26.94,76.45,309.9,18.08,9.92,11.56,27.97,17.72,17.48,19.73,12.89,6.83,28.72,35.88,7.02,50.58,90.31,89.0,88.28,1149.93,129.26
2023-07-03,71.93,27.14,77.24,313.14,18.31,10.02,11.83,28.56,18.01,17.89,20.18,13.05,6.89,28.99,36.55,7.07,51.54,91.47,89.97,89.12,1170.18,128.93
2023-07-04,71.43,27.04,77.42,312.33,18.22,9.94,11.82,28.6,18.09,17.88,20.31,13.07,6.88,28.99,36.49,7.0,51.3,91.28,90.3,89.06,1170.18,129.37
2023-07-05,70.54,26.8,77.33,310.71,18.08,9.91,11.69,28.56,17.99,17.71,20.1,12.88,6.87,28.72,36.14,6.93,51.3,90.7,89.32,89.0,1153.17,126.73
2023-07-06,70.24,26.73,77.07,309.9,17.99,9.86,11.66,28.44,17.96,17.74,20.08,12.77,6.87,28.63,36.16,6.91,51.78,91.08,89.81,88.64,1141.84,125.85
2023-07-07,71.03,26.97,78.04,312.33,18.17,9.84,11.86,28.67,18.22,18.04,20.36,12.89,6.91,28.81,36.23,7.0,51.78,91.86,90.3,89.0,1135.36,123.1
2023-07-10,70.94,27.46,77.95,311.52,18.14,9.79,11.86,28.6,18.33,18.09,20.29,12.99,6.9,29.08,36.59,7.13,51.78,92.05,90.62,89.12,1141.03,123.1
2023-07-11,71.53,27.35,78.74,312.33,18.28,9.9,11.86,28.75,18.34,18.09,20.31,13.05,6.99,29.27,36.91,7.08,52.03,93.59,90.46,89.36,1148.32,125.08
2023-07-12,70.84,26.87,78.12,309.9,18.14,9.97,11.71,28.48,18.2,17.88,19.98,12.91,6.94,29.18,36.42,7.05,51.3,92.24,89.65,88.52,1133.74,122.44
2023-07-13,72.23,27.39,79.01,313.95,18.34,10.02,11.95,28.93,18.42,18.45,20.51,13.46,7.0,29.36,36.99,7.14,51.78,97.07,90.78,89.72,1173.42,128.38
2023-07-14,72.62,27.14,77.77,313.14,18.34,10.03,11.76,28.79,18.34,18.49,20.44,13.38,6.99,29.27,37.08,7.14,51.78,100.35,90.62,89.36,1166.94,128.6
2023-07-17,72.62,27.04,77.86,314.76,18.57,10.11,11.74,28.71,18.37,18.35,20.31,13.26,7.03,29.54,36.6,7.13,51.3,100.93,91.11,88.82,1153.17,131.57
2023-07-18,72.82,27.11,78.21,316.38,18.54,10.05,11.74,28.71,18.38,18.5,20.37,13.33,7.01,29.45,36.7,7.1,51.78,103.63,92.4,89.06,1158.84,128.16
2023-07-19,73.92,27.97,78.57,320.42,19.01,10.16,11.81,28.87,18.51,18.64,20.68,13.49,7.05,29.82,37.0,7.11,52.27,105.17,93.7,89.42,1163.7,129.15
2023-07-20,72.53,27.35,78.04,318.81,18.95,10.13,11.68,28.69,18.33,18.54,20.34,13.23,6.99,30.19,36.75,7.07,52.75,106.91,94.51,88.7,1151.55,126.62
2023-07-21,72.72,27.18,77.77,322.04,19.04,10.15,11.69,28.77,18.36,18.52,20.44,13.22,7.02,30.55,36.8,7.08,53.23,107.1,95.32,88.7,1150.74,124.86
2023-07-24,72.72,26.7,77.6,322.85,19.04,10.08,11.62,28.73,18.3,18.61,20.31,13.19,7.03,30.92,36.33,7.07,53.47,106.71,94.84,88.16,1141.03,125.96
2023-07-25,75.41,29.36,80.42,328.52,19.94,10.26,12.37,29.72,18.99,19.96,21.89,14.52,7.24,30.74,38.24,7.38,54.43,108.07,94.35,91.4,1222.82,133.65
2023-08-10,81.37,33.71,93.11,341.46,24.41,10.31,13.36,32.39,20.14,22.83,24.21,15.12,8.31,32.11,44.22,7.79,66.0,109.22,95.67,100.76,1374.25,164.76
2023-08-11,78.78,31.39,89.5,334.99,23.02,10.19,12.84,31.35,19.52,22.14,22.63,14.42,7.98,31.38,41.6,7.53,65.75,107.68,94.34,98.79,1305.42,149.81
2023-08-14,78.39,31.39,88.0,333.37,22.61,10.21,12.71,31.39,19.42,22.08,22.13,14.09,7.87,31.56,39.97,7.38,65.75,109.8,95.67,97.87,1286.79,153.22
2023-08-15,78.68,32.12,88.71,333.37,22.61,10.25,12.94,31.56,19.61,22.59,22.61,14.26,7.91,31.65,40.51,7.46,65.27,112.89,99.66,98.73,1337.0,154.76
2023-08-16,78.98,32.5,89.32,334.99,22.79,10.28,12.99,31.72,19.7,22.47,22.55,14.2,7.96,31.47,41.21,7.53,65.03,110.77,98.5,98.3,1316.76,162.12
2023-08-17,78.98,32.19,89.32,332.56,22.99,10.29,12.89,31.45,19.62,22.38,22.42,14.12,8.02,31.56,40.92,7.49,65.27,111.15,98.5,97.94,1314.33,157.94
2023-08-18,77.49,30.74,87.29,326.9,22.18,10.29,12.67,31.18,19.38,22.45,21.94,14.03,7.85,30.83,41.43,7.37,63.59,109.22,95.84,97.14,1301.37,150.03
2023-08-21,75.51,29.84,84.38,323.66,21.51,10.18,12.27,30.2,18.86,21.09,21.28,13.73,7.66,30.55,40.78,7.09,63.83,108.84,95.34,94.07,1243.87,151.57
2023-08-22,76.4,30.39,85.71,325.28,21.8,10.21,12.4,30.43,19.04,21.74,21.56,13.84,7.79,30.83,42.41,7.17,64.31,109.03,94.68,94.44,1268.17,163.22
2023-08-23,74.71,29.18,83.86,321.23,21.1,10.19,12.21,29.95,18.86,21.33,21.83,13.55,7.55,30.46,42.0,7.02,64.31,107.87,95.17,92.67,1242.25,155.42
2023-08-24,75.41,29.56,86.94,318.0,21.28,10.15,12.28,30.18,18.96,21.71,21.8,13.69,7.62,30.55,43.15,7.05,63.59,107.29,94.18,93.03,1264.93,147.94
2023-08-25,75.21,30.98,86.15,318.0,21.54,10.21,12.27,30.2,18.94,21.94,21.77,13.65,7.63,30.19,43.78,7.11,64.07,106.33,93.35,93.52,1278.7,144.32
2023-08-28,78.09,32.43,87.56,328.52,22.32,10.25,12.51,30.95,19.17,21.99,22.16,13.74,7.78,30.28,43.49,7.14,64.31,107.87,95.34,95.36,1328.09,151.46
2023-08-29,76.8,31.81,87.29,323.66,22.23,10.22,12.33,30.56,19.06,21.56,22.51,13.6,7.72,30.46,42.22,6.97,64.07,107.87,96.67,95.36,1349.15,157.18
2023-08-30,74.51,30.18,84.83,312.33,21.57,10.19,12.08,30.12,18.63,20.99,22.22,13.18,7.55,30.0,41.13,6.79,64.55,105.36,94.51,93.89,1313.52,150.58
2023-08-31,72.82,29.39,82.8,307.48,20.99,10.31,11.87,29.68,18.44,20.68,21.57,13.05,7.55,29.54,39.57,6.66,62.62,104.59,93.18,92.3,1285.17,144.87
2023-09-01,72.33,29.01,82.8,306.67,21.3,10.31,11.89,29.72,18.46,21.04,21.27,12.92,7.5,30.09,39.81,6.68,62.86,108.45,96.01,93.03,1294.08,138.27
2023-09-04,72.82,29.11,83.5,317.19,21.8,10.31,11.92,29.93,18.68,21.46,21.75,13.07,7.52,30.37,39.95,6.77,63.35,110.38,97.33,94.07,1303.8,139.37
2023-09-05,71.63,28.49,82.18,309.9,21.22,9.95,11.78,29.72,18.56,21.26,21.44,12.84,7.45,30.0,38.96,6.66,64.07,108.45,96.17,93.03,1286.79,135.74
2023-09-06,70.84,27.8,82.53,310.71,20.9,9.99,11.8,29.57,18.58,21.13,21.47,12.76,7.49,29.91,38.55,6.66,65.03,106.33,95.84,92.73,1273.84,135.19
2023-09-07,70.34,27.59,81.92,306.67,20.78,10.02,11.71,29.32,18.55,21.03,21.56,12.67,7.46,29.54,38.25,6.6,63.35,105.75,95.34,91.81,1266.55,135.74
2023-09-08,71.23,27.84,82.09,309.1,20.93,10.02,11.76,29.32,18.62,21.17,21.68,12.72,7.49,29.54,39.14,6.62,64.07,105.56,95.34,92.11,1269.79,138.93
2023-09-18,70.04,27.66,81.56,310.71,23.22,10.21,11.56,29.26,18.7,21.33,21.05,12.55,7.52,30.28,38.49,6.66,63.83,107.68,98.0,91.68,1247.11,129.37
2023-09-19,69.84,27.77,81.56,310.71,23.98,10.34,11.66,29.26,18.76,21.34,21.09,12.52,7.51,30.09,38.67,6.65,64.07,106.91,96.67,91.26,1239.82,127.39
2023-09-20,69.35,27.49,81.39,308.29,23.19,10.4,11.61,29.11,18.61,21.46,21.02,12.49,7.53,29.73,38.25,6.65,63.83,105.17,95.17,90.77,1234.97,127.06
2023-09-21,69.05,27.14,81.21,305.86,23.95,10.35,11.47,28.97,18.53,21.29,20.95,12.37,7.49,29.45,37.49,6.57,63.35,103.43,93.68,90.15,1210.67,127.94
2023-09-22,70.34,27.7,82.97,309.9,26.33,10.35,11.76,29.57,18.87,21.87,21.44,12.82,7.72,29.82,38.71,6.74,63.83,105.17,95.51,91.93,1260.07,131.79
2023-09-25,69.35,27.04,81.39,305.86,24.79,10.48,11.5,29.28,18.72,21.16,21.09,12.57,7.62,29.64,37.65,6.66,63.1,104.4,94.84,90.7,1230.92,129.48
2023-09-26,69.15,26.94,81.74,304.24,24.59,10.48,11.39,29.32,18.6,21.28,21.03,12.46,7.72,29.45,37.8,6.65,63.35,104.01,94.18,90.15,1228.49,131.46
2023-09-27,68.95,27.01,82.18,304.24,24.01,10.44,11.34,29.34,18.68,21.24,21.04,12.47,7.79,29.36,37.78,6.63,63.59,104.01,94.51,90.46,1229.3,134.09
2023-10-20,66.37,28.28,80.51,293.72,29.12,10.18,10.13,29.01,18.27,20.42,20.41,13.19,7.84,27.98,37.78,6.62,58.05,97.07,89.19,89.05,1211.48,142.01
2023-10-23,64.78,28.7,77.95,286.44,26.97,10.11,10.1,28.45,17.92,19.92,20.07,13.47,7.57,27.43,37.37,6.42,56.36,95.33,87.04,87.52,1177.47,133.87
2023-10-24,66.76,29.63,79.98,292.1,29.12,10.0,10.25,29.05,18.37,20.57,20.61,14.26,7.87,27.8,38.43,6.65,57.81,98.22,89.19,89.05,1213.91,140.47
2023-10-25,66.96,28.56,79.98,293.72,27.47,10.05,10.19,29.22,18.47,20.79,20.5,13.78,7.79,28.17,37.98,6.68,58.05,91.47,91.02,89.72,1207.43,141.79
2023-10-26,67.36,28.39,79.71,292.1,27.41,10.15,10.2,29.28,18.51,20.66,20.51,13.95,7.84,28.35,37.58,6.71,57.81,89.35,87.53,89.48,1201.76,140.25
2023-10-27,67.26,28.18,79.89,295.34,26.54,9.96,10.28,29.45,18.61,20.6,20.68,13.95,7.87,28.72,37.78,6.77,58.53,90.89,89.53,90.7,1219.58,134.09
2023-10-30,67.96,28.28,79.45,296.96,26.74,10.0,10.28,29.34,18.47,20.26,20.78,13.72,7.98,28.53,37.89,6.71,57.81,91.08,89.86,90.7,1230.11,134.97
2023-10-31,67.86,28.08,80.59,297.77,28.34,9.98,10.33,29.53,18.71,20.87,20.69,13.73,7.93,28.26,37.38,6.71,57.57,91.28,90.36,90.95,1236.58,132.34
2023-11-01,67.86,27.97,80.51,296.15,27.67,9.87,10.5,29.36,18.9,20.9,20.55,13.69,7.95,28.35,37.14,6.68,57.32,92.24,91.69,90.46,1230.11,131.57
2023-11-02,67.16,27.56,79.98,293.72,27.32,9.89,10.53,29.24,18.84,20.96,20.38,13.58,7.8,27.98,37.03,6.65,57.08,91.66,91.52,89.78,1218.77,129.81
2023-11-03,67.36,27.84,80.68,295.34,27.35,9.92,10.66,29.34,18.93,21.3,20.68,13.59,8.22,28.08,37.2,6.69,56.12,92.24,91.19,90.7,1243.87,131.57
2023-11-06,69.94,28.63,84.21,302.62,29.47,10.0,10.89,30.07,19.37,21.82,21.33,14.54,9.05,28.35,39.55,6.94,57.08,93.79,92.18,92.79,1278.7,136.07
2023-11-07,70.74,28.7,84.65,303.43,28.37,9.93,10.85,30.07,19.33,21.72,21.76,14.65,9.96,28.08,39.8,7.02,56.36,93.59,91.85,92.67,1268.98,137.72
2023-11-08,70.04,28.22,83.41,299.39,27.82,9.9,10.77,29.85,19.24,21.38,21.52,14.71,9.51,27.98,39.21,6.92,55.16,93.59,92.02,91.87,1260.88,140.91
2023-11-09,70.14,27.97,82.8,298.58,29.36,9.89,10.7,29.8,19.17,21.21,21.43,14.63,9.74,27.8,39.4,6.89,54.92,92.82,91.52,91.32,1258.45,140.14
2023-11-10,70.24,27.97,82.8,297.77,29.15,9.77,10.65,29.82,19.12,21.22,21.31,14.71,10.27,27.71,39.47,6.92,54.43,92.43,91.02,91.07,1249.54,140.03
2023-11-13,69.84,28.22,82.27,301.0,28.98,9.69,10.7,29.87,19.12,21.12,21.23,14.73,9.72,27.8,39.79,6.88,54.67,93.01,92.52,90.77,1250.35,152.78
2023-11-14,70.84,28.46,82.97,304.24,28.98,9.67,10.77,30.05,19.32,21.05,21.49,15.39,9.66,27.8,43.03,7.05,55.16,92.63,92.35,91.26,1259.26,162.67
2023-11-15,70.74,28.49,84.83,303.43,28.75,9.76,10.76,30.14,19.37,20.96,21.47,15.55,9.72,27.8,43.34,7.08,55.16,92.82,92.35,91.32,1258.45,161.57
2023-11-16,70.14,28.18,85.53,301.81,28.19,9.74,10.66,29.99,19.31,20.78,21.26,15.31,9.97,27.62,43.98,7.03,55.16,92.82,92.18,90.58,1238.2,162.12
2023-11-17,70.64,28.18,89.15,302.62,27.44,9.66,10.71,29.91,19.34,20.62,21.33,15.2,10.51,27.71,44.6,7.06,54.92,93.21,93.35,90.77,1239.01,159.92
2023-11-20,70.24,28.15,86.77,302.62,27.55,9.76,10.65,29.87,19.33,20.48,21.19,14.89,10.21,27.98,43.38,6.98,55.16,94.75,93.68,90.89,1234.97,162.01
2023-11-21,70.34,27.94,85.88,302.62,26.54,9.77,10.74,29.89,19.34,20.61,21.19,14.76,9.78,28.17,42.41,6.98,55.64,98.8,94.51,91.13,1230.92,163.77
2023-11-22,69.64,27.52,85.35,302.62,26.16,9.77,10.63,29.82,19.27,20.46,20.94,14.54,10.04,28.35,42.41,6.92,55.64,100.15,95.67,90.28,1214.72,161.46
2023-11-23,70.14,27.8,86.06,305.05,26.94,9.79,10.68,29.78,19.34,20.17,20.97,14.38,9.89,28.17,42.02,6.94,56.12,97.64,96.17,90.09,1218.77,160.14
2023-11-24,69.45,27.28,84.21,304.24,26.59,9.83,10.58,29.64,19.28,19.87,20.72,14.37,9.45,28.53,41.66,6.97,55.64,97.45,98.83,89.23,1205.0,154.54
2023-11-27,69.05,27.08,83.33,301.81,26.94,9.79,10.52,29.43,19.13,19.54,20.5,14.26,9.07,28.35,40.77,6.97,54.67,95.71,95.67,88.87,1200.14,152.78
2023-11-28,68.85,27.14,83.41,301.81,26.51,9.72,10.5,29.34,19.1,19.28,20.51,14.01,9.03,28.35,40.07,6.95,54.19,96.29,96.17,88.93,1199.33,152.56
2023-11-29,68.15,27.08,82.8,296.96,26.04,9.56,10.38,29.24,18.98,18.72,20.4,14.0,8.93,27.71,40.47,6.86,53.23,95.14,95.84,88.13,1184.76,150.36
2023-12-08,68.25,26.8,82.62,296.96,27.61,9.46,10.34,29.36,18.67,18.41,19.65,13.85,9.28,27.16,40.21,6.91,54.19,96.49,96.34,87.15,1163.7,169.05
2023-12-11,69.45,27.35,84.91,301.0,27.76,9.53,10.46,29.74,18.91,18.68,20.05,14.05,9.42,27.25,41.08,7.0,53.71,97.84,96.67,87.88,1180.71,177.29
2023-12-12,69.05,27.32,84.65,302.62,26.97,9.61,10.41,29.74,18.94,18.74,20.05,14.18,9.3,27.34,40.76,7.0,54.43,100.93,102.48,87.64,1175.04,175.86
2023-12-13,68.65,27.01,84.21,301.81,26.74,9.51,10.26,29.36,18.95,18.44,19.76,14.04,9.18,26.79,39.95,6.94,54.67,101.5,103.48,87.15,1148.32,169.6
2023-12-14,68.55,27.01,83.77,303.43,27.52,9.46,10.2,29.11,19.0,18.46,19.73,14.0,9.24,27.16,39.58,6.91,54.92,104.21,103.31,87.09,1145.89,168.83
2023-12-15,68.45,27.04,84.47,303.43,27.52,9.46,10.18,28.97,18.99,18.32,19.71,14.09,9.28,27.07,39.75,6.85,55.16,103.82,102.48,86.97,1148.32,170.15
2023-12-18,67.76,26.77,84.03,299.39,27.79,9.41,10.12,28.91,18.96,18.26,19.53,14.15,9.71,26.79,39.44,6.83,54.19,99.0,100.49,86.35,1146.7,174.98
2023-12-19,67.26,26.9,83.06,297.77,27.96,9.41,10.08,28.95,19.0,18.39,19.46,14.15,9.52,26.88,39.2,6.82,53.71,96.87,99.33,86.66,1147.51,172.56
2023-12-20,65.97,26.01,80.24,291.29,25.17,9.43,9.9,28.32,18.57,17.89,19.03,13.61,8.57,26.88,37.9,6.66,52.99,95.33,98.16,85.68,1122.4,163.55
2023-12-21,66.37,26.07,80.42,291.29,24.36,9.46,10.0,28.03,18.55,18.18,19.12,13.5,8.34,26.61,37.75,6.63,52.75,97.26,98.99,86.17,1127.26,166.85
2023-12-22,66.46,25.87,79.54,288.87,23.86,9.47,9.95,28.13,18.6,18.06,19.03,13.48,8.34,26.33,37.98,6.71,52.03,95.52,96.5,86.66,1124.83,168.17
2023-12-25,66.56,25.63,78.65,289.68,23.19,9.48,9.93,28.09,18.61,17.85,18.96,13.38,8.18,25.97,37.48,6.74,51.54,93.01,93.02,86.54,1122.4,158.16
2023-12-27,66.17,25.49,78.12,288.06,24.18,9.61,9.87,28.26,18.6,17.93,19.12,13.34,8.13,25.78,37.4,6.72,51.54,95.52,93.68,85.98,1086.77,151.13
2023-12-28,67.16,25.94,80.06,291.29,24.39,9.73,10.28,28.53,18.8,18.18,19.36,13.67,8.3,25.97,38.37,6.82,52.03,96.1,94.51,87.39,1130.5,153.22
2024-01-02,66.46,25.59,79.36,292.91,24.15,9.67,10.15,28.32,18.84,17.88,19.13,13.33,8.23,25.78,37.86,6.68,51.06,97.07,95.67,87.03,1117.54,152.56
2024-01-03,66.66,25.56,79.36,294.53,24.3,9.7,10.14,28.4,18.95,18.1,19.22,13.53,8.21,25.69,37.83,6.69,51.54,98.42,97.0,86.84,1110.25,150.58
2024-01-04,65.47,25.31,78.48,292.91,23.98,9.7,10.18,28.15,18.86,18.02,19.11,13.39,8.11,25.51,37.39,6.63,50.58,98.42,98.83,86.41,1090.01,151.79
2024-01-05,65.07,25.07,77.95,291.29,23.57,9.85,10.06,28.13,18.86,17.99,18.92,13.29,8.05,25.32,36.98,6.68,50.1,97.64,97.17,86.48,1075.43,148.82
2024-01-08,63.88,24.69,76.27,289.68,23.37,9.85,9.89,27.53,18.6,17.6,18.43,12.99,7.9,24.86,34.8,6.51,48.89,96.29,96.17,85.43,1058.43,145.3
2024-01-09,64.38,24.52,75.48,286.44,23.4,9.9,9.72,27.51,18.41,17.54,18.3,12.93,7.9,24.96,34.46,6.48,49.14,97.64,99.33,85.19,1060.86,143.0
2024-01-10,64.28,24.55,75.13,286.44,23.05,9.89,9.75,27.42,18.25,17.59,18.16,12.75,7.79,25.32,34.4,6.47,49.62,98.61,98.83,84.7,1051.14,139.37
2024-01-11,64.68,24.87,76.36,288.06,23.57,9.93,9.88,27.44,18.28,17.76,18.33,12.96,7.91,25.32,34.2,6.48,49.86,99.96,98.83,85.43,1066.52,147.5
2024-01-12,64.38,24.83,75.48,284.82,23.72,10.0,9.79,27.05,18.33,17.72,18.1,12.65,7.75,25.23,33.69,6.48,49.14,98.03,97.67,85.25,1048.71,143.88
2024-01-15,64.28,24.8,75.3,284.82,23.46,10.09,9.82,26.96,18.39,17.63,18.16,12.75,7.75,25.32,33.54,6.42,49.38,100.54,98.83,85.07,1038.99,141.79
2024-01-16,64.68,25.76,76.01,284.82,23.66,10.24,9.89,27.36,18.68,17.85,18.4,12.89,7.8,25.14,33.89,6.48,49.14,99.0,97.83,85.25,1047.09,146.4
2024-01-17,64.28,25.18,74.51,284.82,23.08,10.15,9.71,27.15,18.56,17.64,18.03,12.64,7.68,24.68,33.27,6.4,47.93,94.56,95.17,83.78,1006.6,145.63
2024-01-18,63.88,27.21,74.95,288.06,23.08,10.21,9.88,27.42,18.32,17.79,18.29,12.72,7.7,24.31,33.66,6.42,47.93,93.01,92.52,84.7,1038.18,150.36
2024-01-19,63.09,26.39,73.98,279.97,22.35,10.26,9.89,27.21,18.2,17.77,18.18,12.49,7.61,24.31,33.09,6.37,48.65,92.43,91.52,83.96,1028.46,141.02
2024-01-22,61.0,26.56,71.33,269.45,21.3,10.18,9.7,26.9,17.91,17.55,17.94,12.11,7.31,23.3,32.08,6.31,46.73,86.84,84.05,82.25,1004.98,131.13
2024-01-23,62.59,27.21,72.83,275.11,22.12,10.19,9.83,26.8,18.05,17.75,18.28,12.26,7.49,23.4,32.69,6.39,47.69,87.42,82.55,82.74,1029.27,131.35
2024-01-24,66.07,28.04,75.83,292.1,23.02,10.26,10.35,27.65,18.67,18.44,20.1,12.9,7.72,23.95,33.93,6.6,50.82,91.66,86.21,85.37,1074.62,135.52
2024-01-25,67.66,27.35,76.71,295.34,23.63,10.31,10.43,28.05,19.08,18.57,20.25,13.45,7.86,24.5,34.84,6.77,50.58,94.94,90.19,86.29,1081.1,136.84
2024-01-26,69.35,26.77,76.98,297.77,23.4,10.47,10.44,28.24,19.08,18.59,20.3,13.69,7.83,24.5,34.78,6.79,51.06,94.94,91.85,86.35,1062.48,135.19
2024-01-29,67.76,25.31,75.48,292.91,22.41,10.57,10.19,28.15,19.03,18.45,19.89,13.49,7.6,24.04,34.26,6.83,50.1,92.63,89.69,85.43,1038.18,128.27
2024-01-30,66.37,25.18,74.77,288.87,21.6,10.51,10.04,28.05,18.79,18.12,19.71,13.24,7.44,23.76,33.43,6.74,48.65,90.5,85.54,84.39,1017.13,120.02
2024-01-31,66.37,25.45,73.8,280.78,21.3,10.58,9.85,27.92,18.51,17.89,19.66,13.16,7.24,22.48,32.79,6.68,49.38,87.03,80.23,83.96,1010.65,110.68
2024-02-01,64.68,24.42,73.19,277.54,20.93,10.54,9.88,27.9,18.55,18.06,19.29,12.84,7.17,22.11,32.68,6.65,47.93,84.72,77.57,83.17,1027.65,109.91
2024-02-02,63.09,23.24,70.98,269.45,19.65,10.55,9.72,27.61,18.17,17.41,19.01,12.33,6.88,21.74,31.58,6.62,46.97,85.87,74.25,81.94,1008.22,104.2
2024-02-05,61.0,22.24,69.57,252.45,18.31,10.64,9.58,28.32,17.99,17.21,19.63,11.81,6.58,21.01,31.23,6.56,44.08,78.15,66.77,80.47,998.5,91.23
2024-02-06,64.68,23.59,75.04,273.49,19.91,10.73,10.04,29.22,18.63,18.12,20.33,12.63,6.95,22.48,32.96,6.88,48.17,80.86,64.11,84.15,1068.95,98.04
2024-02-07,65.67,24.21,78.39,292.91,21.28,10.61,10.19,28.99,18.71,18.22,19.97,12.67,7.0,23.85,33.03,6.92,49.38,79.7,59.8,85.0,1063.28,101.45
2024-02-08,66.56,24.45,78.74,296.96,21.8,10.53,10.26,29.11,18.82,18.5,20.11,13.08,7.2,24.41,35.05,6.85,50.58,83.94,65.11,85.56,1074.62,106.51
2024-02-19,65.87,24.49,77.15,295.34,21.25,10.83,10.13,28.84,18.74,18.24,19.99,12.83,7.23,23.67,34.12,6.72,50.1,88.96,67.93,85.19,1071.38,111.12
2024-02-20,66.56,24.69,77.51,295.34,21.83,11.0,10.2,29.53,18.95,18.58,20.61,13.53,7.31,23.4,34.59,6.82,50.34,88.77,68.43,85.62,1080.29,113.1
2024-02-21,66.96,24.76,77.68,295.34,21.71,11.35,10.24,29.45,19.12,18.72,20.46,13.38,7.37,23.49,34.63,6.88,50.58,88.96,70.43,86.54,1102.97,114.2
2024-02-22,67.86,24.9,78.39,296.15,22.64,11.48,10.37,29.59,19.28,18.95,21.7,13.68,7.48,23.49,35.08,6.95,50.34,89.54,71.92,87.03,1111.87,117.94
2024-02-23,68.05,25.0,78.65,295.34,22.61,11.35,10.4,29.49,19.23,18.96,21.42,13.68,7.56,23.49,35.11,6.94,50.34,90.12,74.74,86.9,1111.87,121.89
2024-02-26,67.06,25.11,78.04,295.34,22.44,11.1,10.35,29.11,19.03,18.74,21.26,13.47,7.63,23.76,34.69,6.89,49.86,89.35,75.74,86.11,1097.3,121.67
2024-02-27,67.96,25.56,79.54,297.77,22.85,11.1,10.46,29.34,19.12,18.93,21.58,13.72,7.77,24.31,35.17,6.98,50.58,90.7,77.57,87.03,1135.36,127.39
2024-02-28,67.06,25.04,78.3,296.96,22.47,11.03,10.28,29.09,18.95,18.68,20.75,13.44,7.6,23.67,34.29,6.91,52.75,86.65,71.26,85.62,1104.59,117.72
2024-02-29,68.55,25.69,80.24,303.43,23.05,11.09,10.5,29.45,19.12,18.93,21.23,13.75,7.97,24.22,35.41,7.0,55.4,87.61,73.75,86.9,1136.98,123.76
2024-03-01,68.75,25.83,80.86,302.62,23.16,11.0,10.69,29.36,19.13,19.3,21.41,14.22,8.77,23.95,35.51,6.97,53.71,87.22,73.42,87.15,1133.74,126.29
2024-03-04,67.66,26.11,79.71,304.24,23.31,10.93,10.51,29.3,18.95,19.06,21.1,13.94,8.2,23.76,35.01,6.91,52.75,86.45,73.08,86.48,1119.97,126.51
2024-03-05,66.96,25.42,80.06,305.05,22.79,11.2,10.45,29.53,18.96,19.01,20.9,13.88,7.96,23.21,34.69,6.89,51.3,84.52,71.09,86.11,1112.68,128.05
2024-03-06,66.96,25.45,79.01,303.43,22.58,11.18,10.41,29.39,18.9,18.92,21.18,13.88,8.03,23.12,34.86,6.91,52.03,84.91,71.75,85.62,1116.73,126.73
2024-03-07,66.76,25.04,78.48,298.58,22.21,11.23,10.31,29.16,18.81,18.75,20.99,13.61,7.87,23.03,34.22,6.85,51.06,85.29,72.92,85.19,1098.92,121.89
2024-03-08,66.56,25.04,78.3,300.19,22.26,11.2,10.28,29.18,18.77,18.8,20.99,13.56,7.79,22.85,34.28,6.85,51.54,85.87,72.59,85.31,1098.11,123.54
2024-03-11,67.36,25.42,79.45,303.43,22.61,11.16,10.41,29.59,18.99,19.06,21.43,13.75,7.88,23.58,34.69,6.98,52.27,87.22,73.91,86.11,1116.73,127.5
2024-03-12,67.66,25.59,79.62,302.62,22.7,10.97,10.51,29.64,19.0,19.14,21.42,13.9,7.9,23.85,34.94,7.0,52.27,88.0,75.74,86.66,1130.5,128.93
2024-03-13,66.66,25.56,79.01,299.39,22.44,10.89,10.37,29.32,18.74,18.72,21.12,13.68,7.78,23.49,34.61,6.91,51.78,87.61,75.24,85.92,1115.11,129.7
2024-03-14,66.37,25.31,78.04,299.39,22.29,10.97,10.25,29.07,18.62,18.54,20.8,13.43,7.7,23.3,34.19,6.86,51.3,88.57,75.41,85.37,1103.78,126.4
2024-03-15,66.76,25.49,78.74,301.81,22.53,11.12,10.29,29.3,18.65,18.58,20.98,13.64,7.84,23.76,34.22,6.89,51.54,89.54,76.74,85.68,1106.21,127.83
2024-03-18,67.86,25.83,80.42,303.43,23.05,11.0,10.53,29.74,19.0,19.0,21.41,14.47,8.62,23.67,35.54,7.03,52.75,89.73,77.73,87.09,1131.31,132.77
2024-03-19,66.76,25.42,78.92,302.62,22.55,11.0,10.39,29.32,18.7,18.67,21.14,14.03,8.39,23.3,34.92,6.98,51.54,89.35,77.73,85.92,1110.25,131.57
2024-03-20,66.86,25.52,79.01,301.81,22.99,11.0,10.38,29.34,18.7,18.75,21.27,14.15,8.36,23.4,35.11,6.97,51.3,89.93,79.23,86.11,1111.06,134.2
2024-03-21,66.96,25.56,79.62,305.86,23.43,11.18,10.43,29.57,18.72,18.82,21.34,14.34,8.78,22.3,35.16,6.98,51.78,90.12,80.23,86.17,1120.78,135.08
2024-03-22,65.67,24.83,77.86,305.86,22.87,11.12,10.25,29.24,18.56,18.54,21.16,14.17,8.69,21.56,34.47,6.88,50.82,88.57,78.73,84.88,1097.3,133.54
2024-03-25,64.48,24.0,75.57,311.52,21.48,11.15,9.95,28.97,18.19,18.01,20.53,13.74,8.38,21.29,33.27,6.8,49.86,87.03,77.07,82.98,1066.52,131.35
2024-03-26,64.68,24.14,75.66,302.62,21.33,11.26,9.97,28.95,18.28,18.16,20.66,13.9,8.3,21.19,33.2,6.83,50.34,87.03,77.07,83.53,1064.09,127.83
2024-03-27,63.29,23.31,74.42,294.53,20.52,11.35,9.79,28.86,18.08,17.9,20.21,13.36,8.0,20.83,32.4,6.8,49.38,85.1,75.91,82.43,1035.75,119.7
2024-03-28,63.48,23.59,74.42,301.0,20.67,11.33,9.82,28.91,18.05,17.99,20.44,13.38,8.18,21.01,32.51,6.76,54.43,86.84,76.07,82.25,1043.04,130.14
2024-03-29,64.38,23.62,75.04,301.81,20.75,11.42,9.83,29.16,17.57,18.28,20.55,13.56,8.56,20.92,32.68,6.82,53.47,88.19,77.73,81.82,1043.85,136.18
2024-04-01,64.68,23.93,76.45,312.33,21.19,11.51,9.93,29.51,17.7,18.57,20.77,13.73,8.61,21.47,33.09,6.92,57.32,89.15,79.56,82.49,1060.05,131.24
2024-04-02,63.98,23.73,76.01,309.9,20.96,11.57,9.88,29.53,17.51,18.58,20.59,13.47,8.74,21.19,32.76,6.89,55.88,89.54,80.23,81.88,1048.71,126.29
2024-04-08,61.89,23.31,74.69,307.48,20.08,11.52,9.65,29.03,17.14,18.2,19.87,13.05,8.36,20.64,31.59,6.86,55.88,90.5,78.73,80.29,1014.7,118.93
2024-04-09,61.99,23.42,75.04,308.29,20.2,11.48,9.69,28.99,17.15,18.07,19.8,12.99,8.59,21.01,31.78,6.82,56.12,93.21,80.89,80.78,1021.17,120.24
2024-04-10,60.7,22.83,73.89,305.86,19.74,11.44,9.59,28.42,16.9,17.59,19.38,12.64,8.42,20.64,31.27,6.79,55.88,93.59,80.39,79.92,1005.79,115.96
2024-04-11,60.8,23.04,74.07,307.48,19.79,11.46,9.56,28.47,16.81,17.47,19.4,12.55,8.14,20.55,31.17,6.77,55.64,93.59,82.22,79.49,997.69,114.64
2024-04-12,59.41,22.31,72.75,298.58,19.33,11.42,9.41,28.17,16.53,17.06,19.08,12.45,8.12,20.09,30.66,6.65,53.71,95.14,83.05,78.08,979.87,112.0
2024-04-15,61.89,23.28,74.42,300.19,19.68,11.6,9.56,28.99,16.87,17.36,19.7,12.75,8.32,19.82,31.43,6.83,56.12,89.93,81.89,79.0,1008.22,106.07
2024-04-16,61.7,22.59,73.01,294.53,18.6,11.52,9.39,28.84,16.67,17.25,19.41,12.49,7.85,19.18,30.97,6.79,54.19,84.72,73.75,78.26,991.21,98.81
2024-04-17,62.39,23.21,74.51,302.62,19.59,11.68,9.58,29.3,16.96,17.58,19.72,12.73,8.07,20.09,31.56,6.82,58.05,88.38,76.41,79.55,1014.7,105.3
2024-04-18,62.49,23.24,75.3,307.48,19.85,11.91,9.59,29.7,17.03,17.75,19.82,12.78,8.08,19.91,31.8,6.94,59.25,87.8,73.75,79.92,1009.84,104.75
2024-04-19,62.19,22.9,74.51,308.29,19.68,11.81,9.57,29.85,16.99,17.6,19.71,12.66,8.01,19.91,31.48,6.97,59.49,87.8,73.75,79.12,998.5,102.0
2024-04-22,61.7,22.83,74.24,304.24,19.68,11.87,9.57,30.05,16.97,17.54,19.48,12.79,8.02,20.0,31.55,6.98,58.05,87.03,71.75,79.18,1002.55,101.56
2024-04-24,61.4,23.0,74.24,309.1,20.03,11.8,9.53,29.85,16.89,17.29,19.71,12.78,8.46,20.09,31.45,6.95,59.25,86.65,72.75,79.06,1011.49,105.96
2024-04-25,61.3,23.04,72.39,307.48,20.08,12.2,9.53,30.12,16.91,17.33,19.56,12.66,8.46,20.46,31.28,7.0,59.01,86.84,74.25,78.94,1003.36,104.64
2024-05-14,63.88,24.38,77.15,305.05,22.53,11.77,10.13,31.08,17.65,18.24,21.04,14.24,9.9,22.3,34.8,7.2,61.9,93.59,79.23,80.96,1060.23,105.85
2024-05-15,62.59,23.83,74.95,301.0,21.16,11.8,9.9,30.47,17.39,17.88,20.35,13.58,9.11,22.02,33.46,7.05,61.18,93.4,78.9,79.86,1032.61,103.54
2024-05-16,62.49,23.83,74.51,301.81,20.87,12.03,9.9,30.49,17.41,17.94,20.19,13.58,9.03,22.11,33.57,7.03,60.7,94.56,80.56,79.92,1041.55,105.08
2024-05-17,63.48,24.21,75.57,305.05,20.93,12.12,10.06,30.72,17.65,18.2,20.45,13.84,9.12,22.48,34.02,7.12,61.66,95.33,80.56,81.08,1061.86,107.27
2024-05-20,63.58,24.24,75.04,305.05,20.69,12.01,10.07,30.62,17.75,18.33,21.0,13.82,9.1,22.2,34.08,7.11,61.18,94.17,80.56,81.45,1064.29,106.07
2024-05-21,62.99,24.04,74.51,299.39,20.49,12.1,10.0,30.6,17.62,18.28,20.8,13.73,9.05,22.11,33.77,7.09,60.21,93.98,79.73,81.02,1059.42,105.52
2024-05-22,63.48,24.17,74.69,298.58,20.46,12.07,10.02,30.6,17.63,18.31,21.16,13.88,8.97,22.48,33.92,7.09,59.97,93.98,80.06,81.02,1060.23,106.18
2024-05-23,62.09,23.42,73.27,292.1,19.97,11.99,9.83,30.05,17.38,18.05,20.64,13.48,8.82,21.93,32.79,7.02,58.77,91.86,77.57,79.86,1036.67,102.88
2024-05-24,61.6,23.07,72.39,290.49,19.65,11.91,9.7,29.76,17.23,17.77,20.11,13.19,8.73,21.74,32.27,6.94,58.53,91.66,78.07,79.06,1017.99,100.68
2024-05-27,61.8,23.16,72.92,292.91,19.76,12.12,9.77,30.01,17.81,17.98,20.31,13.29,8.78,21.56,32.67,7.03,60.7,92.63,77.9,79.55,1029.36,101.23
2024-05-28,61.3,23.5,72.13,288.06,19.62,12.09,9.68,29.76,17.54,17.83,19.99,13.05,8.64,22.48,32.23,6.95,60.46,91.28,76.24,78.88,1017.99,99.91
2024-06-13,58.91,21.94,69.57,275.92,18.57,10.96,9.47,29.36,17.46,16.69,19.6,12.89,8.62,24.59,31.8,6.8,58.29,83.75,69.1,76.98,988.74,94.96
2024-06-14,59.31,22.32,71.51,279.77,18.95,11.41,9.68,29.62,18.29,17.15,20.0,13.27,8.79,25.69,32.55,6.88,59.49,83.75,69.43,77.9,1002.55,96.39
2024-06-17,58.91,22.29,71.51,283.06,18.89,11.25,9.66,29.93,18.14,17.1,20.07,13.43,8.8,24.96,32.79,6.95,60.21,82.4,68.1,77.96,1002.55,94.63
2024-06-18,59.61,22.43,71.78,287.18,19.12,11.34,9.73,30.01,18.29,17.17,20.05,13.52,8.83,25.87,32.97,6.94,59.73,82.98,68.6,78.02,1005.8,96.17
2024-06-19,59.01,22.18,70.98,283.06,18.81,11.39,9.63,29.8,17.96,17.06,19.82,13.23,8.59,26.52,32.43,6.94,59.49,83.17,68.6,77.4,990.36,95.84
2024-06-20,57.92,21.56,70.01,278.95,18.51,11.27,9.51,29.68,17.84,16.87,19.62,13.23,8.55,25.32,32.3,6.88,58.29,81.05,67.44,76.55,970.05,92.11
2024-06-24,56.83,21.35,69.48,269.9,18.08,11.27,9.48,29.72,17.76,16.74,19.5,13.0,8.42,23.95,31.86,6.72,58.53,78.93,66.11,76.0,958.68,89.25
2024-06-26,56.93,21.56,69.13,279.77,18.05,11.25,9.42,29.72,17.87,16.55,19.21,12.72,8.42,24.04,31.39,6.74,59.49,81.05,68.6,75.69,949.74,93.54
2024-06-27,56.83,21.25,68.25,274.83,17.61,11.33,9.35,29.68,17.76,16.26,19.11,12.56,8.29,22.75,30.9,6.72,57.32,79.51,67.93,75.38,921.31,91.12
2024-06-28,56.13,20.69,66.57,274.83,17.18,11.45,9.23,29.05,17.67,16.13,18.38,12.29,8.09,22.75,30.05,6.59,61.42,80.08,67.93,74.59,857.93,88.81
2024-07-02,56.33,20.73,66.31,275.66,17.53,11.64,9.23,28.74,17.83,16.13,18.19,12.36,8.17,21.74,29.71,6.65,61.9,82.4,70.26,74.89,834.37,95.62
2024-07-03,56.74,21.46,66.31,275.66,17.53,11.62,9.28,29.09,17.84,16.13,18.05,12.35,8.15,21.84,29.77,6.62,61.9,83.36,71.59,74.89,833.56,91.23
2024-07-04,55.62,20.97,64.9,269.9,17.03,11.65,9.09,28.76,17.62,15.91,17.92,12.02,7.92,21.1,28.59,6.54,60.7,81.24,68.76,73.44,823.0,94.53
2024-07-05,55.82,21.04,65.25,274.01,17.24,11.54,9.11,28.57,17.54,15.94,17.89,12.0,8.0,20.74,28.38,6.51,60.7,82.21,69.43,73.0,829.5,98.48
2024-07-08,54.51,20.21,63.13,265.78,16.57,11.64,8.85,28.42,17.38,15.47,17.13,11.18,7.75,20.0,27.09,6.4,59.49,80.08,67.77,70.68,809.19,92.22
2024-07-09,55.52,20.8,65.02,271.54,16.97,11.85,8.99,28.86,17.54,15.92,17.61,11.35,7.99,20.0,27.68,6.45,61.66,80.47,68.43,71.62,823.0,91.01
2024-07-10,55.52,20.8,65.38,268.25,16.71,11.87,9.02,29.16,17.56,15.99,17.76,11.34,7.95,19.63,27.56,6.51,61.9,79.51,67.27,73.44,822.19,88.81
2024-07-11,56.33,21.98,66.27,274.01,17.15,11.75,9.21,29.51,17.67,16.18,17.86,11.45,7.98,20.09,28.11,6.56,62.38,81.49,69.6,74.57,847.37,91.34
2024-07-12,56.64,21.39,66.27,274.01,17.35,12.05,9.21,29.62,17.55,16.18,17.9,11.37,7.86,20.0,27.94,6.54,62.38,82.28,69.26,74.26,841.69,92.0
2024-07-15,57.04,21.28,65.82,274.83,17.15,12.15,9.21,29.66,17.6,16.2,17.85,11.29,7.85,19.63,27.87,6.56,62.14,82.08,68.1,74.38,839.25,89.03
2024-07-16,57.85,21.18,66.54,273.19,17.12,12.11,9.3,29.94,17.76,16.32,18.01,11.48,7.85,19.63,28.5,6.59,62.14,81.69,68.1,75.26,849.0,89.58
2024-07-18,58.36,21.35,66.81,277.3,17.15,12.18,9.45,31.06,18.13,16.58,18.18,11.57,7.92,21.56,28.72,6.63,64.07,82.68,68.27,75.89,856.31,87.93
2024-07-19,58.46,21.49,67.26,283.06,17.32,12.1,9.61,31.26,18.32,16.77,18.53,11.73,8.01,20.74,29.24,6.69,65.27,81.49,67.93,76.71,869.31,88.81
2024-07-22,58.66,21.46,66.99,279.77,17.47,11.98,9.68,31.34,18.43,16.82,18.68,11.77,8.01,20.64,29.46,6.66,64.31,80.89,67.6,76.52,868.5,90.57
2024-07-23,57.75,21.04,65.65,278.13,17.5,12.04,9.55,30.72,18.11,16.52,18.24,11.37,7.72,20.46,28.61,6.62,63.35,80.3,67.44,75.58,840.87,89.25
2024-07-24,57.65,20.66,65.29,276.48,16.89,12.05,9.53,30.72,18.02,16.54,18.15,11.35,7.54,19.82,28.23,6.57,63.59,79.51,67.1,75.26,823.81,86.94
2024-08-08,58.56,22.36,68.61,292.11,18.25,11.56,10.37,31.38,18.44,16.86,18.96,12.45,7.77,25.32,29.65,7.02,66.48,86.25,72.75,76.27,866.87,94.42
2024-08-09,58.26,22.05,67.89,288.82,17.99,11.58,10.28,31.17,18.35,16.78,18.82,12.42,7.67,24.77,29.48,7.0,65.03,84.86,72.41,75.83,849.81,92.66
2024-08-12,58.26,21.77,67.89,288.0,17.85,11.59,10.3,31.17,18.26,16.76,18.89,12.21,7.54,22.3,28.61,7.0,64.31,83.67,71.21,75.39,857.12,89.91
2024-08-13,58.66,22.11,68.52,292.11,18.14,11.71,10.46,31.34,18.37,16.8,19.09,12.44,7.67,21.74,29.1,7.08,64.55,83.67,71.56,75.77,870.93,91.45
2024-08-14,58.66,22.15,67.89,290.47,18.02,11.7,10.36,31.02,18.26,16.64,18.93,12.3,7.68,21.56,28.95,7.06,63.35,83.27,71.04,75.01,865.25,90.9
2024-08-15,59.47,22.36,68.7,293.76,18.17,11.79,10.43,31.53,18.65,16.81,19.11,12.4,7.72,21.74,29.13,7.03,63.59,84.07,71.04,75.58,866.87,93.54
2024-08-16,58.86,21.94,67.98,291.29,17.88,11.82,10.37,31.92,18.57,16.82,19.05,12.24,7.65,20.74,28.72,7.06,62.62,83.07,70.36,75.26,858.75,93.98
2024-08-19,58.97,21.8,68.07,293.76,17.79,12.27,10.42,32.0,18.57,16.92,19.02,12.2,7.52,20.92,28.73,7.08,62.62,83.67,70.7,75.45,862.0,95.62
2024-08-20,58.46,21.42,67.26,291.29,17.47,12.44,10.26,31.79,18.49,16.77,18.72,12.07,7.4,20.64,28.38,7.01,61.42,82.08,70.02,74.89,854.69,93.21
2024-08-21,57.65,21.32,66.99,288.0,17.38,12.39,10.26,31.77,18.35,16.72,18.65,12.03,7.36,20.74,28.45,7.04,60.21,81.88,70.02,74.26,853.87,92.0
2024-08-22,56.84,20.66,66.18,286.35,16.97,12.52,10.07,31.62,18.22,16.46,18.33,11.79,7.21,20.18,27.82,6.96,59.73,80.5,69.51,73.13,827.87,88.15
2024-08-23,56.94,20.69,66.27,286.35,17.0,12.52,10.17,31.87,18.44,16.73,18.59,11.87,7.11,20.46,28.04,7.04,59.01,81.09,68.82,73.76,836.81,89.8
2024-08-26,57.04,20.66,66.45,288.0,17.24,12.62,10.25,31.75,18.43,16.84,18.57,11.9,7.16,20.37,27.94,7.01,59.49,81.88,71.21,74.01,839.25,89.8
2024-08-27,56.84,20.45,65.65,285.53,16.97,12.67,10.13,31.4,18.22,16.63,18.39,11.79,7.01,19.82,27.66,6.96,58.29,81.29,71.21,73.07,829.5,86.61
2024-08-28,56.84,20.69,65.73,287.18,16.94,12.59,10.07,31.36,18.2,16.62,18.37,11.78,7.01,20.28,27.74,6.92,58.29,81.49,72.58,72.37,830.31,87.16
2024-08-29,56.33,20.87,65.29,291.29,17.03,12.22,10.02,30.79,18.35,16.68,18.36,11.71,7.11,20.64,27.97,6.92,59.01,81.09,72.92,72.44,844.12,89.8
2024-08-30,58.86,20.97,66.09,289.65,17.5,11.98,10.23,31.11,19.25,16.94,18.83,12.88,7.29,21.47,29.2,6.99,59.73,82.08,74.12,74.38,877.43,93.65
2024-09-02,57.24,20.34,63.22,277.3,17.03,12.08,10.06,30.94,18.87,16.74,18.55,12.36,7.05,20.74,27.95,6.5,56.84,80.69,74.29,75.96,844.94,90.9
2024-10-15,75.18,25.69,78.77,353.83,21.54,13.55,12.51,41.7,23.47,22.0,22.05,16.45,8.87,28.53,35.88,7.95,66.72,96.75,85.56,96.88,1637.88,391.84
2024-10-16,75.38,25.34,81.11,344.78,21.77,13.92,12.4,41.23,24.23,22.05,21.97,16.29,8.83,27.43,35.22,7.94,67.2,96.36,86.07,97.19,1655.75,470.21
2024-10-17,74.26,24.96,79.22,342.31,21.42,13.92,12.23,40.71,25.01,22.32,21.66,16.23,8.66,26.7,35.03,7.89,66.0,94.57,84.71,96.88,1616.75,469.77
2024-10-18,77.61,26.04,82.73,356.3,22.47,13.86,12.86,43.37,26.43,23.3,22.71,17.08,9.05,27.8,36.88,8.28,67.68,96.36,86.24,101.96,1864.55,502.85
2024-11-06,83.08,28.23,85.97,418.01,23.83,14.1,13.62,43.6,26.86,26.5,23.38,18.32,9.47,43.4,37.98,8.76,117.3,104.09,91.88,109.0,2148.09,591.0
2024-12-13,79.73,27.11,82.91,442.7,23.28,14.09,13.25,42.02,24.97,24.5,25.2,17.88,9.33,65.6,36.78,8.42,97.55,135.81,107.59,104.68,2145.65,513.4
2024-12-16,78.72,26.45,82.19,429.53,22.93,14.18,13.05,41.31,24.79,24.15,24.69,17.73,9.18,70.1,36.42,8.32,96.83,139.58,114.42,103.67,2092.03,511.97
2024-12-18,78.82,25.86,81.56,441.87,22.64,14.47,12.96,41.63,24.67,24.38,24.6,17.81,9.17,63.03,36.17,8.35,95.14,125.9,104.0,103.04,2096.9,519.12
2024-12-19,77.91,25.97,81.56,443.52,22.61,14.33,12.95,41.46,24.64,24.42,24.41,17.8,9.13,57.44,35.88,8.33,93.69,124.12,101.44,103.41,2100.15,502.63
2024-12-20,79.03,26.32,81.74,431.18,22.73,14.43,12.9,41.4,24.64,24.32,24.37,17.83,9.17,57.07,36.24,8.4,94.18,123.92,102.64,103.16,2121.28,512.3
2025-02-17,75.07,24.23,79.58,629.49,22.0,14.89,12.23,39.86,23.2,24.21,22.96,17.23,8.62,50.74,34.26,8.12,87.91,110.83,100.42,101.2,1979.91,463.5
2025-02-18,72.95,23.61,77.69,603.98,21.25,15.08,11.86,39.0,22.91,23.71,22.29,16.75,8.39,47.8,33.35,7.95,85.5,106.07,95.46,98.1,1895.42,428.22
2025-02-19,73.55,23.82,77.78,646.77,21.45,15.0,11.95,39.21,23.09,23.83,22.58,17.38,8.48,47.98,34.5,8.02,85.75,106.87,96.32,98.42,1935.23,442.84
2025-03-11,71.93,23.36,77.07,578.47,21.28,14.83,11.73,38.47,23.8,23.98,22.49,18.88,8.57,44.96,36.22,7.84,79.96,110.83,100.08,97.47,1899.48,406.68
2025-03-12,72.24,23.43,77.43,589.17,22.03,14.67,11.8,38.55,23.71,23.94,22.61,20.12,8.56,44.13,37.29,7.85,79.72,111.03,98.88,97.54,1918.17,421.3
2025-03-13,72.03,23.33,77.52,571.06,21.77,14.86,11.73,38.21,23.59,23.91,22.49,20.44,8.48,42.66,36.95,7.82,78.04,110.83,98.2,97.09,1897.04,408.44
2025-03-14,74.57,23.92,79.4,579.29,22.32,14.7,12.04,39.32,24.11,24.57,23.02,21.75,8.69,45.23,38.05,8.02,80.93,121.93,104.0,100.06,1984.79,472.41
2025-03-31,71.63,26.32,75.18,526.63,20.78,15.11,11.54,38.04,22.6,22.47,21.95,19.33,8.22,43.95,35.36,7.65,80.21,110.24,98.03,101.9,1834.49,395.25
2025-04-01,71.63,26.56,75.72,520.87,20.84,15.24,11.47,38.23,22.61,22.28,22.08,18.94,8.25,42.39,35.53,7.65,80.21,110.04,98.54,102.72,1803.61,377.88
2025-04-02,71.93,28.61,76.35,523.34,21.3,15.51,11.47,38.68,22.66,22.26,22.05,19.19,8.26,42.57,35.6,7.68,82.13,109.64,97.51,101.96,1823.11,382.39
2025-04-03,72.14,29.13,76.26,515.93,21.16,15.49,11.46,38.59,22.5,22.09,22.03,19.11,8.25,46.79,35.4,7.7,75.39,111.62,99.05,102.4,1823.92,382.83
2025-04-22,70.21,29.23,71.67,485.49,19.44,15.81,11.15,36.11,22.41,21.48,20.99,18.54,7.87,50.28,34.34,7.34,69.37,133.43,105.03,97.09,1674.48,347.54
2025-04-23,69.5,29.27,71.58,488.78,19.44,15.68,11.18,36.3,22.46,21.69,20.92,18.67,7.83,50.1,34.27,7.31,69.13,124.91,102.12,96.78,1680.18,351.39
2025-04-25,69.6,29.06,73.65,481.37,19.44,15.8,11.21,36.24,22.61,21.81,20.92,18.67,7.84,49.91,34.15,7.36,70.81,120.55,102.98,97.91,1686.7,346.12
2025-04-28,69.2,27.77,73.29,473.14,18.95,16.11,11.18,36.22,22.61,21.66,20.68,18.48,7.73,49.64,33.65,7.33,71.53,115.59,92.73,97.47,1675.29,340.73
2025-05-06,70.72,28.02,73.74,510.17,19.01,15.92,11.36,35.49,22.69,21.96,21.09,18.39,8.01,47.98,34.16,7.39,80.45,113.61,92.56,99.12,1710.33,356.78
2025-05-07,71.12,28.68,73.83,504.41,19.21,16.16,11.42,35.79,22.82,22.26,21.11,18.6,8.03,48.72,34.48,7.4,77.56,115.99,93.76,99.87,1731.51,353.04
2025-05-08,71.22,28.33,74.01,513.46,19.36,16.56,11.47,35.85,22.85,22.34,21.23,18.84,8.06,48.99,34.71,7.42,77.07,116.78,94.44,100.51,1729.07,352.38
2025-05-09,70.72,27.46,73.02,497.83,19.01,16.86,11.36,35.43,22.79,22.23,20.95,18.41,8.1,47.34,34.12,7.36,76.35,113.01,92.39,99.68,1697.29,342.05
2025-05-12,71.73,28.29,74.64,501.12,19.42,16.89,11.67,36.22,23.15,22.77,21.36,19.19,8.16,48.08,34.9,7.47,77.32,112.22,92.05,101.2,1769.81,359.96
2025-05-13,71.63,27.95,74.55,500.3,19.33,17.2,11.52,36.05,23.11,22.61,21.19,18.97,8.09,48.17,34.68,7.45,77.56,113.81,92.39,101.71,1747.81,355.46
2025-05-14,73.25,28.99,76.53,506.06,19.82,17.15,11.82,36.95,23.75,23.7,21.76,19.64,8.28,47.89,35.67,7.64,80.45,114.2,92.9,109.42,1835.81,400.74
2025-05-15,72.24,28.09,75.81,491.25,19.39,17.15,11.57,36.22,23.5,23.34,21.47,19.3,8.13,46.98,34.97,7.51,79.96,113.01,92.9,107.02,1777.96,378.76
2025-06-24,74.87,31.56,77.61,493.28,19.82,18.98,11.78,36.62,24.43,23.66,22.92,19.79,8.27,44.59,35.94,7.65,78.04,110.24,95.46,106.32,1777.14,444.6
2025-06-25,77.4,34.72,79.94,510.81,20.64,19.34,12.15,38.08,26.65,24.43,23.59,20.43,8.51,44.87,36.88,7.9,81.65,112.22,99.22,109.74,1955.59,515.38
2025-06-26,77.0,36.11,79.22,507.47,20.49,19.79,12.07,37.91,25.51,24.35,23.5,20.04,8.4,44.41,36.32,7.85,80.45,112.42,97.68,109.1,1884.7,488.45
2025-06-27,76.49,35.86,78.86,507.47,20.4,19.07,12.01,37.99,25.25,24.34,23.26,19.91,8.38,44.41,36.35,7.87,80.69,112.42,97.68,110.3,1877.37,492.41
2025-06-30,76.19,34.82,78.86,504.97,20.23,18.99,11.96,37.65,25.17,24.2,23.15,19.95,8.35,44.96,36.21,7.79,80.21,112.22,97.17,108.75,1884.7,484.28
2025-07-01,75.68,34.27,78.5,499.96,20.08,19.31,11.91,37.33,25.31,24.17,22.9,19.86,8.31,44.5,36.05,7.74,80.45,112.02,98.03,108.1,1864.33,483.18
2025-07-09,77.91,41.94,82.18,517.49,20.46,19.6,12.03,37.37,25.33,24.48,22.97,19.86,8.34,43.95,36.37,7.85,83.82,113.61,99.22,111.15,1868.41,468.78
2025-07-10,79.33,39.54,82.73,542.53,20.72,19.75,12.14,37.59,25.47,24.74,23.12,20.04,8.42,44.68,36.68,7.95,85.5,114.2,99.73,112.96,1886.33,471.97
2025-07-11,80.04,39.68,87.1,540.02,21.28,19.3,12.86,37.99,26.14,25.04,23.71,20.28,8.57,44.87,37.27,8.19,87.43,114.61,100.08,114.44,1944.18,485.7
2025-07-14,79.03,37.98,85.92,527.5,20.75,19.39,12.6,37.89,25.74,24.88,23.38,20.19,8.47,44.22,36.82,8.1,84.54,114.81,100.59,114.96,1924.63,466.69
2025-07-15,78.42,37.95,84.92,523.33,20.78,19.1,12.7,38.21,25.43,24.8,23.2,20.0,8.51,43.4,36.61,8.09,82.61,112.18,98.54,115.16,1917.3,459.77
2025-07-16,78.01,38.15,84.55,525.0,20.93,18.94,12.65,37.92,25.29,24.62,23.11,20.12,8.48,43.49,36.54,8.04,84.06,113.19,100.08,113.35,1908.33,460.43
2025-07-17,78.7,37.98,85.19,524.17,21.42,18.97,12.67,38.03,25.35,24.82,23.26,20.15,8.54,43.76,37.01,8.12,86.23,113.6,100.25,113.93,1923.0,466.14
2025-07-18,79.11,37.95,85.1,524.17,21.13,19.07,12.77,38.92,25.81,25.12,23.16,20.22,8.48,43.58,37.09,8.15,87.91,113.6,101.1,116.97,1916.48,462.07
2025-07-22,79.84,40.24,85.56,521.66,21.36,18.57,13.57,39.25,25.98,25.83,23.44,20.65,8.63,43.67,37.67,8.35,85.75,115.82,102.47,121.56,1918.11,486.47
2025-07-23,79.84,39.47,85.56,518.32,21.25,18.57,13.5,39.56,26.27,26.51,23.48,20.64,8.67,45.05,37.67,8.32,85.26,115.41,101.27,126.41,1931.96,483.95
2025-07-24,81.48,40.1,87.92,525.84,22.0,18.29,14.2,40.48,26.67,27.38,24.18,21.15,8.87,45.23,38.38,8.51,88.4,116.83,102.98,129.84,1981.67,492.85
2025-07-25,80.56,39.16,87.1,519.99,21.92,18.41,14.37,40.13,26.92,27.03,24.33,20.99,8.94,44.59,38.08,8.44,88.4,116.02,102.47,128.94,1954.78,476.03
