date,sh600073_daily,sh600084_daily,sh600132_daily,sh600186_daily,sh600189_daily,sh600519_daily,sh600809_daily,sh600887_daily,sh688089_daily,sz000505_daily,sz000568_daily,sz000858_daily,sz000895_daily
2023-04-21,27.77,55.55,600.97,13.73,16.45,13560.66,1677.79,2578.0,38.83,25.91,7716.17,3193.36,654.25
2023-04-24,27.03,55.12,584.71,13.63,16.15,13399.79,1659.25,2519.08,38.07,25.35,7467.97,3119.1,645.75
2023-04-25,27.16,55.26,594.08,13.83,15.98,13599.25,1691.21,2532.89,37.83,24.72,7594.93,3152.52,652.75
2023-04-28,26.9,56.05,584.15,14.13,16.78,13836.12,1745.15,2721.64,33.01,25.31,7619.18,3137.66,649.41
2023-05-08,26.22,55.91,565.64,14.28,16.78,13521.76,1648.5,2774.12,31.87,25.74,7486.49,3182.22,660.34
2023-05-09,26.19,55.55,561.55,14.23,16.61,13533.39,1695.0,2752.94,31.11,25.55,7451.13,3244.79,662.68
2023-05-10,26.25,55.48,561.1,14.38,16.61,13556.97,1668.52,2746.49,31.3,25.51,7333.59,3217.87,666.32
2023-05-11,26.25,55.48,557.34,14.48,16.7,13494.65,1658.12,2723.48,30.94,25.55,7273.98,3203.94,659.56
2023-05-12,26.22,55.55,542.87,14.13,16.53,13410.79,1642.18,2740.97,30.64,25.35,7200.9,3144.53,658.26
2023-05-15,25.96,54.76,545.4,14.03,16.56,13488.59,1652.92,2786.09,30.9,25.48,7270.28,3201.53,658.26
2023-05-17,25.57,54.04,519.6,14.28,16.34,13368.35,1616.89,2745.57,31.3,25.25,7072.26,3143.98,654.09
2023-05-18,25.22,53.47,524.14,14.28,16.23,13289.76,1595.4,2731.76,31.18,24.92,6983.69,3131.35,647.06
2023-05-19,25.35,54.33,539.12,14.33,16.37,13356.56,1631.5,2748.34,31.88,24.98,7178.34,3171.08,650.71
2023-05-23,25.28,53.61,536.31,13.78,16.31,13553.43,1501.56,2823.84,31.95,25.15,7432.61,3230.49,659.56
2023-05-24,24.7,54.33,527.17,13.83,16.17,13446.15,1512.94,2762.15,32.08,24.82,7332.25,3162.73,651.49
2023-05-25,24.44,54.04,529.3,13.63,16.01,13368.35,1514.7,2737.29,31.55,24.62,7294.53,3122.81,649.93
2023-05-26,24.41,54.04,522.52,13.43,15.98,13286.3,1526.71,2713.35,31.5,24.55,7211.34,3158.09,650.19
2023-06-28,24.03,54.33,553.97,14.43,16.92,13583.53,1367.65,2721.49,29.17,24.58,7336.96,3166.26,637.69
2023-06-29,24.13,54.33,540.21,14.23,16.72,13468.24,1325.17,2692.88,29.8,24.62,7148.7,3111.92,635.35
2023-06-30,24.17,55.05,530.37,14.38,16.92,13493.78,1321.45,2701.46,30.59,24.65,7057.78,3107.36,637.43
2023-07-03,24.56,55.05,543.84,14.33,17.03,13757.91,1400.71,2778.73,30.73,25.15,7341.68,3179.36,641.86
2023-07-04,24.53,55.05,540.21,14.53,17.03,13809.78,1437.2,2779.68,31.14,25.18,7437.66,3195.7,641.86
2023-07-05,24.27,55.26,534.74,14.38,16.86,13688.33,1414.14,2744.39,30.39,25.08,7231.21,3141.75,635.09
2023-07-06,24.27,55.55,508.62,14.33,16.92,13589.38,1413.28,2730.08,30.39,25.81,7162.51,3121.23,630.67
2023-07-07,24.47,56.05,495.67,14.33,17.41,13486.04,1414.49,2735.8,30.67,26.11,7117.72,3109.07,633.01
2023-07-10,24.66,55.55,502.75,14.23,17.33,13572.78,1437.84,2707.19,31.35,25.78,7173.29,3126.93,637.69
2023-07-11,24.8,55.62,507.98,14.33,17.24,13645.4,1441.7,2718.63,31.03,25.68,7154.09,3137.19,636.39
2023-07-12,24.7,55.77,504.53,14.83,17.11,13675.72,1459.05,2705.28,30.59,25.48,7201.91,3143.27,632.23
2023-07-13,24.86,55.77,514.03,14.68,17.52,13872.02,1520.6,2765.37,30.69,25.84,7653.19,3279.86,638.73
2023-07-14,24.9,56.05,505.74,14.63,17.46,13988.53,1506.6,2677.61,30.08,26.51,7711.79,3267.32,637.69
2023-07-17,24.99,56.2,507.81,14.63,17.46,13804.75,1505.46,2628.01,29.79,26.24,7509.73,3223.06,634.31
2023-07-18,25.03,56.63,505.91,14.73,17.49,13747.54,1509.53,2604.16,29.67,26.61,7486.49,3199.12,631.97
2023-07-19,25.03,56.34,497.11,14.68,17.93,13749.13,1520.53,2598.44,28.97,26.31,7447.76,3197.6,633.27
2023-07-20,24.9,56.41,494.69,14.63,17.63,13757.11,1520.88,2592.72,29.03,26.21,7484.47,3202.16,631.71
2023-07-21,25.29,56.63,504.82,14.88,17.99,14134.56,1531.74,2615.61,31.85,26.64,7643.09,3253.64,636.39
2023-07-24,25.23,56.56,493.19,14.83,18.23,14133.36,1494.46,2601.3,31.75,26.04,7512.42,3217.36,633.01
2023-07-25,25.43,56.7,508.62,15.03,18.23,14591.4,1606.57,2648.04,31.95,26.31,8040.82,3409.99,638.73
2023-08-10,25.92,59.14,518.23,16.88,19.47,14962.06,1656.26,2658.54,30.37,27.14,7981.55,3349.39,661.9
2023-08-11,25.39,60.36,505.28,16.58,19.33,14634.89,1615.85,2623.24,29.81,26.31,7836.06,3274.35,652.79
2023-08-14,25.26,58.56,498.55,16.53,19.33,14387.52,1601.35,2611.79,28.9,26.21,7742.44,3203.3,650.19
2023-08-15,25.19,58.49,483.35,16.43,19.22,14467.15,1599.43,2610.84,28.17,26.01,7723.24,3163.03,649.15
2023-08-16,25.16,58.56,479.84,16.18,19.08,14523.17,1610.14,2590.81,27.29,26.04,7735.03,3166.83,667.89
2023-08-17,25.59,58.71,527.84,16.43,19.36,14587.41,1640.27,2605.12,28.09,26.14,7916.55,3199.88,662.94
2023-08-18,24.83,58.92,531.29,15.98,19.08,14384.24,1611.99,2570.78,27.68,25.58,7735.7,3106.6,658.0
2023-08-21,24.83,57.2,518.63,16.08,18.97,14291.76,1619.78,2535.48,27.91,25.21,7708.76,3076.97,656.95
2023-08-22,24.73,57.99,516.56,16.23,19.08,14267.82,1616.92,2549.79,29.8,25.25,7706.4,3080.39,653.05
2023-08-23,24.47,57.78,513.34,16.18,18.62,14156.1,1583.72,2514.5,30.06,24.92,7559.91,3039.73,653.05
2023-08-24,25.13,57.78,519.09,16.78,19.22,14493.65,1641.7,2527.85,31.14,25.41,7856.94,3082.48,667.1
2023-08-25,24.96,57.06,502.92,16.88,19.33,14562.91,1648.34,2551.7,31.53,25.08,7799.69,3068.99,672.31
2023-08-28,25.26,55.91,516.5,16.18,18.81,14642.63,1677.97,2558.38,32.27,25.48,7831.08,2991.86,680.64
2023-08-29,25.29,55.98,528.24,17.08,19.3,14773.18,1733.59,2539.3,31.22,25.71,8021.8,3028.15,686.89
2023-08-30,25.16,56.2,527.03,17.48,18.89,14810.44,1727.95,2532.62,32.21,25.28,8001.56,2998.13,698.34
2023-08-31,25.33,56.05,525.88,18.73,18.54,14738.63,1728.31,2480.16,31.31,24.92,7968.63,2961.85,699.12
2023-09-01,25.36,56.2,528.87,20.02,18.43,14770.94,1779.36,2484.93,30.54,25.18,8157.3,3034.61,699.9
2023-09-04,25.69,57.2,534.74,22.02,19.17,14890.24,1876.61,2522.13,30.38,25.64,8273.24,3190.19,693.13
2023-09-05,25.33,56.63,528.24,22.22,19.63,14831.99,1844.41,2483.02,29.23,25.31,8166.9,3148.21,697.3
2023-09-06,25.23,55.84,522.43,22.17,21.61,14850.34,1832.27,2498.28,29.25,25.35,8167.25,3147.64,693.91
2023-09-07,25.09,55.69,509.94,22.57,22.3,14666.81,1811.78,2468.71,28.62,25.02,8012.2,3098.44,693.13
2023-09-08,24.96,55.69,505.74,22.22,23.29,14511.2,1824.56,2459.17,28.81,24.72,8002.94,3076.02,694.69
2023-09-18,25.52,55.84,510.86,26.07,26.97,14596.59,1803.42,2506.87,28.51,25.05,7798.15,3092.74,712.1
2023-09-19,25.23,56.41,508.16,25.92,25.21,14578.55,1785.07,2502.1,28.17,25.05,7800.2,3056.83,725.76
2023-09-20,25.19,56.84,498.95,26.07,24.27,14555.09,1771.08,2493.51,27.65,24.98,7791.97,3036.51,728.97
2023-09-21,24.2,56.48,488.88,24.97,24.96,14350.73,1724.38,2466.8,27.43,24.45,7570.03,2995.09,714.51
2023-09-22,24.6,56.7,497.57,25.87,24.49,14754.58,1758.73,2537.39,28.22,24.82,7786.83,3038.03,715.32
2023-09-25,24.63,56.12,496.3,26.02,24.44,14621.96,1747.37,2543.11,28.32,24.65,7728.51,3018.65,712.37
2023-09-26,24.23,55.91,490.89,26.67,24.3,14491.25,1736.95,2553.61,28.13,24.49,7630.4,2975.9,709.42
2023-09-27,24.5,55.84,491.53,27.17,23.64,14475.29,1725.88,2541.21,28.55,24.45,7619.08,2974.76,713.17
2023-10-20,22.64,54.33,441.98,32.81,24.71,13126.71,1595.21,2476.34,25.88,23.26,6757.73,2729.89,672.2
2023-10-23,22.31,51.82,435.07,32.96,24.49,13118.57,1610.85,2441.05,25.57,22.86,6777.97,2730.84,677.02
2023-10-24,22.61,54.26,446.58,32.61,24.44,13110.35,1642.84,2442.95,25.92,23.23,6819.48,2736.54,677.82
2023-10-25,23.07,54.12,455.79,35.85,23.7,13386.06,1709.74,2484.93,25.99,23.62,7068.17,2837.04,688.27
2023-10-26,23.14,54.04,463.61,35.01,23.42,13344.0,1734.23,2481.11,25.79,23.19,7068.52,2869.52,694.96
2023-10-27,23.6,54.4,476.33,33.11,23.04,13379.75,1731.59,2564.1,26.82,23.42,7168.0,2906.37,703.0
2023-10-30,23.64,56.77,477.66,36.4,23.81,13413.98,1754.94,2544.07,28.07,23.56,7243.46,2974.95,699.25
2023-10-31,23.11,56.91,451.76,35.5,26.2,13442.55,1765.08,2615.61,27.8,23.62,7361.81,2963.56,701.93
2023-11-01,23.24,56.91,445.89,35.7,27.62,14211.88,1792.28,2606.07,28.36,23.72,7612.91,3039.54,705.68
2023-11-02,23.07,56.56,424.37,35.8,27.98,14199.99,1761.72,2607.98,27.91,23.62,7493.19,2999.65,705.68
2023-11-03,23.14,56.41,421.09,38.45,27.9,14453.27,1782.07,2632.78,27.78,23.66,7590.61,3033.28,704.6
2023-11-06,23.37,56.2,429.6,38.45,28.42,14459.33,1795.71,2628.01,28.41,23.89,7567.28,3036.51,691.48
2023-11-07,23.31,56.63,426.96,37.45,28.09,14293.11,1773.86,2632.78,28.52,23.89,7538.13,3026.44,695.5
2023-11-08,23.14,56.7,432.94,35.11,27.21,14350.33,1774.36,2630.87,28.58,23.82,7440.36,3013.52,693.09
2023-11-09,23.04,57.27,433.75,34.96,27.46,14316.58,1774.01,2635.64,28.33,23.62,7400.23,3012.0,690.95
2023-11-10,23.04,57.49,425.29,34.06,27.13,14170.79,1744.37,2625.15,28.12,23.69,7274.68,2980.65,688.54
2023-11-13,23.07,57.34,427.19,35.4,27.13,14076.3,1717.95,2616.56,28.46,23.92,7176.57,2942.28,684.25
2023-11-14,23.04,57.78,425.23,36.25,27.21,14086.44,1719.95,2601.3,28.55,23.92,7189.26,2961.66,686.93
2023-11-15,23.21,57.78,437.2,36.25,27.51,14147.56,1731.59,2600.35,28.86,23.92,7268.85,2987.3,690.41
2023-11-16,23.04,57.78,435.07,37.45,27.16,14044.78,1699.39,2577.45,28.46,23.72,7225.62,2970.59,686.13
2023-11-17,23.07,58.13,432.48,35.85,27.93,13991.88,1684.97,2570.78,28.81,23.69,7145.36,2944.56,680.5
2023-11-20,23.31,58.71,429.49,35.6,30.73,14064.34,1688.25,2590.81,28.78,23.89,7164.91,2933.16,690.95
2023-11-21,23.31,59.07,434.61,34.31,32.24,14283.78,1746.16,2618.47,28.68,23.89,7308.98,2950.26,690.95
2023-11-22,23.31,59.0,428.62,32.16,32.73,14216.03,1734.31,2594.62,28.52,23.89,7229.4,2916.25,691.75
2023-11-23,23.44,59.43,427.13,32.61,29.46,14251.86,1716.1,2605.12,28.8,23.99,7193.38,2907.89,691.75
2023-11-24,23.57,59.14,423.56,31.66,30.7,14180.04,1717.31,2608.93,28.13,24.09,7216.02,2910.93,696.84
2023-11-27,23.41,58.78,415.62,31.31,32.32,14068.32,1693.68,2592.72,28.25,24.05,7083.61,2835.33,694.16
2023-11-28,23.44,58.13,412.91,30.51,32.62,14116.52,1670.76,2601.3,28.51,24.19,7076.75,2825.83,696.84
2023-11-29,23.27,58.06,407.96,29.46,31.58,14161.77,1692.11,2580.32,28.3,24.22,7044.16,2817.28,694.43
2023-12-08,22.94,58.21,386.1,26.82,28.86,13604.86,1652.98,2514.5,26.45,23.49,6517.61,2715.26,701.12
2023-12-11,23.01,58.21,386.67,27.32,28.94,13549.64,1610.85,2511.63,26.58,23.46,6227.75,2644.4,690.68
2023-12-12,23.17,58.56,381.43,27.32,31.83,13645.32,1645.62,2523.08,26.52,23.49,6327.57,2646.3,693.09
2023-12-13,22.88,58.21,367.51,26.82,30.81,13246.41,1585.15,2463.94,26.11,23.29,5979.05,2541.44,690.95
2023-12-14,23.24,58.13,360.03,26.57,30.15,13054.1,1543.73,2468.71,25.99,23.36,5815.08,2519.97,686.93
2023-12-15,23.07,58.06,359.16,26.27,29.57,13126.71,1553.01,2433.41,25.68,23.36,5901.86,2539.92,679.16
2023-12-18,22.64,56.27,352.72,25.62,30.18,13262.37,1558.51,2442.0,24.98,22.89,5926.22,2545.62,680.5
2023-12-19,22.45,56.63,358.82,25.92,29.11,13366.11,1561.58,2427.69,24.7,22.76,5902.21,2532.89,682.11
2023-12-20,22.18,55.98,352.72,25.57,28.61,13316.84,1540.88,2416.24,24.7,22.53,5808.22,2510.09,676.48
2023-12-21,22.21,56.84,362.44,25.57,28.48,13479.97,1583.22,2447.72,24.99,23.09,5857.61,2547.52,681.04
2023-12-22,22.15,56.56,363.65,25.07,27.9,13485.21,1587.0,2480.16,24.57,22.66,5848.01,2534.6,682.91
2023-12-25,22.08,55.98,366.24,26.32,28.28,13496.11,1618.42,2489.69,25.43,22.3,5937.54,2556.07,695.77
2023-12-27,22.31,55.34,365.72,28.61,28.09,13456.24,1610.14,2492.56,24.91,22.43,5840.8,2542.39,708.62
2023-12-28,22.51,55.41,387.36,28.41,27.68,13923.84,1665.9,2561.24,25.88,22.7,6157.08,2661.5,715.05
2024-01-02,22.58,56.48,368.31,29.56,27.73,13601.13,1583.65,2505.91,26.07,22.89,5929.99,2583.61,711.3
2024-01-03,22.54,56.34,367.45,31.36,27.9,13673.69,1578.5,2485.88,25.68,22.89,5852.13,2562.34,711.83
2024-01-04,22.54,56.41,358.93,30.76,28.23,13471.9,1553.01,2477.29,25.33,23.06,5660.03,2513.7,713.17
2024-01-05,22.18,55.26,351.51,29.01,27.43,13426.37,1536.73,2491.6,24.83,22.66,5594.85,2493.19,715.05
2024-01-08,21.85,54.4,347.77,27.96,26.2,13270.02,1524.52,2494.46,24.09,22.17,5494.0,2433.54,713.44
2024-01-09,22.08,54.26,350.88,27.27,26.47,13245.88,1506.67,2509.73,24.18,22.13,5481.65,2428.03,711.03
2024-01-10,22.35,53.76,361.18,28.21,26.14,13249.92,1521.6,2534.53,24.31,22.23,5506.01,2446.83,719.87
2024-01-11,22.51,54.04,368.43,28.41,26.09,13290.84,1520.03,2537.39,24.89,22.36,5548.88,2462.41,712.1
2024-01-12,22.64,54.12,366.07,28.96,25.43,13262.51,1509.96,2551.7,24.63,22.5,5470.67,2445.88,720.4
2024-01-15,22.54,53.76,363.13,29.11,25.04,13237.81,1455.83,2547.88,24.59,22.56,5428.48,2444.55,729.51
2024-01-16,22.61,53.54,367.74,28.06,26.0,13233.21,1460.26,2566.01,24.53,22.46,5443.92,2439.42,731.38
2024-01-17,22.08,52.25,349.55,25.57,24.6,12729.29,1402.28,2518.31,23.7,22.07,5275.83,2377.3,726.03
2024-01-18,21.78,50.17,357.67,23.22,24.44,13002.68,1459.05,2551.7,23.18,21.37,5372.91,2429.74,729.24
2024-01-19,21.62,50.02,351.62,25.57,24.22,13197.45,1467.19,2563.15,23.19,21.4,5413.04,2448.54,726.3
2024-01-22,20.29,46.94,334.99,24.37,22.57,13253.96,1443.98,2545.02,21.35,20.18,5289.9,2412.64,715.58
2024-01-23,20.76,46.94,341.21,24.42,22.98,13068.3,1437.06,2524.04,21.03,20.08,5268.28,2419.86,728.44
2024-01-24,21.75,46.44,336.95,23.62,23.15,13124.81,1433.2,2556.47,21.23,20.67,5205.17,2432.59,734.33
2024-01-25,22.45,49.45,349.26,23.77,23.15,13221.67,1458.69,2582.22,22.06,21.4,5344.44,2490.72,748.52
2024-01-26,22.61,49.16,345.18,23.02,22.43,13216.18,1480.83,2594.62,21.87,23.56,5323.17,2488.63,755.22
2024-01-29,22.15,49.16,345.35,22.02,24.69,13318.53,1486.61,2622.29,20.91,22.53,5380.46,2503.45,755.76
2024-01-30,21.15,46.65,330.16,21.57,24.77,13019.87,1435.98,2602.26,20.19,22.1,5145.48,2426.13,754.95
2024-01-31,20.13,44.5,319.86,20.42,22.98,12954.57,1428.84,2584.13,19.02,20.41,5035.71,2399.34,761.65
2024-02-01,19.73,43.35,320.09,20.82,22.68,12995.9,1456.41,2571.73,18.81,20.28,5040.17,2403.14,761.91
2024-02-02,19.2,41.77,312.78,19.92,20.81,12882.65,1495.89,2571.73,17.5,19.65,4946.86,2352.23,754.68
2024-02-05,17.94,37.61,310.53,17.93,19.08,13157.17,1532.66,2637.55,15.79,17.92,4964.7,2404.47,779.32
2024-02-06,19.17,36.6,329.18,18.28,19.72,13528.4,1569.44,2684.29,16.03,18.52,5263.83,2526.43,786.82
2024-02-07,19.57,34.52,337.87,18.63,18.59,13810.83,1616.06,2697.65,15.29,18.82,5344.44,2543.15,787.36
2024-02-08,20.33,37.97,332.86,20.12,20.21,13770.55,1607.99,2688.11,17.12,19.81,5271.03,2537.83,765.13
2024-02-19,19.96,41.77,340.92,21.22,20.98,13685.23,1605.28,2702.42,17.69,20.41,5322.14,2586.46,784.95
2024-02-20,20.03,43.35,342.99,21.37,23.07,13479.97,1593.5,2735.8,17.5,20.14,5261.08,2552.84,797.53
2024-02-21,20.06,43.49,377.29,21.37,22.9,13864.67,1669.9,2752.02,17.82,20.24,5593.48,2678.98,797.8
2024-02-22,20.29,43.64,377.35,22.27,23.48,13870.48,1677.25,2772.05,18.3,20.31,5673.75,2680.5,802.62
2024-02-23,20.36,44.78,387.13,23.12,23.7,13835.85,1666.97,2764.42,18.92,20.38,5797.24,2692.09,795.39
2024-02-26,20.39,44.86,372.63,23.42,23.7,13681.6,1629.63,2736.76,19.94,20.38,5808.9,2655.04,788.43
2024-02-27,20.62,45.93,374.01,24.62,23.92,13637.37,1614.21,2710.05,20.46,20.71,5828.8,2655.04,787.09
2024-02-28,20.06,43.92,364.74,22.27,23.18,13573.2,1619.35,2690.02,18.62,21.6,5807.53,2650.67,786.29
2024-02-29,20.46,45.07,376.95,23.07,23.7,13681.76,1664.12,2704.32,19.13,21.97,6028.79,2702.35,782.54
2024-03-01,20.29,44.78,377.52,23.42,23.45,13601.53,1692.25,2695.74,19.36,21.64,6031.19,2708.8,780.39
2024-03-04,20.13,44.21,380.11,24.72,23.7,13530.82,1689.39,2684.29,20.0,21.44,5852.13,2665.87,791.64
2024-03-05,19.96,44.0,386.38,23.77,22.46,13682.57,1727.67,2752.02,19.14,21.04,5917.3,2689.81,800.75
2024-03-06,19.9,43.71,383.85,23.92,22.3,13565.12,1699.39,2718.63,18.92,21.07,5787.98,2641.74,787.89
2024-03-07,19.93,43.78,374.53,22.72,24.52,13589.99,1697.82,2723.4,18.66,20.84,5737.55,2626.36,798.6
2024-03-08,19.86,43.64,370.04,23.22,23.7,13491.51,1692.25,2699.55,18.94,20.87,5688.5,2629.59,784.41
2024-03-11,20.16,45.29,379.88,23.57,24.14,13677.65,1728.74,2718.63,19.59,21.17,5931.02,2681.64,780.13
2024-03-12,20.46,46.22,394.67,23.82,24.55,14085.35,1823.92,2733.89,19.92,21.34,6379.37,2817.47,764.86
2024-03-13,20.23,45.72,397.09,24.12,23.86,13943.69,1818.63,2687.15,20.11,21.24,6365.3,2807.02,758.7
2024-03-14,20.19,45.29,390.87,24.37,24.14,13856.36,1794.93,2686.2,20.04,21.01,6415.38,2841.21,762.99
2024-03-15,20.46,46.0,390.87,25.57,25.04,13863.3,1798.5,2749.16,20.3,21.34,6435.28,2896.88,766.2
2024-03-18,20.62,46.44,393.52,26.47,25.54,13788.8,1786.14,2776.82,20.62,21.5,6387.25,2916.06,771.56
2024-03-19,20.66,46.51,396.11,25.67,25.37,13786.86,1788.5,2774.91,20.82,21.77,6542.99,2989.58,765.4
2024-03-20,20.99,46.65,395.59,25.77,25.46,13799.61,1776.5,2766.33,22.07,21.77,6490.16,2981.6,770.22
2024-03-21,21.49,46.08,390.76,25.27,25.68,13794.77,1783.15,2756.79,22.26,21.9,6527.9,2975.14,766.47
2024-03-22,20.92,45.22,376.08,25.52,24.99,13733.02,1762.58,2732.94,21.62,21.44,6282.29,2914.73,762.18
2024-03-25,20.49,44.21,369.52,25.42,24.3,13633.41,1760.23,2707.19,20.56,20.91,6284.35,2882.25,757.9
2024-03-26,20.62,44.43,373.32,24.92,24.14,13797.11,1786.36,2700.51,20.77,20.97,6425.33,2948.74,765.13
2024-03-27,20.33,43.64,365.72,22.87,25.35,13730.19,1758.37,2684.29,20.19,20.74,6327.22,2900.11,692.82
2024-03-28,20.13,44.5,371.77,23.82,25.13,13735.36,1750.09,2652.81,20.3,20.81,6348.15,2908.46,690.41
2024-03-29,20.46,44.78,371.02,23.57,25.07,13745.53,1749.94,2661.4,21.04,21.14,6332.03,2916.25,703.0
2024-04-01,20.99,45.93,379.53,24.07,25.13,13894.29,1803.21,2685.25,21.91,21.44,6563.92,2987.87,715.58
2024-04-02,20.92,46.65,384.66,23.17,24.63,13835.05,1815.78,2649.0,21.51,21.47,6550.88,2954.06,719.07
2024-04-08,21.15,45.57,375.79,22.17,25.29,13453.01,1760.94,2601.3,20.78,21.67,6184.87,2798.09,716.12
2024-04-09,21.55,46.94,386.38,22.97,25.57,13417.17,1753.3,2609.89,21.61,21.87,6112.49,2782.7,711.03
2024-04-10,21.02,46.15,385.58,21.92,24.8,13302.23,1747.66,2593.67,20.88,21.44,6027.07,2718.87,715.05
2024-04-11,20.92,46.36,388.05,21.87,24.58,13302.39,1740.16,2577.45,20.68,21.54,6114.2,2704.06,719.87
2024-04-12,20.59,46.58,375.68,21.52,24.38,13189.62,1714.38,2534.53,20.06,21.14,5861.04,2668.91,719.6
2024-04-15,20.29,44.57,385.4,20.62,21.94,13504.02,1797.85,2579.36,18.75,20.48,6206.82,2798.66,721.21
2024-04-16,19.6,40.19,375.33,19.28,19.74,13479.97,1769.44,2597.49,17.95,18.85,6047.65,2754.02,723.35
2024-04-17,20.33,43.06,376.95,21.07,21.36,13455.75,1736.73,2609.89,18.59,20.28,6068.24,2760.29,722.81
2024-04-18,20.26,41.77,383.1,20.87,20.7,13486.26,1730.81,2642.32,19.17,20.14,6112.49,2754.21,739.15
2024-04-19,20.26,40.84,369.29,20.77,19.94,13291.41,1705.67,2638.5,18.88,20.87,6026.39,2714.69,738.62
2024-04-22,20.59,40.98,374.07,20.52,21.94,13520.81,1740.09,2660.44,18.94,20.48,6113.17,2746.23,737.28
2024-04-24,20.43,42.13,371.48,21.22,21.89,13670.46,1778.58,2669.03,19.91,20.61,6246.27,2830.2,734.6
2024-04-25,20.23,42.56,367.56,20.92,22.0,13665.94,1753.51,2678.57,20.43,20.51,6173.55,2830.2,733.79
2024-05-14,21.55,41.63,434.78,20.92,22.65,13738.1,1879.11,2657.58,24.6,21.87,6240.78,2875.03,721.7
2024-05-15,21.15,43.85,423.67,20.62,22.33,13722.12,1859.69,2651.86,24.69,21.73,6202.7,2875.6,709.34
2024-05-16,21.29,43.78,425.86,20.57,22.74,13758.45,1869.33,2649.0,24.34,21.77,6359.13,2926.51,699.44
2024-05-17,21.58,42.85,424.14,20.77,23.07,13843.2,1883.4,2681.43,24.8,21.97,6512.46,2971.35,705.76
2024-05-20,21.78,42.2,428.11,20.92,23.34,13794.77,1889.11,2724.36,24.98,22.13,6611.6,2988.25,714.28
2024-05-21,21.72,41.91,422.24,20.47,22.76,13762.48,1865.97,2781.59,24.66,22.0,6574.89,2973.81,714.01
2024-05-22,21.62,42.13,415.73,20.57,22.71,13703.64,1852.33,2788.27,23.89,21.73,6415.04,2946.84,710.71
2024-05-23,21.19,40.77,406.87,19.97,21.45,13657.63,1838.27,2793.99,23.21,21.07,6299.78,2917.96,701.37
2024-05-24,21.58,40.55,403.13,19.92,20.84,13537.12,1800.35,2754.88,23.0,21.3,6219.17,2871.42,701.91
2024-05-27,21.39,40.05,408.31,20.17,21.25,13480.94,1793.36,2768.24,23.19,21.14,6199.27,2879.59,712.08
2024-05-28,20.72,40.26,401.86,20.02,21.42,13436.7,1770.58,2744.39,22.73,20.87,6186.58,2850.14,706.31
2024-06-13,19.87,33.66,392.14,18.33,19.47,12551.79,1630.84,2675.32,21.23,19.15,5347.53,2556.26,698.89
2024-06-14,20.14,33.95,395.13,18.53,19.63,12551.71,1676.61,2705.19,20.78,19.19,5351.3,2577.53,706.31
2024-06-17,19.94,33.23,391.45,18.28,19.19,12442.74,1665.76,2676.31,20.56,18.92,5393.83,2578.48,694.22
2024-06-18,20.24,32.51,385.64,18.58,19.17,12281.3,1627.06,2628.52,21.01,19.05,5288.87,2543.53,685.42
2024-06-19,19.9,31.51,380.47,18.13,19.36,12366.79,1607.14,2620.56,20.69,19.02,5259.71,2549.8,683.78
2024-06-20,19.4,34.67,372.42,17.33,18.76,12359.37,1601.0,2553.85,20.56,18.62,5198.99,2511.42,666.74
2024-06-24,18.77,36.39,371.64,16.83,18.07,12165.34,1564.72,2585.71,19.24,17.85,5128.33,2489.2,656.84
2024-06-26,18.83,35.17,377.05,17.58,18.87,12269.73,1556.94,2587.7,20.01,18.48,5122.15,2494.33,659.87
2024-06-27,18.4,33.8,369.72,17.13,18.37,12280.2,1542.37,2565.8,19.58,18.32,5083.05,2462.98,657.12
2024-06-28,18.46,33.37,364.55,17.13,18.23,12089.87,1505.75,2572.77,19.52,18.25,4922.17,2432.4,653.27
2024-07-02,18.83,34.74,357.77,17.53,19.06,12281.93,1489.75,2565.8,19.48,19.02,4939.32,2499.27,656.84
2024-07-03,18.93,34.88,351.52,17.68,19.03,12358.55,1452.41,2569.78,19.7,19.29,4891.98,2488.63,654.37
2024-07-04,18.3,33.01,344.13,17.13,18.18,12241.06,1437.7,2549.87,18.75,18.45,4785.64,2480.84,642.28
2024-07-05,18.43,32.8,347.44,17.43,18.29,11971.31,1412.3,2533.94,19.08,18.42,4712.23,2449.68,643.1
2024-07-08,17.79,31.36,351.34,16.88,17.27,11699.43,1386.75,2509.04,18.4,17.81,4607.26,2391.93,633.21
2024-07-09,17.93,30.57,362.09,17.53,17.3,11847.98,1385.29,2489.13,18.77,17.81,4663.52,2413.97,638.15
2024-07-10,17.99,30.86,358.37,17.18,17.27,11844.35,1396.1,2502.07,18.86,16.77,4579.48,2403.9,654.09
2024-07-11,18.43,31.72,375.0,17.98,17.74,12046.21,1410.04,2558.83,19.67,17.18,4694.39,2478.75,662.61
2024-07-12,18.46,31.58,377.35,17.78,17.99,12184.05,1439.45,2538.91,19.49,17.54,4695.42,2510.08,650.52
2024-07-15,18.67,34.74,377.59,17.63,17.55,12151.75,1429.82,2537.92,20.79,17.21,4744.13,2512.05,655.47
2024-07-16,18.6,35.89,376.33,17.53,18.1,12160.81,1409.96,2542.9,22.2,17.18,4719.09,2511.65,653.54
2024-07-18,18.93,33.3,372.24,17.18,19.3,12338.03,1461.93,2609.61,22.49,17.31,4901.93,2582.97,661.51
2024-07-19,18.77,33.37,373.26,17.23,18.67,12569.63,1489.01,2628.52,21.9,17.07,5041.88,2628.68,664.81
2024-07-22,18.73,32.58,367.8,16.98,18.92,12350.31,1437.84,2598.65,21.97,17.07,4881.34,2585.34,663.99
2024-07-23,18.36,31.87,353.56,16.38,18.97,11987.79,1352.38,2530.95,21.45,16.74,4646.02,2498.25,641.73
2024-07-24,18.23,31.65,350.2,15.73,19.08,11864.37,1321.06,2494.11,20.89,16.44,4595.94,2483.67,636.51
2024-08-08,19.64,37.11,372.06,16.88,20.29,11787.5,1422.52,2428.4,23.15,17.88,4444.66,2528.79,651.9
2024-08-09,19.47,36.39,370.32,16.58,20.79,11837.84,1412.3,2408.48,22.84,17.81,4430.26,2523.47,644.2
2024-08-12,19.64,35.17,366.54,16.28,19.74,11832.07,1396.17,2424.41,22.93,17.68,4427.17,2516.18,651.62
2024-08-13,19.54,35.31,364.07,16.28,19.94,11724.23,1378.58,2398.53,23.07,17.71,4359.94,2474.61,646.95
2024-08-14,19.34,35.17,364.25,16.08,19.61,11644.22,1354.27,2373.64,22.91,17.48,4294.76,2449.59,615.89
2024-08-15,19.37,35.24,356.63,16.28,19.72,11756.19,1352.52,2395.54,22.68,17.44,4340.73,2461.8,633.76
2024-08-16,19.13,35.17,344.92,16.08,19.5,11791.7,1341.5,2392.55,22.51,17.24,4296.48,2462.99,626.61
2024-08-19,19.17,35.53,340.83,15.93,19.28,11744.25,1343.18,2380.61,22.44,17.24,4280.35,2442.1,629.36
2024-08-20,19.0,33.88,335.79,15.63,18.92,11721.84,1329.6,2343.77,22.16,16.84,4248.45,2426.34,620.57
2024-08-21,18.8,34.16,331.52,15.63,18.87,11679.49,1319.68,2328.83,22.04,16.67,4224.1,2407.62,628.54
2024-08-22,18.5,33.3,323.71,15.18,18.45,11617.45,1304.06,2292.99,21.73,16.24,4202.14,2383.78,631.56
2024-08-23,18.43,33.45,323.59,15.28,18.62,11658.15,1297.56,2308.92,20.91,16.0,4241.98,2386.15,637.05
2024-08-26,18.83,34.67,319.27,15.38,18.32,11633.51,1282.45,2274.07,21.36,16.5,4253.46,2327.24,640.63
2024-08-27,18.77,35.96,319.39,15.18,17.88,11568.18,1282.67,2254.16,21.44,16.5,4261.35,2318.96,640.08
2024-08-28,18.93,34.67,321.91,15.28,18.01,11444.02,1208.66,2215.33,21.64,16.74,4052.86,2246.06,632.66
2024-08-29,19.27,34.67,326.3,15.68,18.34,11644.22,1215.96,2277.06,22.13,16.61,4136.83,2340.24,631.28
2024-08-30,20.17,35.53,334.04,16.33,18.65,11890.49,1290.63,2253.16,22.91,16.67,4280.37,2423.98,638.15
2024-09-02,20.17,34.52,323.11,16.03,18.29,11493.45,1222.09,2154.59,21.69,16.81,4037.07,2344.58,639.25
2024-10-15,21.98,36.75,361.31,21.77,22.02,12805.52,1407.26,2638.48,26.41,22.31,4822.6,2837.13,696.08
2024-10-16,21.68,36.75,357.89,20.87,21.94,12543.93,1390.4,2603.63,25.7,21.8,4844.13,2790.83,703.43
2024-10-17,21.45,36.32,352.0,21.07,22.93,12314.06,1344.35,2540.91,25.8,21.13,4707.77,2717.94,696.36
2024-10-18,21.68,36.75,362.15,21.62,23.48,12696.35,1394.27,2628.52,27.35,21.2,4853.1,2817.43,702.02
2024-11-06,23.83,40.98,372.42,23.22,23.89,12943.52,1560.9,2877.44,30.85,23.01,5020.32,2979.98,705.13
2024-12-13,25.3,45.43,408.1,28.86,22.96,12515.09,1455.65,2912.28,33.2,23.58,4944.61,2916.73,721.81
2024-12-16,25.07,45.36,397.89,27.86,22.85,12582.65,1422.44,2907.31,32.5,23.65,4758.36,2848.76,738.49
2024-12-18,24.03,43.21,398.61,26.97,21.39,12947.64,1424.78,2948.13,30.02,22.34,4718.89,2860.78,740.75
2024-12-19,23.83,42.63,390.74,26.42,21.06,12778.82,1410.33,2924.23,29.71,21.87,4663.99,2828.27,741.6
2024-12-20,23.96,42.92,392.83,26.42,21.53,12735.91,1405.0,2907.31,29.86,21.8,4676.55,2821.57,735.95
2025-02-17,21.75,37.32,347.46,35.35,20.32,12314.34,1428.35,2731.07,36.71,20.46,4374.77,2644.09,725.48
2025-02-18,21.28,36.39,351.52,33.36,19.66,12342.62,1394.08,2714.15,33.06,19.79,4312.69,2616.96,733.12
2025-02-19,21.25,37.46,351.64,34.46,19.77,12476.51,1404.59,2797.78,33.32,19.86,4320.67,2635.25,733.68
2025-03-11,21.82,41.05,353.79,33.96,19.5,12959.17,1606.13,2751.98,37.55,20.7,4968.05,2717.46,761.67
2025-03-12,21.65,40.48,349.67,35.25,19.52,12908.12,1584.67,2728.09,36.09,20.5,4929.92,2672.63,749.52
2025-03-13,21.78,40.19,349.55,34.06,19.47,12867.87,1597.99,2727.09,35.89,20.43,4911.04,2660.98,745.56
2025-03-14,22.42,40.91,362.22,34.31,19.85,13622.99,1649.43,2962.07,42.51,20.66,5214.22,2830.01,749.8
2025-03-31,25.5,39.33,359.82,30.26,18.73,13062.26,1586.0,2795.79,36.42,19.73,4709.9,2640.07,762.52
2025-04-01,26.14,40.05,368.55,30.81,18.81,13020.59,1572.31,2794.8,36.64,20.19,4752.38,2648.92,774.68
2025-04-02,25.6,39.55,365.17,30.76,18.81,12962.01,1575.04,2771.9,37.01,20.03,4709.53,2636.05,765.07
2025-04-03,26.31,39.98,367.75,31.21,18.89,13128.2,1614.64,2816.7,36.43,20.7,4813.74,2653.14,774.68
2025-04-22,28.45,39.76,349.86,32.26,18.48,12960.17,1613.16,2880.42,36.11,23.38,4688.84,2614.95,767.89
2025-04-23,27.88,39.26,347.95,32.61,18.48,12986.95,1589.55,2887.39,36.39,22.38,4671.05,2612.34,759.69
2025-04-25,27.14,39.11,348.08,31.61,18.26,12970.21,1562.83,2884.41,37.14,21.57,4551.59,2593.84,756.58
2025-04-28,28.11,37.68,345.49,32.16,18.32,12970.21,1550.69,2847.57,37.02,20.83,4560.31,2630.02,759.41
2025-05-06,27.18,38.11,355.27,34.26,18.78,12971.89,1512.43,2957.09,37.35,21.27,4555.59,2602.69,720.19
2025-05-07,27.88,38.61,353.61,33.71,19.08,13012.05,1511.91,2945.14,37.95,22.21,4570.11,2612.74,721.06
2025-05-08,26.24,38.61,351.83,33.56,18.95,13206.1,1511.69,2941.16,38.26,21.91,4617.67,2649.12,719.02
2025-05-09,26.31,38.33,351.7,32.56,18.89,13314.8,1504.88,2939.17,37.16,22.11,4587.9,2644.7,720.19
2025-05-12,26.24,38.04,352.26,32.61,18.97,13426.26,1525.16,2971.03,37.33,21.74,4596.25,2672.63,721.64
2025-05-13,25.97,38.11,352.13,32.26,18.84,13307.44,1520.35,2962.07,36.76,21.44,4574.83,2673.04,727.17
2025-05-14,25.9,37.97,352.75,32.66,18.81,13681.4,1559.5,2981.98,36.43,21.5,4725.15,2718.66,720.48
2025-05-15,26.0,37.97,351.15,31.71,19.36,13656.46,1550.62,2993.93,37.52,21.77,4657.98,2686.7,717.28
2025-06-24,25.37,39.98,344.55,29.51,19.74,12026.31,1327.76,2870.95,36.49,21.29,4147.48,2406.92,713.79
2025-06-25,25.53,39.83,347.18,29.66,19.83,12015.1,1323.39,2881.33,37.39,21.33,4128.24,2415.56,713.5
2025-06-26,25.03,39.83,344.3,29.76,19.72,12115.27,1329.68,2905.19,36.6,21.33,4135.14,2406.52,712.04
2025-06-27,25.03,39.83,343.99,30.06,19.83,11970.99,1306.07,2896.89,36.89,21.26,4096.29,2395.46,711.46
2025-06-30,24.73,39.9,344.3,29.96,19.88,12025.85,1305.55,2892.74,37.08,21.29,4117.35,2389.83,710.01
2025-07-01,24.96,39.98,344.05,29.71,19.88,11988.14,1290.97,2870.95,37.72,21.56,4084.67,2384.41,712.33
2025-07-09,24.77,40.19,345.74,30.11,20.57,12105.71,1347.15,2873.02,36.74,21.76,4152.2,2444.1,716.11
2025-07-10,24.94,40.48,346.24,29.96,20.62,12170.72,1349.11,2869.91,37.05,21.93,4235.71,2463.8,718.44
2025-07-11,25.24,40.91,345.99,31.11,20.57,12174.99,1341.18,2873.02,37.07,22.23,4324.3,2498.37,723.09
2025-07-14,25.17,40.98,347.36,30.41,20.62,12145.98,1344.8,2852.27,37.55,22.54,4355.89,2520.68,725.71
2025-07-15,24.67,40.19,344.49,30.61,20.35,12038.48,1317.9,2840.86,37.5,22.0,4318.86,2512.44,723.09
2025-07-16,24.67,40.69,345.05,30.91,20.4,12038.74,1326.97,2855.39,37.28,23.01,4382.03,2518.07,723.97
2025-07-17,25.14,40.62,344.49,31.16,20.6,12084.12,1330.45,2915.56,38.05,23.11,4380.58,2528.92,725.71
2025-07-18,25.14,40.77,345.86,31.31,20.62,12260.31,1368.45,2912.45,37.66,23.68,4531.26,2552.2,729.78
2025-07-22,25.78,41.63,351.74,30.81,20.65,12499.03,1441.6,2943.58,40.71,24.22,4697.55,2588.28,744.62
2025-07-23,25.51,41.41,349.49,30.51,20.4,12588.79,1433.51,2935.28,40.28,22.94,4661.24,2581.48,739.67
2025-07-24,25.68,41.84,351.74,30.71,20.81,12725.3,1439.18,2930.09,40.73,25.23,4654.35,2588.7,737.93
2025-07-25,25.34,41.41,353.11,30.61,20.73,12413.88,1402.31,2887.55,40.41,23.92,4532.35,2547.25,728.91
