date,open,high,low,close,volume,amount,outstanding_share,turnover,pct_change,MA_5,MA_20
2022-08-12,70.0,73.8,60.1,60.1,119133625.0,7864877720.0,199605793.0,0.5968445264511937,,,
2022-08-15,57.0,61.19,56.7,56.82,59475630.0,3509521338.0,199605793.0,0.29796545033139393,-5.457570715474214,,
2022-08-16,56.0,61.66,55.01,60.69,45226222.0,2650930792.0,199605793.0,0.22657770258200874,6.810982048574443,,
2022-08-17,60.35,61.86,56.8,57.64,30965039.0,1814533092.0,199605793.0,0.15513096355875805,-5.02553962761575,,
2022-08-18,57.02,58.79,55.5,57.65,20379982.0,1172481799.0,199605793.0,0.10210115494994677,0.017349063150584598,58.58,
2022-08-19,58.01,59.1,54.02,54.26,19856238.0,1121274065.0,199605793.0,0.09947726316740717,-5.8803122289679095,57.412,
2022-08-22,54.0,56.96,53.95,56.35,17120114.0,961875912.0,199605793.0,0.08576962493267919,3.8518245484703284,57.318000000000005,
2022-08-23,55.93,60.83,55.8,59.87,21665593.0,1282497748.0,199605793.0,0.10854190489351179,6.246672582076296,57.153999999999996,
2022-08-24,59.3,60.96,57.23,58.75,12285793.0,719144880.0,199605793.0,0.061550282761582975,-1.8707198931017133,57.376,
2022-08-25,59.01,59.3,54.35,55.3,13214891.0,738634614.0,199605793.0,0.06620494726823885,-5.8723404255319185,56.90599999999999,
2022-08-26,54.81,55.94,50.0,50.2,21365287.0,1117262543.0,199605793.0,0.1070374094803952,-9.22242314647377,56.09400000000001,
2022-08-29,49.04,51.27,48.69,49.09,11626638.0,577106090.0,199605793.0,0.05824799884440228,-2.2111553784860516,54.64200000000001,
2022-08-30,49.02,52.77,48.92,51.74,16427156.0,845275467.0,199605793.0,0.08229799222310145,5.398248115705839,53.016,
2022-08-31,52.0,53.76,50.0,50.18,12120606.0,626793711.0,199605793.0,0.060722716599713115,-3.015075376884424,51.302,
2022-09-01,57.1,59.8,53.85,54.47,44421194.0,2548811140.0,199605793.0,0.22254461322172148,8.54922279792747,51.136,
2022-09-02,54.91,59.8,54.91,56.1,26976389.0,1543447779.0,199605793.0,0.13514832708287178,2.9924729208738787,52.315999999999995,
2022-09-05,55.1,55.62,51.27,52.17,20327715.0,1082191562.0,199605793.0,0.10183930383222896,-7.005347593582889,52.932,
2022-09-06,52.95,53.58,51.34,53.3,12381516.0,649731420.0,199605793.0,0.06202984299158091,2.1659957830170606,53.24399999999999,
2022-09-07,53.6,57.29,53.3,54.87,14913190.0,826665169.0,199605793.0,0.07471321235651712,2.945590994371483,54.181999999999995,
2022-09-08,54.86,57.2,54.51,56.62,12792981.0,721847522.0,199605793.0,0.06409123105961158,3.189356661199194,54.612,55.3085
2022-09-09,57.01,57.48,54.92,55.8,6704055.0,375469782.0,199605793.0,0.033586475117984176,-1.4482515012363084,54.552,55.093500000000006
2022-09-13,56.19,58.22,55.58,55.81,7799766.0,441953878.0,199605793.0,0.03907584986774407,0.01792114695340352,55.279999999999994,55.04299999999999
2022-09-14,55.0,59.49,54.33,59.21,14025063.0,807139020.0,199605793.0,0.07026380742366531,6.092098190288486,56.462,54.96900000000001
2022-09-15,58.51,61.4,55.8,56.2,16768023.0,978247438.0,199605793.0,0.08400569316142042,-5.083600743117711,56.727999999999994,54.897000000000006
2022-09-16,55.89,65.2,55.67,62.6,27395163.0,1703335364.0,199605793.0,0.13724633232463349,11.387900355871894,57.924,55.144499999999994
2022-09-19,62.6,68.03,62.08,62.87,21933351.0,1416638945.0,199605793.0,0.10988333890690237,0.431309904153343,59.338,55.575
2022-09-20,63.5,64.88,61.01,62.71,11899013.0,747926762.0,199605793.0,0.059612563448997694,-0.25449339907746005,60.717999999999996,55.892999999999994
2022-09-21,62.5,63.0,60.06,60.81,10193140.0,626149854.0,199605793.0,0.05106635357020926,-3.0298198054536707,61.038,55.94
2022-09-22,60.58,65.59,60.4,63.34,11563234.0,732528779.0,199605793.0,0.05793035275283819,4.160499917776672,62.465999999999994,56.169500000000006
2022-09-23,62.79,64.34,60.8,61.12,10718889.0,665991854.0,199605793.0,0.053700290151398565,-3.5048942216608925,62.17,56.4605
2022-09-26,60.31,62.36,59.33,60.3,9431701.0,571944927.0,199605793.0,0.047251639635529016,-1.34162303664922,61.65599999999999,56.965500000000006
2022-09-27,60.3,61.75,58.11,61.75,10398608.0,623078362.0,199605793.0,0.05209572249238277,2.4046434494195745,61.464,57.5985
2022-09-28,60.8,61.05,57.37,58.19,10687492.0,629618802.0,199605793.0,0.053542995117381184,-5.765182186234819,60.94,57.92100000000001
2022-09-29,58.92,61.58,58.0,60.9,10062079.0,606463548.0,199605793.0,0.050409754390244574,4.6571575872143,60.452,58.456999999999994
2022-09-30,60.78,61.98,58.81,58.82,7163333.0,430264403.0,199605793.0,0.03588740032209386,-3.415435139573064,59.992,58.6745
2022-10-10,55.9,55.9,47.06,47.06,17192303.0,820001057.0,199605793.0,0.08613128277294037,-19.993199591975518,57.34400000000001,58.222500000000004
2022-10-11,45.97,46.45,37.73,38.0,42514760.0,1682176638.0,199605793.0,0.21299361787560944,-19.252018699532513,52.59400000000001,57.513999999999996
2022-10-12,37.19,39.03,36.22,38.55,34500124.0,1298749951.0,199605793.0,0.17284129624434297,1.4473684210526194,48.666,56.7765
2022-10-13,37.8,40.64,37.45,38.8,27786701.0,1084160627.0,199605793.0,0.1392078886207476,0.6485084306095956,44.245999999999995,55.973
2022-10-14,39.2,39.46,37.49,38.92,26473453.0,1023812555.0,199605793.0,0.13262868077180506,0.309278350515485,40.266,55.088
2022-10-17,38.11,41.2,38.03,40.58,31442274.0,1243877315.0,199605793.0,0.1575218510817469,4.265159301130517,38.97,54.327
2022-10-18,40.15,40.49,39.35,39.76,17666665.0,703154618.0,199605793.0,0.08850777692609352,-2.0206998521439146,39.321999999999996,53.5245
2022-10-19,39.49,40.17,37.6,37.8,21493781.0,827730571.0,199605793.0,0.10768114831216347,-4.929577464788737,39.172000000000004,52.45399999999999
2022-10-20,37.4,41.86,37.2,39.7,38089292.0,1504568225.0,199605793.0,0.19082257797998878,5.026455026455046,39.352,51.629
2022-10-21,39.0,39.0,37.8,38.35,20923505.0,802884397.0,199605793.0,0.10482413704295647,-3.400503778337538,39.238,50.4165
2022-10-24,38.35,39.99,38.29,38.8,20343718.0,797056346.0,199605793.0,0.10191947685606499,1.1734028683181075,38.882,49.213
2022-10-25,38.59,39.76,37.76,38.89,16350062.0,636333812.0,199605793.0,0.08191176094773962,0.23195876288659711,38.708000000000006,48.022
2022-10-26,39.11,40.3,38.1,39.94,23138719.0,914894684.0,199605793.0,0.11592208147986967,2.6999228593468594,39.136,46.978500000000004
2022-10-27,40.45,40.5,38.68,39.4,25173627.0,992040058.0,199605793.0,0.1261167154602572,-1.3520280420630915,39.076,45.7815
2022-10-28,39.26,40.37,38.8,38.95,21378750.0,849788381.0,199605793.0,0.10710485742265005,-1.1421319796954155,39.196,44.673
2022-10-31,39.18,46.29,39.11,44.68,40248329.0,1706268668.0,199605793.0,0.2016390826893486,14.711168164313214,40.372,43.892
2022-11-01,44.0,46.15,43.89,45.07,23373920.0,1047777884.0,199605793.0,0.11710040900466251,0.8728737690241628,41.608000000000004,43.058
2022-11-02,45.09,46.2,44.21,44.58,18341068.0,829035558.0,199605793.0,0.09188645141175837,-1.08719769247837,42.536,42.3775
2022-11-03,44.57,45.47,43.61,44.91,18195328.0,812521015.0,199605793.0,0.09115631228197871,0.7402422611036297,43.638,41.578
2022-11-04,44.11,44.87,43.1,44.34,19257466.0,846804672.0,199605793.0,0.09647749051050838,-1.26920507682029,44.715999999999994,40.854
2022-11-07,44.0,44.25,42.58,43.59,19138619.0,832188380.0,199605793.0,0.09588208193937538,-1.691474966170503,44.498,40.6805
2022-11-08,43.58,48.13,43.58,47.03,31993667.0,1472975056.0,199605793.0,0.1602842608881597,7.891718284010096,44.89,41.132
2022-11-09,47.0,50.37,46.97,49.39,25901582.0,1272265032.0,199605793.0,0.12976367875255004,5.018073570061654,45.852000000000004,41.67399999999999
2022-11-10,48.7,49.3,46.09,46.25,19736091.0,933546960.0,199605793.0,0.09887534175924444,-6.357562259566718,46.120000000000005,42.046499999999995
2022-11-11,47.88,47.9,46.01,46.6,14390587.0,672521789.0,199605793.0,0.07209503684093978,0.756756756756749,46.572,42.4305
2022-11-14,46.68,46.8,44.54,45.6,11937612.0,540066211.0,199605793.0,0.0598059396001598,-2.145922746781115,46.974000000000004,42.6815
2022-11-15,45.6,48.55,45.13,47.56,13827590.0,657139742.0,199605793.0,0.06927449244922466,4.29824561403509,47.08,43.0715
2022-11-16,47.95,47.95,45.56,45.77,11987054.0,557343153.0,199605793.0,0.06005363782202453,-3.763666947014299,46.356,43.470000000000006
2022-11-17,45.46,47.38,44.7,46.89,11383354.0,523903870.0,199605793.0,0.05702917650290841,2.447017697181564,46.484,43.8295
2022-11-18,46.51,47.38,45.42,45.75,9000789.0,417400502.0,199605793.0,0.045092824535408145,-2.4312220089571346,46.314,44.1995
2022-11-21,45.11,46.39,45.11,45.74,6045714.0,276224993.0,199605793.0,0.03028826923875902,-0.021857923497259346,46.342,44.5465
2022-11-22,45.68,46.98,45.0,45.53,9095430.0,419672224.0,199605793.0,0.04556696408104749,-0.4591167468299129,45.936,44.8785
2022-11-23,45.58,45.91,41.99,43.6,14601665.0,635739254.0,199605793.0,0.07315251115983393,-4.238963320887324,45.501999999999995,45.0615
2022-11-24,43.56,44.67,43.42,43.98,7556608.0,333019783.0,199605793.0,0.037857658770454626,0.8715596330275188,44.92,45.2905
2022-11-25,43.6,45.15,43.02,43.46,7923905.0,347969584.0,199605793.0,0.03969777069546273,-1.182355616189168,44.462,45.516
2022-11-28,42.7,43.59,41.66,41.91,9961786.0,420936704.0,199605793.0,0.049907299033149805,-3.566497929130241,43.696000000000005,45.377500000000005
2022-11-29,41.85,42.72,41.58,42.12,8446791.0,356285617.0,199605793.0,0.042317364005562706,0.5010737294201872,43.013999999999996,45.230000000000004
2022-11-30,42.18,42.3,41.06,41.44,8475504.0,352186874.0,199605793.0,0.04246121253605099,-1.614434947768284,42.581999999999994,45.073
2022-12-01,42.09,43.5,41.96,42.71,10637205.0,454048685.0,199605793.0,0.053291063551447124,3.0646718146718266,42.327999999999996,44.963
2022-12-02,42.4,44.5,42.31,43.25,9510821.0,413982127.0,199605793.0,0.04764802091690796,1.2643409037696118,42.286,44.908500000000004
2022-12-05,43.88,44.17,42.92,43.65,6706085.0,291481629.0,199605793.0,0.03359664516349984,0.9248554913294793,42.634,44.911500000000004
2022-12-06,43.15,46.5,43.15,45.07,13244351.0,595768888.0,199605793.0,0.06635253817508192,3.2531500572737793,43.224000000000004,44.8135
2022-12-07,45.0,45.74,44.58,45.2,6987422.0,315216789.0,199605793.0,0.03500610826460332,0.2884402041269274,43.976,44.604
2022-12-08,45.0,46.15,44.6,45.28,7556530.0,343351316.0,199605793.0,0.03785726800023284,0.1769911504424737,44.489999999999995,44.5555
2022-12-09,45.14,46.77,45.04,45.75,12336370.0,565127074.0,199605793.0,0.061803667191162134,1.037985865724389,44.989999999999995,44.513
2022-12-12,45.36,47.35,44.95,46.21,8902193.0,411998516.0,199605793.0,0.0445988709355745,1.0054644808743296,45.501999999999995,44.5435
2022-12-13,46.03,46.33,44.8,44.89,6796636.0,307762781.0,199605793.0,0.03405029432186871,-2.856524561783169,45.466,44.41
2022-12-14,46.42,46.65,44.6,44.61,6806794.0,309861997.0,199605793.0,0.03410118462844412,-0.6237469369570037,45.348,44.352
2022-12-15,44.26,45.63,44.12,44.24,6114217.0,273874556.0,199605793.0,0.03063146068110358,-0.8294104460883189,45.14,44.2195
2022-12-16,44.26,44.26,42.85,43.11,6226726.0,269181068.0,199605793.0,0.031195116666779304,-2.5542495479204397,44.612,44.0875
2022-12-19,43.05,43.28,41.6,41.84,4817118.0,203037725.0,199605793.0,0.02413315729769426,-2.94595221526327,43.738,43.8925
2022-12-20,41.96,42.42,41.43,41.83,3675107.0,153829833.0,199605793.0,0.01841182535218304,-0.02390057361377762,43.126,43.707499999999996
2022-12-21,41.83,41.84,40.2,40.51,4578371.0,186957447.0,199605793.0,0.022937064757434168,-3.155629930671766,42.306,43.553
2022-12-22,40.8,40.96,39.7,39.76,3739417.0,150310932.0,199605793.0,0.01873401039016939,-1.8513947173537382,41.410000000000004,43.342
2022-12-23,39.6,40.38,39.25,40.08,4174819.0,166147177.0,199605793.0,0.02091531982741603,0.8048289738430636,40.803999999999995,43.173
2022-12-26,40.08,41.56,40.06,41.2,4632977.0,189889442.0,199605793.0,0.023210633971930864,2.794411177644718,40.676,43.1375
2022-12-27,41.22,41.7,40.55,41.33,4279635.0,176270018.0,199605793.0,0.02144043484749964,0.31553398058250526,40.576,43.098
2022-12-28,41.3,41.3,40.32,40.48,2904206.0,118129881.0,199605793.0,0.014549707983675605,-2.0566174691507455,40.57,43.05
2022-12-29,40.6,41.13,40.08,40.6,3400797.0,138240049.0,199605793.0,0.017037566640162594,0.29644268774704496,40.738,42.9445
2022-12-30,40.84,41.18,40.08,40.12,3035871.0,122961863.0,199605793.0,0.015209333127921793,-1.1822660098522286,40.745999999999995,42.788
2023-01-03,40.8,42.45,40.23,42.02,10156035.0,421831598.0,205062593.00000003,0.04952651213183478,4.735792622133617,40.91,42.7065
2023-01-04,42.15,42.88,41.0,41.05,7127159.0,297475706.0,205062593.00000003,0.03475601715423544,-2.3084245597334796,40.854,42.5055
2023-01-05,41.01,41.66,40.4,41.47,7097100.0,291855194.0,205062593.00000003,0.03460943264284188,1.0231425091351998,41.052,42.319
2023-01-06,41.29,43.43,41.01,42.37,10236740.0,435087445.0,205062593.00000003,0.049920074891474715,2.170243549553885,41.40599999999999,42.173500000000004
2023-01-09,42.38,42.96,41.24,41.99,5645296.0,237664185.0,205062593.00000003,0.027529623601316694,-0.8968609865470767,41.78,41.9855
2023-01-10,42.33,43.28,42.03,42.21,4760041.0,202012941.0,205062593.00000003,0.023212624644807837,0.5239342700642968,41.818,41.7855
2023-01-11,42.16,43.04,41.43,41.49,5411156.0,228692134.0,205062593.00000003,0.026387825886898832,-1.7057569296375252,41.906000000000006,41.615500000000004
2023-01-12,41.53,41.59,40.63,40.71,5112671.0,209172778.0,205062593.00000003,0.024932245931367888,-1.8799710773680478,41.754,41.4205
2023-01-13,40.86,41.17,40.2,40.62,4229160.0,171605164.0,205062593.00000003,0.020623751695171434,-0.2210759027266085,41.404,41.2395
2023-01-16,40.4,41.88,40.3,41.61,6798306.0,281434530.0,205062593.00000003,0.03315234583032898,2.4372230428360453,41.327999999999996,41.1645
2023-01-17,42.48,42.8,40.3,41.8,9272945.0,387756030.0,205062593.00000003,0.04522007092731924,0.45662100456620447,41.245999999999995,41.1625
2023-01-18,41.9,42.5,41.13,41.99,7488689.0,312223391.0,205062593.00000003,0.03651903982312366,0.454545454545463,41.346000000000004,41.1705
2023-01-19,41.75,45.44,41.74,44.9,15061008.0,664804400.0,205062593.00000003,0.07344590634333781,6.9302214813050655,42.184000000000005,41.39
2023-01-20,44.64,45.4,44.41,44.98,7104606.0,318697189.0,205062593.00000003,0.034646036100791915,0.17817371937638438,43.056,41.650999999999996
2023-01-30,45.3,45.6,43.98,44.2,7953849.0,354714530.0,205062593.00000003,0.03878742038534546,-1.734104046242757,43.574,41.857
2023-01-31,44.1,44.47,42.63,43.01,8731889.0,377221707.0,205062593.00000003,0.04258157898159416,-2.692307692307705,43.815999999999995,41.9475
2023-02-01,43.11,43.88,42.86,43.8,6521100.0,283660203.0,205062593.00000003,0.031800534191040876,1.836782143687521,44.178,42.071000000000005
2023-02-02,44.22,46.8,44.11,45.78,15271859.0,696230606.0,205062593.00000003,0.0744741338562904,4.520547945205489,44.354,42.336
2023-02-03,45.47,47.7,44.75,47.68,13827056.0,637991679.0,205062593.00000003,0.0674284656100101,4.15028396679773,44.894,42.69
2023-02-06,47.77,50.02,46.38,49.1,22382702.0,1083392537.0,205062593.00000003,0.10915058506063072,2.9781879194630934,45.874,43.138999999999996
2023-02-07,48.4,51.51,48.19,49.66,16643405.0,827818557.0,205062593.00000003,0.08116255996041169,1.140529531568224,47.204,43.521
2023-02-08,49.99,50.78,47.1,47.23,12611675.0,611252729.0,205062593.00000003,0.06150158746895392,-4.893274265002012,47.89,43.83
2023-02-09,46.99,55.3,46.46,53.51,25652346.0,1315383500.0,205062593.00000003,0.1250951995910829,13.296633495659549,49.436,44.432
2023-02-10,53.0,53.5,50.44,50.59,19174837.0,994449209.0,205062593.00000003,0.09350723951881364,-5.456923939450564,50.017999999999994,44.843
2023-02-13,51.0,54.72,50.3,52.52,22827718.0,1199039592.0,217246612.0,0.10507744074738436,3.8149831982605242,50.702,45.3695
2023-02-14,53.83,55.36,52.49,53.17,19995512.0,1074217965.0,217246612.0,0.09204061603501554,1.2376237623762387,51.403999999999996,45.9175
2023-02-15,53.16,57.01,51.37,56.21,25229176.0,1370536043.0,217246612.0,0.1161315049645055,5.717509873989091,53.2,46.653499999999994
2023-02-16,55.03,56.68,50.91,51.5,25265968.0,1353213407.0,217246612.0,0.11630086088523213,-8.379291940935774,52.798,47.193
2023-02-17,51.2,51.96,48.0,48.43,18698443.0,925281356.0,217246612.0,0.08607012476677887,-5.961165048543693,52.366,47.5835
2023-02-20,48.51,52.48,48.03,51.9,19512588.0,982466662.0,217246612.0,0.08981768608663043,7.164980384059461,52.242000000000004,48.098
2023-02-21,51.18,52.19,49.01,49.99,15347519.0,773253646.0,217246612.0,0.07064560804290011,-3.680154142581882,51.605999999999995,48.50750000000001
2023-02-22,49.5,50.97,49.01,50.17,10058181.0,502752894.0,217246612.0,0.0462984481433478,0.36007201440289016,50.398,48.9165
2023-02-23,50.32,51.43,49.6,50.18,10337473.0,521682392.0,217246612.0,0.047584047018417945,0.019932230416586094,50.134,49.180499999999995
2023-02-24,51.0,55.18,51.0,52.03,26321697.0,1393592159.0,217246612.0,0.12116044875305121,3.6867277799920384,50.854,49.533
2023-02-27,52.03,52.69,49.6,50.48,17493609.0,891091817.0,217246612.0,0.08052419708160972,-2.9790505477609197,50.57,49.847
2023-02-28,51.6,53.35,50.3,51.88,16999869.0,880179863.0,217246612.0,0.07825148039592902,2.77337559429478,50.948,50.2905
2023-03-01,51.4,54.4,51.4,53.5,19242737.0,1020834096.0,217246612.0,0.08857554473622815,3.122590593677721,51.614,50.7755
2023-03-02,52.98,54.35,52.51,53.03,14756757.0,787166649.0,217246612.0,0.06792629290807997,-0.8785046728971957,52.184000000000005,51.138
2023-03-03,54.09,56.66,50.88,55.31,35490448.0,1920405993.0,217246612.0,0.16336479392369074,4.299453139732234,52.839999999999996,51.51950000000001
2023-03-06,54.9,56.99,54.22,55.39,25829321.0,1436859898.0,217246612.0,0.11889401064629722,0.14463930573132,53.822,51.834
2023-03-07,54.75,55.28,52.18,52.26,17592305.0,937887725.0,217246612.0,0.08097850105943194,-5.65083950171511,53.898,51.964
2023-03-08,52.31,53.79,52.25,53.16,11641059.0,616719759.0,217246612.0,0.05358453645297815,1.7221584385763489,53.830000000000005,52.2605
2023-03-09,52.88,53.94,51.73,52.89,12756681.0,676259881.0,217246612.0,0.0587198156167333,-0.5079006772009009,53.802,52.229499999999994
2023-03-10,52.5,53.82,52.35,52.35,12375061.0,657116017.0,217246612.0,0.0569631944363763,-1.0209869540555805,53.209999999999994,52.317499999999995
2023-03-13,51.99,53.8,51.8,53.55,11540251.0,612110006.0,217246612.0,0.05312051080455975,2.2922636103151817,52.842,52.36900000000001
2023-03-14,52.97,56.0,52.83,55.0,18935935.0,1034213160.0,217246612.0,0.08716331557796629,2.7077497665733086,53.39,52.4605
2023-03-15,55.41,55.78,53.5,53.63,12214280.0,666505061.0,217246612.0,0.05622310924692349,-2.490909090909088,53.484,52.331500000000005
2023-03-16,52.87,54.17,52.5,53.03,8866895.0,472129964.0,217246612.0,0.04081488276558255,-1.1187768040275992,53.512,52.408
2023-03-17,53.9,59.58,53.72,57.5,28810286.0,1631353525.0,217246612.0,0.13261558251596578,8.4291910239487,54.541999999999994,52.8615
2023-03-20,57.78,62.4,56.92,60.42,26259928.0,1571529730.0,217246612.0,0.12087612210955907,5.078260869565221,55.916,53.2875
2023-03-21,60.11,63.38,58.99,61.6,22530673.0,1374975909.0,217246612.0,0.1037101236819288,1.9529956967891504,57.236000000000004,53.867999999999995
2023-03-22,61.18,66.9,60.0,65.93,26010186.0,1671458284.0,217246612.0,0.1197265437676883,7.029220779220791,59.696000000000005,54.65599999999999
2023-03-23,64.6,70.44,63.8,66.2,30018975.0,1995807883.0,217246612.0,0.1381792550118112,0.4095252540573302,62.33,55.45700000000001
2023-03-24,66.87,68.18,63.8,66.25,25566062.0,1685270180.0,217246612.0,0.11768221269199816,0.07552870090634656,64.08,56.168000000000006
2023-03-27,65.2,67.5,60.6,63.26,35621836.0,2273438260.0,217246612.0,0.16396958126094965,-4.513207547169817,64.648,56.807
2023-03-28,64.15,66.55,62.5,64.9,29420458.0,1900111823.0,217246612.0,0.13542424311777068,2.5924754979449904,65.308,57.45799999999999
2023-03-29,64.03,77.88,64.0,74.5,57175949.0,4082687605.0,217246612.0,0.2631845370274405,14.791987673343598,67.022,58.507999999999996
2023-03-30,75.16,81.5,74.13,76.5,53166112.0,4080936272.0,217246612.0,0.24472700177252937,2.684563758389258,69.082,59.68150000000001
2023-03-31,75.0,77.77,71.8,77.17,40805292.0,3052062314.0,217246612.0,0.18782935956672134,0.8758169934640625,71.26599999999999,60.7745
2023-04-03,77.4,87.27,76.3,84.8,43563012.0,3543190872.0,217246612.0,0.20052332047415314,9.88726188933522,75.574,62.24499999999999
2023-04-04,82.2,90.9,80.8,85.88,36598984.0,3127354050.0,217246612.0,0.1684674557778604,1.2735849056603854,79.77000000000001,63.926
2023-04-06,83.38,87.58,80.99,81.23,33733505.0,2835303091.0,217246612.0,0.1552774733260282,-5.414531904983688,81.116,65.32950000000001
2023-04-07,82.07,83.47,79.7,81.65,24152646.0,1974814998.0,217246612.0,0.11117616876805425,0.5170503508556079,82.146,66.7675
2023-04-10,80.5,81.63,73.62,74.8,36819589.0,2849644674.0,217246612.0,0.16948291465185197,-8.389467238211889,81.672,67.89000000000001
2023-04-11,75.61,77.02,71.95,76.0,28457504.0,2138543412.0,217246612.0,0.13099170448743291,1.6042780748663166,79.912,69.0125
2023-04-12,75.39,84.5,73.78,82.69,39422530.0,3141038543.0,217246612.0,0.1814644179583339,8.802631578947363,79.274,70.39699999999999
2023-04-13,81.0,83.95,75.18,76.22,30601158.0,2421505706.0,217246612.0,0.14085908046289808,-7.824404401983309,78.272,71.5265
2023-04-14,78.12,78.45,73.1,77.04,25692358.0,1958140560.0,217246612.0,0.11826356122874772,1.0758331146680788,77.35,72.727
2023-04-17,76.5,81.5,75.2,80.13,23928710.0,1883998038.0,217246612.0,0.11014537708878055,4.010903426791268,78.41600000000001,73.8585
2023-04-18,79.0,84.5,76.15,82.6,30598442.0,2491393153.0,217246612.0,0.14084657854180943,3.0824909522026767,79.736,74.9675
2023-04-19,82.0,99.0,82.0,90.55,47687417.0,4295783187.0,217246612.0,0.21950821953439717,9.624697336561749,81.308,76.415
2023-04-20,93.8,98.5,91.48,97.3,38232090.0,3637961448.0,217246612.0,0.1759847467724836,7.454445057979009,85.524,77.9835
2023-04-21,95.15,95.15,88.18,91.39,30396102.0,2793013280.0,217246612.0,0.13991519462683266,-6.073997944501541,88.39399999999999,79.243
2023-04-24,91.39,91.74,84.57,89.27,26143439.0,2309277255.0,217246612.0,0.12033991581880227,-2.3197286355181146,90.222,80.39399999999999
2023-04-25,89.0,102.0,86.71,98.75,38669637.0,3722020982.0,217246612.0,0.17799880349802646,10.619469026548668,93.452,82.1685
2023-04-26,97.0,101.29,88.7,92.49,34412708.0,3237544595.0,217246612.0,0.1584038880201271,-6.339240506329125,93.84,83.54799999999999
2023-04-27,90.08,95.0,84.35,87.3,30543673.0,2699243788.0,217246612.0,0.14059447334442204,-5.611417450535194,91.84,84.188
2023-04-28,87.01,95.0,86.5,94.15,27101882.0,2487725121.0,217246612.0,0.12475169002865738,7.846506300114564,92.392,85.0705
2023-05-04,92.66,94.97,88.91,92.15,17355077.0,1588386780.0,217246612.0,0.07988652545706904,-2.1242697822623446,92.968,85.8195
2023-05-05,92.08,98.99,89.3,92.24,23336494.0,2199261280.0,217246612.0,0.10741936909929808,0.09766684753118593,91.66600000000001,86.1915
2023-05-08,91.8,94.2,85.84,88.66,17965549.0,1611961200.0,217246612.0,0.08269656697799273,-3.8811795316565423,90.9,86.3305
2023-05-09,88.67,93.0,85.88,88.9,17379548.0,1560431221.0,217246612.0,0.07999916702958755,0.27069704489059987,91.22,86.714
2023-05-10,87.28,89.86,76.8,77.49,33203166.0,2692848160.0,217246612.0,0.15283628911092065,-12.834645669291344,87.888,86.506
2023-05-11,77.77,78.95,75.5,75.95,17526488.0,1347356317.0,217246612.0,0.0806755412139638,-1.9873532068653943,84.648,86.5635
2023-05-12,75.95,78.18,74.42,74.42,13121997.0,1000634745.0,217246612.0,0.06040138844604859,-2.014483212639895,81.08399999999999,86.4845
2023-05-15,75.0,76.98,72.5,76.5,15471458.0,1159290501.0,217246612.0,0.07121610715843983,2.7949475947325997,78.652,86.175
2023-05-16,76.0,77.39,74.08,74.17,14143355.0,1065248198.0,217246612.0,0.06510276441042956,-3.045751633986926,75.706,86.0725
2023-05-17,73.88,78.39,73.68,76.83,15484682.0,1187395278.0,217246612.0,0.07127697807319545,3.5863556694081034,75.574,86.062
2023-05-18,78.0,83.41,77.83,81.33,21377588.0,1729219272.0,217246612.0,0.0984023999416847,5.857087075361189,76.65,86.122
2023-05-19,82.19,87.68,80.9,80.9,19324060.0,1632959303.0,217246612.0,0.08894987968788208,-0.5287101930406934,77.946,86.037
2023-05-22,79.82,83.26,76.64,78.01,14697707.0,1160538110.0,217246612.0,0.06765448199486766,-3.5723114956736746,78.248,85.41
2023-05-23,77.49,78.35,76.31,77.27,7675101.0,592970914.0,217246612.0,0.035328979031442845,-0.9485963338033754,78.86800000000001,84.40849999999999
2023-05-24,76.48,79.66,74.68,76.83,13934561.0,1077687090.0,217246612.0,0.0641416723221442,-0.5694318623010175,78.86800000000001,83.68050000000001
2023-05-25,81.2,83.45,76.8,81.0,19036963.0,1524164317.0,217246612.0,0.08762835390040513,5.427567356501362,78.80199999999999,83.26700000000001
2023-05-26,80.38,87.9,79.9,86.51,25016389.0,2130863973.0,217246612.0,0.11515203284274923,6.802469135802469,79.924,82.655
2023-05-29,88.81,89.39,84.7,86.37,17146636.0,1492227526.0,217246612.0,0.0789270582502801,-0.16183100219627766,81.596,82.349
2023-05-30,85.01,92.0,84.64,90.92,18753685.0,1665698602.0,217246612.0,0.0863244072133102,5.268032881787654,84.32600000000001,82.53
2023-05-31,89.95,93.52,89.3,92.73,14677356.0,1346237817.0,217246612.0,0.06756080504491366,1.9907611086669608,87.506,82.459
2023-06-01,90.88,94.88,86.12,87.3,22750606.0,2045455742.0,217246612.0,0.10472248929709431,-5.855710126172764,88.76599999999999,82.2165
2023-06-02,88.0,88.88,82.21,83.2,26392267.0,2225381759.0,217246612.0,0.1214852869604245,-4.6964490263459275,88.104,81.7645
2023-06-05,83.11,84.45,82.28,83.5,14131072.0,1175834142.0,217246612.0,0.06504622497864317,0.36057692307691624,87.53,81.5065
2023-06-06,82.62,83.58,78.06,79.39,16492708.0,1333447694.0,217246612.0,0.07591698599193805,-4.9221556886227535,85.224,81.03099999999999
2023-06-07,79.32,81.01,77.17,79.88,12355407.0,981934030.0,217246612.0,0.05687272582184159,0.6172061972540499,82.654,81.1505
2023-06-08,78.5,78.65,75.6,77.25,14833434.0,1145108065.0,217246612.0,0.0682792420256478,-3.2924386579869735,80.644,81.21549999999999
2023-06-09,77.47,78.43,73.06,77.81,21291540.0,1612836717.0,217246612.0,0.09800631551391006,0.7249190938511285,79.566,81.385
2023-06-12,77.79,81.1,77.75,78.39,18523219.0,1472847161.0,217246612.0,0.08526355752788449,0.7454054748746941,78.54400000000001,81.4795
2023-06-13,78.82,82.32,73.89,80.78,27289325.0,2139524403.0,217246612.0,0.1256145021032595,3.0488582727388636,78.822,81.81
2023-06-14,79.71,82.64,78.01,81.48,22066544.0,1769091881.0,217246612.0,0.10157370831633498,0.8665511265164572,79.142,82.0425
2023-06-15,81.42,82.03,75.62,75.82,21340775.0,1672718318.0,217246612.0,0.09823294735661976,-6.946489936180667,78.856,81.767
2023-06-16,75.02,77.56,72.05,77.12,21496221.0,1620970499.0,217246612.0,0.09894847520107701,1.7145871801635515,78.71799999999999,81.578
2023-06-19,76.99,80.88,75.32,80.05,24179651.0,1916087808.0,217246612.0,0.11130047450406269,3.7992738589211594,79.05,81.68
2023-06-20,81.72,84.53,77.44,84.01,33139341.0,2706173197.0,217246612.0,0.15254249856840116,4.946908182386012,79.696,82.01700000000001
2023-06-21,82.16,82.34,76.44,76.44,21287204.0,1689258183.0,217246612.0,0.09798635662958002,-9.010832043804317,78.688,81.9975
2023-06-26,74.04,76.02,69.03,69.47,22106950.0,1596289025.0,217246612.0,0.10175969970937913,-9.118262689691258,77.418,81.42099999999999
2023-06-27,69.42,70.53,68.63,68.75,10526061.0,731051278.0,217246612.0,0.048452129600990046,-1.036418597955946,75.744,80.53299999999999
2023-06-28,73.04,74.04,68.95,70.03,19634999.0,1394122617.0,217246612.0,0.09038115172079185,1.8618181818181867,73.74,79.71600000000001
2023-06-29,70.03,70.5,66.73,68.04,16262480.0,1106648462.0,217246612.0,0.07485723183567991,-2.841639297443943,70.546,78.572
2023-06-30,67.04,69.81,66.91,68.3,12524838.0,854641000.0,223316212.0,0.05608566385677364,0.38212815990592564,68.918,77.3505
2023-07-03,68.14,70.48,66.04,69.63,13811613.0,947291050.0,223316212.0,0.06184778470091549,1.9472913616398246,68.95,76.467
2023-07-04,69.2,72.03,68.59,71.18,13501722.0,954630972.0,223316212.0,0.060460106675998965,2.226051989085187,69.436,75.866
2023-07-05,71.2,71.54,69.24,69.32,8504015.0,596132463.0,223316212.0,0.03808059846546206,-2.6130935656083376,69.29400000000001,75.157
2023-07-06,68.83,71.21,68.73,69.53,8031311.0,563850220.0,223316212.0,0.03596385111529655,0.3029428736295525,69.592,74.66400000000002
2023-07-07,68.93,69.49,66.84,67.08,7771918.0,525634474.0,223316212.0,0.03480230087370459,-3.523658852293976,69.348,74.024
2023-07-10,68.23,71.39,67.82,70.38,15190578.0,1065375410.0,223316212.0,0.06802272823793017,4.9194991055456105,69.498,73.6805
2023-07-11,71.2,79.87,71.2,77.84,33197508.0,2548934623.0,223316212.0,0.14865695465047563,10.59960215970448,70.83,73.682
2023-07-12,78.34,79.04,74.54,74.98,16990048.0,1298320853.0,223316212.0,0.07608067433993551,-3.6742034943473834,71.962,73.5115
2023-07-13,76.54,77.45,74.04,76.98,17570171.0,1330724777.0,223316212.0,0.07867843916320773,2.6673779674579956,73.452,73.3215
2023-07-14,77.03,81.92,77.03,78.44,23955961.0,1902695159.0,223316212.0,0.10727372090656813,1.8965965185762546,75.724,73.1695
2023-07-17,77.19,79.45,74.04,76.14,15984040.0,1216901797.0,223316212.0,0.07157581555252245,-2.932177460479346,76.876,73.1855
2023-07-18,75.97,76.28,73.07,73.2,11800674.0,875384022.0,223316212.0,0.05284288988387462,-3.86130811662726,75.94800000000001,72.98949999999999
2023-07-19,73.28,74.26,71.73,71.99,7667356.0,556797120.0,223316212.0,0.0343340769186968,-1.6530054644808834,75.35,72.5865
2023-07-20,72.04,72.31,68.41,68.56,9499010.0,664159604.0,223316212.0,0.04253614153190096,-4.764550632032217,73.666,71.814
2023-07-21,67.97,67.97,61.05,61.43,23817707.0,1514900099.0,223316212.0,0.10665462568387109,-10.399649941656941,70.264,71.0635
2023-07-24,61.03,63.12,60.32,61.23,10660464.0,656575846.0,223316212.0,0.0477370805483661,-0.3255738238645667,67.282,70.65150000000001
2023-07-25,62.0,62.48,59.65,60.43,14043734.0,852544747.0,223316212.0,0.06288721214741005,-1.306549077249708,64.728,70.2355
2023-07-26,60.6,61.03,58.83,59.18,9401267.0,562052872.0,223316212.0,0.04209845275362274,-2.068509018699316,62.166,69.693
2023-07-27,58.77,59.31,57.26,57.31,10507560.0,609313464.0,223316212.0,0.04705238328151473,-3.159851301115235,59.916,69.1565
2023-07-28,57.13,58.03,56.74,56.89,8872094.0,508435533.0,223316212.0,0.03972883974944014,-0.7328563950445011,59.008,68.586
2023-07-31,57.08,57.94,56.13,57.12,8467555.0,484713200.0,223316212.0,0.037917332217689594,0.4042889787308823,58.186,67.9605
2023-08-01,57.15,58.98,55.73,58.97,15372734.0,886031117.0,223316212.0,0.06883841465123902,3.2387955182072936,57.894000000000005,67.35
2023-08-02,58.15,61.83,57.83,60.75,14966201.0,899763612.0,223316212.0,0.06701797807675512,3.018483974902497,58.208000000000006,66.92150000000001
2023-08-03,60.13,64.34,60.12,63.32,15564696.0,978554115.0,223316212.0,0.06969801189355657,4.230452674897123,59.410000000000004,66.61099999999999
2023-08-04,63.03,64.01,62.69,63.55,9343854.0,591661494.0,223316212.0,0.04184135990986628,0.3632343651295056,60.742000000000004,66.4345
2023-08-07,63.33,65.01,63.03,64.43,8221161.0,526204517.0,223316212.0,0.03681399091616331,1.3847364280094476,62.20399999999999,66.137
2023-08-08,64.43,65.02,63.22,64.37,7102603.0,455870051.0,223316212.0,0.03180513826734622,-0.09312432096849621,63.284000000000006,65.4635
2023-08-09,64.33,64.59,61.03,61.03,10431557.0,649052614.0,223316212.0,0.04671204524998839,-5.188752524467921,63.34000000000001,64.76599999999999
2023-08-10,60.08,61.98,58.53,58.9,12208549.0,728952456.0,223316212.0,0.05466933587428037,-3.490086842536466,62.456,63.862
2023-08-11,59.21,59.6,55.23,55.3,17393423.0,985642213.0,223316212.0,0.07788696953179557,-6.112054329371819,60.806000000000004,62.705000000000005
2023-08-14,54.03,54.53,51.58,53.83,36189610.0,1926425958.0,880557181.0,0.04109853486050896,-2.658227848101269,58.686,61.5895
2023-08-15,54.75,54.95,52.19,52.63,23483995.0,1242905362.0,880557181.0,0.026669471905652428,-2.2292402006316103,56.338,60.561
2023-08-16,52.91,52.91,50.82,51.03,15233996.0,783462615.0,880557181.0,0.017300405162444528,-3.040091202736084,54.338,59.513
2023-08-17,51.03,51.63,50.02,50.7,17594691.0,899287682.0,880557181.0,0.019981315671083036,-0.646678424456204,52.698,58.620000000000005
2023-08-18,51.03,51.71,50.15,50.15,12253349.0,623992351.0,880557181.0,0.013915449518093249,-1.0848126232741673,51.668000000000006,58.056
2023-08-21,50.14,51.9,49.43,50.36,15965909.0,813694589.0,880557181.0,0.018131598202252353,0.41874376869392993,50.974000000000004,57.5125
2023-08-22,51.38,52.19,49.9,51.83,17767158.0,909621395.0,880557181.0,0.02017717688682389,2.918983320095303,50.814,57.0825
2023-08-23,51.55,51.55,49.7,49.92,13071491.0,656538918.0,880557181.0,0.01484456805537084,-3.685124445301946,50.592,56.6195
2023-08-24,51.03,51.81,50.52,50.71,15157427.0,775031366.0,880557181.0,0.017213449991727452,1.5825320512820484,50.593999999999994,56.2895
2023-08-25,50.83,51.76,49.33,49.68,14130097.0,710519264.0,880557181.0,0.016046768233669087,-2.03115756261093,50.5,55.928999999999995
2023-08-28,54.93,54.94,50.44,50.79,22187669.0,1144876002.0,880557181.0,0.025197306295092266,2.2342995169082114,50.586,55.6125
2023-08-29,50.52,53.52,50.0,53.05,25022450.0,1304798052.0,880557181.0,0.028416610005477884,4.44969482181532,50.83,55.3165
2023-08-30,53.81,57.29,53.24,56.57,33565299.0,1869644697.0,880557181.0,0.03811825026727026,6.635249764373241,52.160000000000004,55.1075
2023-08-31,55.95,62.33,55.22,59.22,39076383.0,2303283807.0,880557181.0,0.0443768830044894,4.684461728831524,53.862,54.90250000000001
2023-09-01,59.22,61.42,58.46,59.34,27377647.0,1632379643.0,880557181.0,0.031091276740153006,0.20263424518744966,55.794000000000004,54.69199999999999
2023-09-04,59.99,61.26,58.61,61.13,22694765.0,1359654809.0,880557181.0,0.0257731871248007,3.01651499831479,57.862,54.52700000000001
2023-09-05,62.43,62.47,58.16,58.16,26112165.0,1564447899.0,880557181.0,0.029654138951369247,-4.8584982823491,58.884,54.216499999999996
2023-09-06,57.93,60.51,57.63,60.03,22347129.0,1327644968.0,880557181.0,0.02537839618163309,3.2152682255846,59.576,54.1665
2023-09-07,59.56,60.13,57.96,58.11,17864564.0,1048733810.0,880557181.0,0.020287795483891466,-3.1984007996001984,59.354,54.126999999999995
2023-09-08,57.54,59.43,57.23,57.27,15387387.0,894313739.0,880557181.0,0.017474602821960294,-1.445534331440368,58.94,54.2255
2023-09-11,57.03,60.15,56.22,58.33,20974364.0,1215462736.0,880557181.0,0.023819423034152735,1.850881788021641,58.38000000000001,54.4505
2023-09-12,58.01,58.6,56.75,56.79,14101761.0,808793975.0,880557181.0,0.016014588608527853,-2.6401508657637573,58.105999999999995,54.65849999999999
2023-09-13,56.43,56.83,54.9,55.36,12681051.0,705047062.0,880557181.0,0.014401166981113973,-2.5180489522803273,57.172000000000004,54.875
2023-09-14,55.52,55.63,53.28,53.72,12824006.0,691618731.0,880557181.0,0.014563513053674136,-2.962427745664742,56.294000000000004,55.025999999999996
2023-09-15,54.03,54.9,52.63,52.88,13064099.0,698712051.0,880557181.0,0.01483617337055139,-1.5636634400595595,55.416,55.1625
2023-09-18,52.12,53.59,51.98,52.98,10602954.0,560388663.0,880557181.0,0.012041187362709158,0.18910741301056966,54.346000000000004,55.293499999999995
2023-09-19,53.03,53.53,51.81,52.1,9249642.0,485551620.0,880557181.0,0.010504305909464839,-1.6610041525103703,53.407999999999994,55.306999999999995
2023-09-20,52.03,53.51,51.31,51.42,9798317.0,513720457.0,880557181.0,0.011127405705638098,-1.305182341650668,52.620000000000005,55.38199999999999
2023-09-21,51.04,52.11,51.04,51.33,9551189.0,491244775.0,880557181.0,0.010846756129060517,-0.17502917152859565,52.141999999999996,55.413
2023-09-22,51.23,54.49,51.13,54.29,24431858.0,1299522649.0,880557181.0,0.027745907394967913,5.766608221313074,52.424,55.6435
2023-09-25,53.93,54.14,52.38,52.6,14840218.0,784746304.0,880557181.0,0.016853213306541645,-3.112912138515378,52.348,55.734
2023-09-26,52.69,55.14,52.46,53.49,18387565.0,988263294.0,880557181.0,0.020881738740825738,1.6920152091254748,52.626,55.75600000000001
2023-09-27,53.91,54.53,53.22,54.03,14060580.0,758220242.0,880557181.0,0.015967821628610396,1.0095344924284877,53.148,55.629
2023-09-28,54.3,54.62,53.14,54.01,14447341.0,779568456.0,880557181.0,0.016407044666415592,-0.037016472330198,53.684000000000005,55.3685
2023-10-09,53.17,53.53,51.73,53.09,11534658.0,609064530.0,880557181.0,0.013099271971072598,-1.7033882614330587,53.444,55.056000000000004
2023-10-10,53.61,54.63,53.24,53.97,13503757.0,727609388.0,880557181.0,0.015335468600306604,1.657562629497078,53.718,54.69799999999999
2023-10-11,54.15,55.58,52.91,55.05,19630937.0,1069933782.0,880557181.0,0.02229376742769417,2.0011117287381808,54.029999999999994,54.542500000000004
2023-10-12,55.25,55.53,53.9,55.03,15459879.0,845739422.0,880557181.0,0.017556927969678327,-0.03633060853768244,54.23,54.292500000000004
2023-10-13,54.46,55.08,52.85,53.54,13710044.0,739588524.0,880557181.0,0.015569737316127798,-2.7076140287116135,54.136,54.064
2023-10-16,53.13,53.5,50.9,51.92,14464690.0,748741963.0,880557181.0,0.016426746964431378,-3.0257751214045503,53.902,53.7965
2023-10-17,52.23,53.13,51.66,52.57,10768040.0,563662499.0,880557181.0,0.012228666385721065,1.251926040061635,53.622,53.508500000000005
2023-10-18,55.33,57.49,54.58,55.54,49130438.0,2751036144.0,880557181.0,0.05579471618663683,5.6496100437511965,53.720000000000006,53.446000000000005
2023-10-19,54.9,60.94,54.9,59.09,60219817.0,3554828505.0,880557181.0,0.06838830946970609,6.391789701116313,54.532,53.63250000000001
2023-10-20,59.09,60.73,57.61,59.25,40644610.0,2408901480.0,880557181.0,0.04615783151508931,0.2707733965137793,55.674,53.909000000000006
2023-10-23,58.65,61.18,56.91,59.18,36385261.0,2143923578.0,880557181.0,0.04132072486045628,-0.11814345991560948,57.126,54.224000000000004
2023-10-24,59.33,59.58,55.03,57.19,32180626.0,1834154735.0,880557181.0,0.0365457538639958,-3.3626225076039185,58.05,54.43449999999999
2023-10-25,59.03,61.71,58.38,61.01,44095106.0,2643217752.0,880557181.0,0.05007636863505403,6.679489421227491,59.144000000000005,54.879999999999995
2023-10-26,59.98,60.63,58.7,60.13,31941875.0,1906662853.0,880557181.0,0.036274617582160176,-1.442386494017367,59.352,55.3155
2023-10-27,59.65,60.19,57.6,59.47,29334038.0,1729996377.0,880557181.0,0.033313041597919806,-1.0976218193913256,59.396,55.722500000000004
2023-10-30,59.13,63.01,58.26,62.83,37409232.0,2280668861.0,880557181.0,0.042483591988332216,5.649907516394825,60.126,56.1495
2023-10-31,61.73,62.62,60.89,62.0,22353882.0,1380012849.0,880557181.0,0.025386065189558656,-1.3210249880630243,61.088,56.619499999999995
2023-11-01,61.76,67.53,61.47,64.83,39317556.0,2539504345.0,880557181.0,0.044650769817525346,4.564516129032259,61.852,57.1865
2023-11-02,65.73,67.81,63.64,64.41,34430581.0,2262608362.0,880557181.0,0.03910090309058532,-0.6478482184174017,62.70799999999999,57.705499999999994
2023-11-03,63.68,66.8,63.41,66.68,32501165.0,2125578154.0,880557181.0,0.036909772245670894,3.5242974693370677,64.15,58.339
2023-11-06,67.42,68.04,65.69,65.93,37886099.0,2528372120.0,880557181.0,0.04302514341768794,-1.124775044991,64.77000000000001,58.980999999999995
2023-11-07,65.93,68.79,64.93,68.0,37386826.0,2498096507.0,880557181.0,0.04245814673561784,3.1396936144395537,65.97,59.682500000000005
2023-11-08,69.83,71.3,67.1,68.83,40571339.0,2808844495.0,880557181.0,0.046074621700234596,1.2205882352941178,66.77,60.371500000000005
2023-11-09,68.04,69.53,64.83,65.03,39071914.0,2607236733.0,880557181.0,0.044371807808810546,-5.520848467238116,66.894,60.871500000000005
2023-11-10,63.73,66.26,63.61,65.05,29612789.0,1919972326.0,880557181.0,0.03362960366341047,0.03075503613716446,66.56800000000001,61.447
2023-11-13,64.87,66.43,64.14,65.43,21485736.0,1403277754.0,880557181.0,0.024400159880133894,0.5841660261337589,66.468,62.1225
2023-11-14,65.43,69.03,64.94,68.57,33887291.0,2282900894.0,880557181.0,0.038483918740536624,4.799021855417984,66.582,62.9225
2023-11-15,69.26,69.86,66.85,67.45,23743132.0,1615582030.0,880557181.0,0.026963759438127847,-1.6333673618200262,66.30600000000001,63.517999999999994
2023-11-16,67.23,68.27,66.25,66.25,16405160.0,1103171969.0,880557181.0,0.018630431224658878,-1.779095626389926,66.55,63.876
2023-11-17,65.88,67.25,64.86,66.15,15728419.0,1036339936.0,880557181.0,0.017861893968246452,-0.15094339622641062,66.77000000000001,64.221
2023-11-20,65.85,68.68,65.31,68.22,24774936.0,1662805520.0,880557181.0,0.02813552207008803,3.129251700680258,67.328,64.67299999999999
2023-11-21,67.88,68.61,66.83,67.13,15013298.0,1014206481.0,880557181.0,0.017049770672417013,-1.5977719143946079,67.04,65.17
2023-11-22,67.15,69.01,66.43,67.36,19263867.0,1302478596.0,880557181.0,0.02187690636753776,0.34261879934456285,67.022,65.4875
2023-11-23,67.18,67.7,64.14,67.34,19872869.0,1313221413.0,880557181.0,0.022568516194974964,-0.02969121140141695,67.24,65.848
2023-11-24,66.83,67.39,62.82,63.46,22285229.0,1438381245.0,880557181.0,0.025308099781426913,-5.7618057618057605,66.702,66.0475
2023-11-27,64.03,67.38,63.74,67.34,31079351.0,2049612534.0,880557181.0,0.03529509686662813,6.114087614245189,66.526,66.273
2023-11-28,67.43,71.24,67.33,70.77,37897832.0,2651735450.0,880557181.0,0.04303846793567856,5.093555093555091,67.25399999999999,66.7115
2023-11-29,70.09,73.22,70.09,70.63,36559280.0,2639881326.0,880557181.0,0.04151834859660295,-0.1978239366963397,67.90799999999999,67.00150000000001
2023-11-30,71.83,71.84,69.93,71.81,33999712.0,2416644681.0,880557181.0,0.038611589041143715,1.6706781820756245,68.80199999999999,67.3715
2023-12-01,71.23,73.5,70.92,71.94,25020241.0,1803988196.0,880557181.0,0.028414101366575534,0.1810332822726579,70.498,67.6345
2023-12-04,71.95,74.54,71.95,72.75,26240379.0,1919797913.0,880557181.0,0.029799744487007937,1.125938281901595,71.58,67.97550000000001
2023-12-05,71.59,74.32,70.4,72.89,33405194.0,2425347798.0,880557181.0,0.037936427889968,0.19243986254295908,72.00399999999999,68.22
2023-12-06,72.89,75.82,72.44,75.63,42280489.0,3165862223.0,880557181.0,0.048015608653584986,3.7590890382768416,73.00399999999999,68.56
2023-12-07,75.03,75.42,72.0,73.2,49264875.0,3651335217.0,880557181.0,0.055947388838567653,-3.213010710035691,73.28200000000001,68.96849999999999
2023-12-08,74.03,82.04,73.94,80.38,98702387.0,7764774982.0,880557181.0,0.1120908319524567,9.808743169398904,74.97,69.735
2023-12-11,78.05,83.54,77.54,82.26,47701898.0,3872866571.0,880557181.0,0.05417240246207248,2.3388902712117465,76.872,70.5765
2023-12-12,81.17,83.65,79.74,80.71,32240035.0,2619859188.0,880557181.0,0.03661322137352486,-1.8842693897398677,78.436,71.18350000000001
2023-12-13,81.03,81.48,76.85,77.69,34239072.0,2682237737.0,880557181.0,0.038883416930535486,-3.7417915995539563,78.84799999999998,71.69550000000001
2023-12-14,78.17,78.58,75.12,75.64,24797721.0,1902930908.0,880557181.0,0.028161397732102533,-2.638692238383311,79.33599999999998,72.16499999999999
2023-12-15,75.95,76.35,73.69,73.88,20783237.0,1548883737.0,880557181.0,0.023602370690336803,-2.32681121099948,78.03599999999999,72.5515
2023-12-18,73.38,76.42,73.37,75.27,21258909.0,1596251319.0,880557181.0,0.024142565024405836,1.8814293448836006,76.638,72.90400000000001
2023-12-19,74.91,76.71,74.15,76.14,19224173.0,1453616536.0,880557181.0,0.02183182809112768,1.1558389796731738,75.724,73.3545
2023-12-20,76.11,76.54,74.34,74.56,16495809.0,1238490903.0,880557181.0,0.018733376271222527,-2.0751247701602304,75.098,73.7145
2023-12-21,73.75,78.69,73.46,77.21,23381258.0,1784396689.0,880557181.0,0.026552799187268227,3.5541845493562096,75.412,74.208
2023-12-22,76.84,77.64,74.37,75.35,19168535.0,1454708271.0,880557181.0,0.021768643097352696,-2.4090143763761174,75.70599999999999,74.8025
2023-12-25,74.25,74.98,67.7,72.65,25457718.0,1824651225.0,880557181.0,0.02891091975547696,-3.583278035832771,75.18199999999999,75.068
2023-12-26,72.89,73.17,70.39,71.03,17232935.0,1229348251.0,880557181.0,0.019570489426285198,-2.22986923606332,74.16,75.08099999999999
2023-12-27,71.28,72.62,70.43,70.51,14875137.0,1065244586.0,880557181.0,0.016892868880027907,-0.7320850344924579,73.35,75.075
2023-12-28,70.08,71.97,69.84,70.34,20472985.0,1450645926.0,880557181.0,0.0232500346845732,-0.24110055311303835,71.976,75.0015
2023-12-29,70.53,71.78,69.39,71.01,21903903.0,1541728336.0,880557181.0,0.024875048971975847,0.9525163491612254,71.108,74.955
2024-01-02,70.8,73.43,70.16,72.4,18174808.0,1313318659.0,885181181.0000001,0.020532302753508265,1.9574707787635592,71.058,74.9375
2024-01-03,73.54,74.21,71.81,72.71,16533816.0,1204854496.0,885181181.0000001,0.018678454032790826,0.42817679558009303,71.394,74.9285
2024-01-04,71.79,75.19,69.33,74.94,20456381.0,1468248932.0,885181181.0000001,0.0231098236599316,3.0669784073717565,72.28,74.89399999999999
2024-01-05,74.15,75.01,70.61,71.77,16721788.0,1216569640.0,885181181.0000001,0.018890808298826677,-4.230050707232458,72.566,74.8225
2024-01-08,71.02,71.58,68.42,68.44,15171222.0,1052610700.0,885181181.0000001,0.017139114935612258,-4.639821652501041,72.05199999999999,74.2255
2024-01-09,69.53,70.83,68.33,69.2,12767303.0,886795990.0,885181181.0000001,0.014423378257518557,1.1104617182934096,71.412,73.5725
2024-01-10,68.64,70.41,67.06,68.02,10789089.0,740741169.0,885181181.0000001,0.012188565721439573,-1.7052023121387427,70.474,72.938
2024-01-11,67.16,69.8,67.09,68.83,13706253.0,936648074.0,885181181.0000001,0.015484121549574605,1.190826227580133,69.252,72.49499999999999
2024-01-12,68.19,68.47,65.44,65.44,17356158.0,1151765768.0,885181181.0000001,0.019607463841913735,-4.925177974720329,67.98599999999999,71.985
2024-01-15,64.83,67.48,64.64,66.03,13587406.0,900021975.0,885181181.0000001,0.015349858640973523,0.9015892420537908,67.50399999999999,71.5925
2024-01-16,65.39,66.46,64.46,66.25,12797230.0,836506352.0,885181181.0000001,0.01445718715522489,0.3331818870210501,66.914,71.1415
2024-01-17,66.63,67.58,65.59,65.8,12230774.0,815949888.0,885181181.0000001,0.013817254888070195,-0.67924528301887,66.47,70.6245
2024-01-18,65.03,69.99,64.89,69.92,24021961.0,1621680655.0,885181181.0000001,0.02713790296904199,6.26139817629181,66.68799999999999,70.3925
2024-01-19,69.89,70.23,68.01,69.86,15707483.0,1089238453.0,885181181.0000001,0.01774493554218478,-0.08581235697940892,67.572,70.025
2024-01-22,70.56,71.73,68.31,70.42,20611013.0,1453610135.0,885181181.0000001,0.023284513320443036,0.8016032064128265,68.45,69.7785
2024-01-23,69.54,73.55,67.53,73.14,22012220.0,1559993940.0,885181181.0000001,0.024867473995699416,3.8625390514058555,69.828,69.80300000000001
2024-01-24,72.15,73.63,69.91,72.94,18114819.0,1302639457.0,885181181.0000001,0.020464532446945453,-0.27344818156959105,71.256,69.8985
2024-01-25,72.94,74.05,70.93,73.24,18030614.0,1309896316.0,885181181.0000001,0.02036940502918351,0.4112969564025182,71.92,70.035
2024-01-26,72.55,73.2,70.39,70.66,14826765.0,1059911802.0,885181181.0000001,0.016749977652315225,-3.522665210267606,72.08,70.051
2024-01-29,72.19,74.71,69.86,70.03,20844795.0,1510959914.0,885181181.0000001,0.023548619703427694,-0.891593546560987,72.002,70.002
2024-01-30,68.69,68.96,65.03,65.38,19477153.0,1301376916.0,885181181.0000001,0.02200357781894597,-6.640011423675574,70.45,69.651
2024-01-31,64.73,68.23,64.62,66.3,18219527.0,1214352925.0,885181181.0000001,0.02058282235442147,1.40715815234016,69.122,69.3305
2024-02-01,65.53,71.16,65.03,68.93,19857914.0,1367573339.0,885181181.0000001,0.022433728174797243,3.966817496229269,68.26,69.03
2024-02-02,68.93,69.46,65.32,68.35,18855360.0,1279554319.0,885181181.0000001,0.0213011306664912,-0.841433338169173,67.79799999999999,68.85900000000001
2024-02-05,68.55,71.06,65.64,69.73,22899831.0,1567191945.0,885181181.0000001,0.025870218991924092,2.019019751280182,67.738,68.9235
2024-02-06,69.57,76.41,68.11,76.34,26086448.0,1894171127.0,885181181.0000001,0.02947017916776068,9.479420622400681,69.92999999999999,69.28049999999999
2024-02-07,76.64,77.1,74.74,75.79,21829986.0,1658235928.0,885181181.0000001,0.024661602018400793,-0.7204610951008661,71.828,69.669
2024-02-08,77.04,79.6,75.23,76.76,21863527.0,1690034262.0,885181181.0000001,0.024699493696082087,1.2798522232484455,73.394,70.0655
2024-02-19,80.64,88.36,79.06,86.04,35771166.0,2944211397.0,885181181.0000001,0.04041112347145572,12.089630015633146,76.932,71.0955
2024-02-20,84.25,84.94,81.48,82.43,24696197.0,2049873330.0,885181181.0000001,0.02789959561962264,-4.195722919572287,79.47200000000001,71.9155
2024-02-21,80.26,81.8,78.46,79.8,24441360.0,1958774495.0,885181181.0000001,0.027611703145776656,-3.190585951716618,80.164,72.593
2024-02-22,82.54,86.31,81.81,82.87,28739610.0,2399914627.0,885181181.0000001,0.0324674887095233,3.8471177944862323,81.58000000000001,73.4465
2024-02-23,86.28,86.99,80.74,81.44,26403504.0,2192990259.0,880037056.0,0.03000271843098389,-1.7255943043320898,82.51599999999999,74.02250000000001
2024-02-26,80.22,84.65,79.82,82.19,25612476.0,2126130271.0,880037056.0,0.029103860826515015,0.9209233791748428,81.74600000000001,74.63900000000001
2024-02-27,81.34,88.66,80.77,88.04,37833674.0,3243611525.0,880037056.0,0.042991001051664805,7.1176542158413625,82.86800000000001,75.52000000000001
2024-02-28,87.14,89.36,83.32,83.32,34808926.0,2999120564.0,880037056.0,0.039553932147148134,-5.361199454793287,83.572,76.029
2024-02-29,82.54,87.02,82.54,85.16,33972253.0,2883976276.0,880037056.0,0.038603207408575306,2.2083533365338415,84.03,76.64000000000001
2024-03-01,86.37,88.37,85.12,87.53,31746787.0,2754471321.0,880037056.0,0.03607437525903455,2.782996712071406,85.248,77.3545
2024-03-04,89.14,89.8,83.89,86.32,33029482.0,2845580074.0,880037056.0,0.037531921837618616,-1.3823831829087307,86.074,78.1375
2024-03-05,84.86,90.3,84.17,86.34,39605783.0,3460218800.0,880037056.0,0.04500467648489565,0.02316960148287528,85.734,78.953
2024-03-06,85.04,85.85,83.02,84.46,27199788.0,2293979459.0,880037056.0,0.030907548511229965,-2.1774380356729295,85.96199999999999,79.907
2024-03-07,84.64,85.31,80.79,80.94,29708196.0,2445734165.0,880037056.0,0.03375789212221536,-4.167653327018705,85.11800000000001,80.639
2024-03-08,81.45,82.63,79.81,82.34,28009751.0,2278499266.0,880037056.0,0.03182792225512831,1.7296763034346574,84.08,81.3095
2024-03-11,82.24,84.84,81.15,83.85,27453312.0,2284218069.0,880037056.0,0.031195631834848553,1.8338596065095913,83.58599999999998,82.0845
2024-03-12,83.04,83.54,79.61,80.04,29602349.0,2398647731.0,880037056.0,0.03363761650509408,-4.543828264758487,82.326,82.6
2024-03-13,81.42,82.59,79.7,79.74,23502709.0,1904133809.0,880037056.0,0.026706499277230435,-0.37481259370316655,81.38199999999999,82.77000000000001
2024-03-14,78.74,81.34,78.44,80.79,21081183.0,1687129197.0,880037056.0,0.023954881054463233,1.3167795334838361,81.352,83.02000000000001
2024-03-15,80.1,80.74,78.54,80.74,21706181.0,1729629527.0,880037056.0,0.024665076148793444,-0.06188884762967639,81.032,83.21900000000001
2024-03-18,80.72,84.33,80.41,83.23,32622592.0,2700434366.0,880037056.0,0.03706956630698969,3.0839732474609916,80.90799999999999,83.07849999999999
2024-03-19,82.54,82.54,80.54,80.69,21584127.0,1754165141.0,880037056.0,0.02452638426171,-3.051784212423414,81.038,82.9915
2024-03-20,80.69,81.74,79.84,80.23,15436192.0,1244508730.0,880037056.0,0.017540388662906487,-0.5700830338331797,81.136,83.013
2024-03-21,80.34,81.54,78.92,79.26,16673668.0,1334364701.0,880037056.0,0.018946552177911927,-1.2090240558394583,80.83,82.83250000000001
2024-03-22,78.94,81.44,78.94,80.16,19784091.0,1582876561.0,880037056.0,0.022480974937491724,1.1355034065102076,80.714,82.76849999999999
2024-03-25,80.14,83.14,79.49,80.54,24861292.0,2030109301.0,880037056.0,0.028250278588268903,0.4740518962075946,80.176,82.68599999999999
2024-03-26,80.14,80.75,76.12,76.33,25850636.0,2007755103.0,880037056.0,0.029374485794380005,-5.227216290042225,79.304,82.1005
2024-03-27,76.35,78.21,74.54,75.27,16717968.0,1275544760.0,880037056.0,0.018996890967282177,-1.3887069304336475,78.312,81.69800000000001
2024-03-28,75.57,78.54,75.25,76.83,18042079.0,1389229683.0,880037056.0,0.020501499200506392,2.0725388601036343,77.826,81.2815
2024-03-29,76.43,77.61,75.42,77.3,10726867.0,817886041.0,880037056.0,0.0121891083186388,0.6117402056488253,77.25399999999999,80.77
2024-04-01,78.43,79.86,77.64,78.52,13228836.0,1042146631.0,880037056.0,0.015032135192270812,1.5782664941785152,76.85,80.38
2024-04-02,78.04,79.16,76.54,77.3,12737542.0,988344512.0,880037056.0,0.014473870063944216,-1.5537442689760539,77.044,79.928
2024-04-03,76.35,77.25,74.37,74.54,16956866.0,1275600414.0,880037056.0,0.019268354536198077,-3.5705045278137004,76.898,79.432
2024-04-08,74.54,75.59,74.04,74.05,10590764.0,791323435.0,880037056.0,0.01203445233106184,-0.6573651730614527,76.34200000000001,79.0875
2024-04-09,74.3,75.9,72.75,75.83,12324240.0,916139102.0,880037056.0,0.014004228476488153,2.403781228899393,76.048,78.762
2024-04-10,75.34,75.63,73.22,73.59,10646729.0,788311245.0,880037056.0,0.012098046244089068,-2.953975998945002,75.062,78.249
2024-04-11,73.59,74.94,72.59,74.05,13224618.0,977372212.0,880037056.0,0.015027342212280661,0.6250849300176498,74.412,77.9495
2024-04-12,77.65,79.79,76.7,78.03,32158882.0,2517739978.0,880037056.0,0.03654264531333553,5.374746792707641,75.10999999999999,77.864
2024-04-15,77.64,79.54,77.03,78.7,19678314.0,1542971195.0,880037056.0,0.022360778862475537,0.8586441112392595,76.04,77.7595
2024-04-16,78.04,78.84,76.42,77.89,14568650.0,1130819667.0,880037056.0,0.01655458699230047,-1.029224904701398,76.452,77.61699999999999
2024-04-17,78.34,80.71,77.24,80.08,19643822.0,1561786178.0,880037056.0,0.02232158505834554,2.811657465656703,77.75,77.4595
2024-04-18,79.27,81.32,78.52,79.34,16855015.0,1345737023.0,880037056.0,0.019152619636962197,-0.9240759240759178,78.808,77.392
2024-04-19,79.04,79.17,75.54,75.54,17337044.0,1332471288.0,880037056.0,0.01970035679952095,-4.789513486261654,78.30999999999999,77.1575
2024-04-22,72.3,74.37,70.33,73.39,15814634.0,1150006090.0,880037056.0,0.01797041828202289,-2.8461742123378375,77.248,76.864
2024-04-23,74.06,74.52,71.49,71.66,13059174.0,943766113.0,880037056.0,0.01483934558319326,-2.3572693827496938,76.002,76.439
2024-04-24,72.64,75.67,72.51,75.33,18305769.0,1356329266.0,880037056.0,0.020801134310417038,5.121406642478377,75.05199999999999,76.17850000000001
2024-04-25,74.62,75.52,74.22,74.74,8928177.0,667327935.0,880037056.0,0.010145228475470015,-0.783220496482151,74.13199999999999,76.099
2024-04-26,76.07,79.7,76.07,79.2,23570140.0,1853724362.0,880037056.0,0.026783122187072995,5.967353492105976,74.864,76.29549999999999
2024-04-29,79.88,81.32,79.21,79.96,20363970.0,1634066411.0,880037056.0,0.023139900599822016,0.959595959595938,76.178,76.452
2024-04-30,80.13,80.62,78.62,79.29,12080060.0,960052136.0,880037056.0,0.013726762887584587,-0.8379189594797221,77.704,76.5515
2024-05-06,80.54,81.0,78.84,79.28,11349144.0,902467776.0,880037056.0,0.012896211497712206,-0.012611930886630152,78.494,76.5895
2024-05-07,79.55,80.72,76.54,76.62,19486613.0,1522555442.0,880037056.0,0.022142945989765232,-3.35519677093844,78.87,76.5555
2024-05-08,76.24,77.29,75.55,76.4,11460461.0,875889903.0,880037056.0,0.01302270276218914,-0.28713129731140485,78.30999999999999,76.6485
2024-05-09,76.05,77.12,75.54,76.6,16022291.0,1224724228.0,880037056.0,0.01820638220943278,0.2617801047120283,77.638,76.776
2024-05-10,76.05,76.15,72.74,72.94,19242956.0,1417481164.0,880037056.0,0.02186607469401834,-4.778067885117487,76.368,76.6315
2024-05-13,71.54,73.31,71.42,72.06,15542738.0,1119601351.0,880037056.0,0.01766145856476298,-1.206471072114057,74.924,76.55499999999999
2024-05-14,72.46,73.03,71.03,71.74,13763393.0,990712129.0,880037056.0,0.015639560750496398,-0.4440743824590698,73.94800000000001,76.4395
2024-05-15,71.74,72.16,71.06,71.21,9741133.0,695527038.0,880037056.0,0.011069003212519269,-0.7387789238918363,72.91,76.0985
2024-05-16,72.02,73.77,71.13,72.58,19343300.0,1403303677.0,880037056.0,0.021980097165363,1.9238870945092135,72.106,75.79249999999999
2024-05-17,72.23,74.41,71.48,73.91,17443318.0,1278904908.0,880037056.0,0.019821117623483344,1.8324607329842868,72.3,75.5935
2024-05-20,73.47,75.31,72.65,73.91,13924855.0,1029144550.0,880037056.0,0.01582303257011941,0.0,72.66999999999999,75.285
2024-05-21,74.14,74.83,71.92,72.06,12629922.0,924331115.0,880037056.0,0.014351579758932333,-2.5030442429982314,72.734,74.921
2024-05-22,71.94,72.83,70.83,72.55,12516993.0,898364211.0,880037056.0,0.01422325675340653,0.6799888981404267,73.002,74.7715
2024-05-23,72.78,72.92,71.08,71.36,10362383.0,742426678.0,880037056.0,0.011774939395279283,-1.6402481047553374,72.75800000000001,74.66999999999999
2024-05-24,71.36,72.12,67.65,67.71,20013699.0,1391700490.0,880037056.0,0.0227418821327451,-5.114910313901355,71.518,74.4725
2024-05-27,68.03,70.78,67.93,70.69,17973726.0,1247075280.0,880037056.0,0.02042382860750809,4.401122433909332,70.874,74.2405
2024-05-28,70.93,73.34,70.41,70.41,16641787.0,1193879997.0,880037056.0,0.018910325294302154,-0.39609562880180693,70.54400000000001,74.02399999999999
2024-05-29,70.96,71.02,68.91,69.57,10786410.0,753231704.0,880037056.0,0.012256767969552409,-1.1930123561994077,69.94800000000001,73.5425
2024-05-30,69.24,70.61,68.66,69.54,10996217.0,765472088.0,880037056.0,0.012495174975904652,-0.04312203536005477,69.58399999999999,73.0215
2024-05-31,70.03,71.55,69.24,71.34,12347612.0,870882762.0,880037056.0,0.014030786449065163,2.5884383088869756,70.31,72.624
2024-06-03,70.54,71.52,69.88,71.14,12838509.0,908579010.0,880037056.0,0.014588600460024265,-0.28034763106251637,70.4,72.217
2024-06-04,71.13,71.93,70.78,71.58,9734992.0,694799120.0,880037056.0,0.01106202509727045,0.6184987348889504,70.634,71.965
2024-06-05,71.58,72.83,70.9,70.9,9893132.0,710794019.0,880037056.0,0.011241722075848589,-0.9499860296172002,70.9,71.69
2024-06-06,71.73,72.15,68.33,69.33,14641447.0,1034666113.0,880037056.0,0.016637307372656816,-2.214386459802553,70.858,71.3265
2024-06-07,69.61,70.18,67.33,68.17,13938997.0,955227352.0,880037056.0,0.015839102347981127,-1.6731573633347763,70.224,71.088
2024-06-11,68.07,71.51,67.53,71.46,17639227.0,1228446787.0,880037056.0,0.02004373211302593,4.826169869444019,70.288,71.05799999999999
2024-06-12,71.04,72.0,70.53,70.97,11551789.0,822480241.0,880037056.0,0.013126480210396958,-0.6856982927511801,70.16600000000001,71.0195
2024-06-13,71.53,72.97,70.73,71.98,17796715.0,1285763633.0,880037056.0,0.020222688213710854,1.423136536564762,70.38199999999999,71.05799999999999
2024-06-14,71.75,73.18,71.01,73.18,18800201.0,1362123974.0,880037056.0,0.021362965197683676,1.6671297582661948,71.152,71.088
2024-06-17,72.84,74.71,72.41,73.6,16703699.0,1233868862.0,880037056.0,0.018980676877315493,0.5739273025416658,72.238,71.07249999999999
2024-06-18,73.65,76.9,73.27,74.78,18290083.0,1375843691.0,880037056.0,0.020783310060979977,1.6032608695652373,72.902,71.11600000000001
2024-06-19,74.85,76.31,74.31,75.47,14197243.0,1066250298.0,880037056.0,0.016132551354746588,0.9227066060443878,73.80199999999999,71.28649999999999
2024-06-20,75.47,76.21,74.32,75.05,15401440.0,1157915511.0,880037056.0,0.017500899416671836,-0.5565125215317379,74.41600000000001,71.4115
2024-06-21,74.82,76.89,73.15,76.89,23782590.0,1786831212.0,880037056.0,0.027024532476050644,2.4516988674217144,75.158,71.688
2024-06-24,76.14,77.15,73.51,73.77,16983006.0,1278723727.0,880037056.0,0.019298057830873884,-4.057744830277022,75.192,71.991
2024-06-25,73.78,74.14,70.68,71.3,16782613.0,1203261628.0,880037056.0,0.01907034810134177,-3.3482445438525077,74.49600000000001,72.02149999999999
2024-06-26,71.3,73.25,70.06,72.79,13949896.0,997601372.0,880037056.0,0.015851487053745155,2.0897615708274975,73.96,72.1405
2024-06-27,71.84,72.32,70.65,71.19,9962066.0,708657419.0,880037056.0,0.011320052868319217,-2.1981041351834207,73.18800000000002,72.22149999999999
2024-06-28,70.66,72.04,70.37,70.46,9940513.0,706441684.0,880037056.0,0.011295561854159013,-1.0254249192302334,71.902,72.2675
2024-07-01,70.34,71.44,69.23,70.61,8796144.0,617804119.0,880557181.0,0.00998929335856498,0.212886744252061,71.27000000000001,72.23100000000001
2024-07-02,70.24,71.39,69.66,71.18,8861227.0,624386005.0,880557181.0,0.010063204515505507,0.8072510975782654,71.24600000000001,72.23299999999999
2024-07-03,70.74,72.12,69.85,71.34,9246431.0,656039588.0,880557181.0,0.01050065935468193,0.22478224220285892,70.956,72.221
2024-07-04,71.72,71.84,69.05,69.06,10967222.0,764551070.0,880557181.0,0.012454866346720531,-3.1959629941127,70.53,72.12899999999999
2024-07-05,69.04,72.54,67.85,71.64,17418059.0,1222035298.0,880557181.0,0.019780724495619097,3.7358818418766315,70.76599999999999,72.2445
2024-07-08,71.61,71.86,70.66,71.12,8796349.0,625175797.0,880557181.0,0.009989526165706211,-0.7258514796203208,70.86800000000001,72.392
2024-07-09,70.74,73.82,70.19,73.26,15953052.0,1151723780.0,880557181.0,0.01811699721974103,3.0089988751406116,71.28399999999999,72.482
2024-07-10,73.11,73.44,72.42,72.96,9805553.0,713310286.0,880557181.0,0.011135623229901297,-0.40950040950042954,71.608,72.5815
2024-07-11,74.6,74.75,72.16,73.14,14592528.0,1068572219.0,880557181.0,0.01657192549770371,0.24671052631579649,72.424,72.6395
2024-07-12,72.22,72.44,69.9,70.73,14373590.0,1014855334.0,880557181.0,0.016323289742157018,-3.295050587913584,72.242,72.517
2024-07-15,70.82,73.1,70.82,72.14,14428960.0,1041696174.0,880557181.0,0.01638617038318151,1.993496394740557,72.446,72.444
2024-07-16,71.66,78.71,71.66,77.99,33755998.0,2555250946.0,880557181.0,0.03833481655520109,8.109232048794013,73.39200000000001,72.6045
2024-07-17,77.48,78.82,76.21,76.77,19811585.0,1528245002.0,880557181.0,0.022498919351837073,-1.5643031157840714,74.154,72.6695
2024-07-18,75.5,76.64,73.25,75.51,21191195.0,1584205794.0,880557181.0,0.024065665986545397,-1.6412661195779443,74.628,72.6925
2024-07-19,75.16,79.32,75.08,78.38,27954182.0,2179008992.0,880557181.0,0.031746015594642005,3.800821083300221,76.15799999999999,72.76700000000001
2024-07-22,78.38,80.34,78.03,78.82,21027424.0,1659704837.0,880557181.0,0.02387968033617115,0.5613676958407643,77.494,73.01950000000001
2024-07-23,78.63,78.74,75.28,75.45,16672437.0,1281047586.0,880557181.0,0.0189339629041081,-4.275564577518387,76.98599999999999,73.227
2024-07-24,75.35,77.76,75.16,75.59,14734334.0,1122365143.0,880557181.0,0.016732966714628383,0.18555334658714173,76.75,73.36699999999999
2024-07-25,74.45,76.64,74.45,74.95,12521743.0,943190256.0,880557181.0,0.014220249712551035,-0.846672840322793,76.638,73.555
2024-07-26,75.27,76.04,73.88,74.46,10720159.0,800180307.0,880557181.0,0.012174290587041389,-0.6537691794529787,75.854,73.75500000000001
2024-07-29,74.66,74.81,73.23,74.0,8220594.0,607072548.0,880557181.0,0.009335673113998487,-0.6177813591189851,74.89000000000001,73.9245
2024-07-30,73.88,75.21,72.63,75.15,10902538.0,806518603.0,880557181.0,0.012381408311971962,1.554054054054066,74.83,74.123
2024-07-31,74.7,80.03,74.55,79.66,21418891.0,1670244437.0,880557181.0,0.02432424771742336,6.001330671989336,75.644,74.539
2024-08-01,81.17,81.46,79.27,79.82,16835242.0,1344851667.0,880557181.0,0.019118851521807076,0.20085362791864014,76.61800000000001,75.077
2024-08-02,78.36,79.58,77.72,78.13,13109015.0,1029558555.0,880557181.0,0.014887181983017637,-2.1172638436482094,77.352,75.4015
2024-08-05,77.65,77.65,73.6,73.96,18351232.0,1373632865.0,880557181.0,0.02084047736588727,-5.3372584154614096,77.344,75.5435
2024-08-06,75.33,75.55,72.95,75.02,10873047.0,804589610.0,880557181.0,0.012347917017327691,1.4332071389940637,77.318,75.6315
2024-08-07,75.02,75.03,71.32,71.78,12343576.0,900251621.0,880557181.0,0.014017915322639338,-4.318848307118095,75.74199999999999,75.5725
2024-08-08,70.84,73.58,70.65,72.52,9305299.0,671568693.0,880557181.0,0.010567512480487056,1.0309278350515427,74.28200000000001,75.5415
2024-08-09,73.55,73.92,72.15,72.15,7869845.0,573237821.0,880557181.0,0.008937346909217925,-0.510204081632637,73.08599999999998,75.6125
2024-08-12,72.1,74.29,71.84,73.85,9528696.0,698342340.0,886557181.0,0.010747976785041686,2.3562023562023304,73.064,75.69800000000001
2024-08-13,73.94,75.13,73.05,73.66,7586031.0,559439748.0,886557181.0,0.008556730645893894,-0.2572782667569329,72.792,75.4815
2024-08-14,74.24,74.8,73.41,73.72,7466931.0,552642160.0,886557181.0,0.008422390749322687,0.08145533532446514,73.17999999999999,75.329
2024-08-15,73.63,78.16,73.2,76.75,19043305.0,1454000595.0,886557181.0,0.021480064014054837,4.110146500271306,74.026,75.39099999999999
2024-08-16,76.74,77.81,76.52,76.99,9371878.0,721759991.0,886557181.0,0.010571092537346444,0.3127035830618796,74.994,75.32149999999999
2024-08-19,77.13,78.39,76.66,76.99,7937911.0,613971104.0,886557181.0,0.008953636798752634,0.0,75.62199999999999,75.22999999999999
2024-08-20,77.45,77.53,75.45,75.8,7490602.0,569501803.0,886557181.0,0.008449090662771361,-1.545655279906477,76.05,75.24749999999999
2024-08-21,75.25,78.26,75.25,77.13,9396266.0,721863167.0,886557181.0,0.010598601197275735,1.7546174142480275,76.732,75.3245
2024-08-22,76.95,78.36,76.7,77.45,10349274.0,801791548.0,886557181.0,0.01167355498528188,0.4148839621418432,76.87199999999999,75.4495
2024-08-23,77.0,77.84,75.65,76.4,9613552.0,733067450.0,886557181.0,0.01084369085946189,-1.355713363460298,76.754,75.5465
2024-08-26,76.4,77.15,74.81,75.03,7378577.0,556857411.0,886557181.0,0.008322731074917546,-1.793193717277497,76.362,75.59799999999998
2024-08-27,74.58,76.2,74.35,75.45,6222749.0,468393834.0,886557181.0,0.007019004677150091,0.5597760895641679,76.292,75.613
2024-08-28,75.74,76.04,74.62,74.86,5523133.0,413817829.0,886557181.0,0.006229866632821285,-0.7819748177601116,75.838,75.373
2024-08-29,74.55,75.98,73.56,75.15,6863327.0,513332814.0,886557181.0,0.007741550288113903,0.3873897942826776,75.37800000000001,75.1395
2024-08-30,75.34,80.16,74.95,79.55,21050996.0,1651689396.0,886557181.0,0.02374465680403755,5.854956753160345,76.008,75.2105
2024-09-02,79.07,80.49,77.93,78.02,11776652.0,930756326.0,886557181.0,0.013283578603149344,-1.9233186675047143,76.60600000000001,75.4135
2024-09-03,78.02,79.03,77.25,77.47,7477279.0,582441255.0,886557181.0,0.00843406286728842,-0.704947449371951,77.01,75.536
2024-09-04,76.48,77.43,76.25,76.62,5252524.0,402902677.0,886557181.0,0.00592463082197966,-1.0971989157092965,77.362,75.77799999999999
2024-09-05,76.72,78.34,73.95,74.85,11312544.0,857154560.0,886557181.0,0.012760083886794438,-2.3101018010963315,77.30199999999999,75.8945
2024-09-06,75.35,78.43,74.15,76.33,11257818.0,865599166.0,886557181.0,0.012698355211901442,1.977287909151637,76.658,76.10350000000001
2024-09-09,76.15,78.18,75.87,76.55,8020341.0,617417369.0,886557181.0,0.009046614445052925,0.2882221931088669,76.364,76.2385
2024-09-10,76.55,80.04,76.18,79.06,12311393.0,965438312.0,886557181.0,0.01388674443549513,3.278902677988249,76.682,76.5085
2024-09-11,78.66,79.73,78.51,79.36,8120785.0,641640269.0,886557181.0,0.009159911141704462,0.3794586390083454,77.22999999999999,76.7905
2024-09-12,79.76,80.25,76.17,76.25,10655235.0,828398601.0,886557181.0,0.012018666396657387,-3.9188508064516125,77.50999999999999,76.7655
2024-09-13,76.23,78.88,76.23,78.14,12386718.0,959933047.0,886557181.0,0.013971707934313151,2.478688524590167,77.872,76.82300000000001
2024-09-18,77.25,77.51,74.43,74.88,10573757.0,795802289.0,886557181.0,0.011926762567162602,-4.171998976196578,77.538,76.7175
2024-09-19,75.8,76.42,74.05,76.07,9365656.0,705214748.0,886557181.0,0.010564074377510457,1.5892094017093905,76.94,76.73100000000001
2024-09-20,76.15,76.34,74.55,76.07,8777017.0,661563028.0,886557181.0,0.009900113820182344,0.0,76.28200000000001,76.678
2024-09-23,75.26,76.5,74.78,75.66,7143629.0,539367219.0,886557181.0,0.008057719403888062,-0.5389772577888752,76.16399999999999,76.5885
2024-09-24,76.82,79.21,75.76,78.28,16729206.0,1297123362.0,886557181.0,0.018869855615099913,3.4628601638911016,76.192,76.6825
2024-09-25,79.59,80.16,78.66,78.91,15692898.0,1244426784.0,886557181.0,0.017700942856611977,0.8048032703116936,76.99799999999999,76.8765
2024-09-26,78.96,81.34,77.9,81.15,17656470.0,1403529574.0,886557181.0,0.019915771231004218,2.8386769737675843,78.014,77.1615
2024-09-27,82.16,86.96,81.36,86.26,12566667.0,1055011430.0,886557181.0,0.014174682997689238,6.296980899568694,80.05199999999999,77.7315
2024-09-30,90.27,103.49,90.26,103.49,44184421.0,4307718812.0,886557181.0,0.049838207785043026,19.974495710642227,85.61800000000001,79.1485
2024-10-08,124.19,124.19,118.23,124.19,47248899.0,5827866051.0,886557181.0,0.05329481280237919,20.00193255386995,94.8,81.38050000000001
2024-10-09,120.43,149.0,118.23,131.26,78096514.0,10386989328.0,886557181.0,0.08808965250488451,5.692889926725164,105.27000000000001,84.0425
2024-10-10,134.25,144.29,119.56,131.29,57916204.0,7622190354.0,886557181.0,0.06532709366210639,0.022855401493226957,115.298,86.7335
2024-10-11,125.27,131.05,121.45,123.95,38857637.0,4864269342.0,886557181.0,0.043829814740398564,-5.590677126970823,122.83599999999998,89.1
2024-10-14,125.24,125.75,116.68,124.45,42710957.0,5213762423.0,886557181.0,0.048176201056567836,0.4033884630899598,127.02799999999999,91.58
2024-10-15,124.25,124.55,117.22,117.23,35780323.0,4309667575.0,886557181.0,0.040358731243529344,-5.801526717557248,125.636,93.625
2024-10-16,115.23,118.22,113.22,113.8,25167829.0,2892499503.0,886557181.0,0.028388274935195634,-2.9258722170093066,122.144,95.4875
2024-10-17,122.18,122.24,116.41,116.41,33150593.0,3946806167.0,886557181.0,0.03739250407131946,2.2934973637961376,119.168,97.35499999999999
2024-10-18,117.23,139.17,115.38,133.25,59997761.0,7608761534.0,886557181.0,0.06767500425897514,14.46611115883516,121.02799999999999,100.0495
2024-10-21,136.27,147.17,129.32,131.56,67436776.0,9145134078.0,886557181.0,0.07606590690961873,-1.2682926829268304,122.45,102.81500000000001
2024-10-22,128.25,132.26,125.25,128.36,37190535.0,4780590502.0,886557181.0,0.04194939232013282,-2.4323502584372103,124.676,105.326
2024-10-23,127.25,129.76,124.91,125.27,30178249.0,3840140979.0,886557181.0,0.034039822412763245,-2.4072919912745516,126.97,107.84550000000002
2024-10-24,122.76,126.6,122.25,124.05,21396357.0,2665221788.0,886557181.0,0.024134209793287998,-0.9738963838109682,128.498,110.24449999999999
2024-10-25,126.13,126.21,120.89,122.24,24973741.0,3064962783.0,886557181.0,0.02816935166193189,-1.4590890769850873,126.296,112.55300000000003
2024-10-28,121.24,124.46,120.72,122.81,19549656.0,2388163763.0,886557181.0,0.022051207095236423,0.46629581151833577,124.546,114.9105
2024-10-29,123.58,132.43,121.84,126.78,38573519.0,4901726637.0,886557181.0,0.04350934133373175,3.232635778845361,124.22999999999999,117.3355
2024-10-30,125.05,128.82,124.26,125.44,26948598.0,3395250062.0,886557181.0,0.030396909051712932,-1.0569490455907937,124.26400000000001,119.66199999999999
2024-10-31,125.9,130.04,124.63,128.68,34571786.0,4418374094.0,886557181.0,0.038995551263827616,2.5829081632653184,125.19000000000001,122.03850000000003
2024-11-01,127.25,129.96,124.06,124.13,26503845.0,3347434258.0,886557181.0,0.029895245978499383,-3.5359030152315896,125.56799999999998,123.93199999999999
2024-11-04,122.23,125.09,121.74,124.7,20141749.0,2479943695.0,886557181.0,0.02271906362236098,0.4591960041891552,125.946,124.99250000000002
2024-11-05,124.25,131.76,123.6,129.54,33088970.0,4266204172.0,886557181.0,0.03732299586438069,3.881315156375287,126.498,125.26000000000002
2024-11-06,131.5,137.22,127.65,133.45,35428268.0,4684275606.0,886557181.0,0.03996162769787547,3.0183727034120755,128.1,125.36949999999999
2024-11-07,132.26,144.28,131.26,142.03,38119247.0,5273647359.0,886557181.0,0.04299694122042197,6.4293742974897095,130.77,125.90650000000001
2024-11-08,146.17,150.1,135.96,137.26,49663550.0,7130097685.0,886557181.0,0.05601843971753921,-3.3584453988594,133.39600000000002,126.572
2024-11-11,133.77,143.25,131.36,139.33,57710412.0,7782626091.0,886557181.0,0.06509496875870435,1.5080868424887317,136.32199999999997,127.31599999999999
2024-11-12,136.27,137.66,129.58,129.67,44724908.0,5922228426.0,886557181.0,0.05044785486882205,-6.933180219622493,136.348,127.93799999999999
2024-11-13,127.69,133.16,127.35,131.77,28514184.0,3719590399.0,886557181.0,0.03216282560346212,1.61949564278554,136.012,128.8365
2024-11-14,130.06,133.16,126.63,126.95,29596901.0,3833863240.0,886557181.0,0.033384085803259654,-3.657888745541482,132.996,129.3635
2024-11-15,126.46,128.87,122.14,122.14,23103805.0,2891839474.0,886557181.0,0.02606014084048122,-3.7888932650649854,129.972,128.808
2024-11-18,123.14,127.04,121.59,123.35,25210401.0,3119928327.0,886557181.0,0.02843629439847716,0.9906664483379624,126.776,128.39749999999998
2024-11-19,123.47,128.03,122.61,127.45,21612836.0,2702243036.0,886557181.0,0.0243783891926989,3.3238751520064946,126.33200000000002,128.35200000000003
2024-11-20,127.46,130.01,125.35,126.79,19706599.0,2500334604.0,886557181.0,0.022228232337785328,-0.5178501373087507,125.33600000000001,128.428
2024-11-21,125.85,131.7,125.76,128.76,26084975.0,3367446920.0,886557181.0,0.02942277786366495,1.5537502957646332,125.69800000000001,128.6635
2024-11-22,128.96,132.48,123.42,124.15,25715458.0,3291711791.0,886557181.0,0.02900597790093361,-3.5803044423733943,126.1,128.759
2024-11-25,124.3,125.45,116.4,118.5,28093648.0,3338292520.0,886557181.0,0.031688478309218046,-4.550946435763192,125.13,128.5435
2024-11-26,118.2,119.69,117.34,118.33,12471761.0,1477502870.0,886557181.0,0.014067632937034436,-0.14345991561182103,123.306,128.121
2024-11-27,117.13,124.05,116.53,123.45,20835993.0,2525283702.0,886557181.0,0.023502142271858716,4.326882447392899,122.638,128.0215
2024-11-28,124.2,129.06,122.68,126.25,21344884.0,2697715247.0,886557181.0,0.024076150368466758,2.2681247468610666,122.13600000000001,127.9
2024-11-29,125.86,129.26,123.34,126.06,21307453.0,2691220262.0,886557181.0,0.024033929741526735,-0.15049504950495063,122.518,127.99650000000001
2024-12-02,126.7,130.59,126.29,127.14,18385640.0,2352106582.0,886557181.0,0.020738244970574547,0.8567348881485026,124.24600000000001,128.11849999999998
2024-12-03,127.9,128.12,124.04,125.62,15904401.0,2004001476.0,886557181.0,0.017939509532888212,-1.1955324838760384,125.704,127.92249999999999
2024-12-04,128.77,133.97,127.25,129.15,30252123.0,3927942877.0,886557181.0,0.03412314924331993,2.8100620920235686,126.84400000000001,127.70750000000001
2024-12-05,127.85,130.06,127.01,128.27,15278465.0,1952056238.0,886557181.0,0.017233479495103204,-0.6813782423538473,127.248,127.0195
2024-12-06,128.86,132.66,126.55,130.07,18389273.0,2379502664.0,886557181.0,0.020742342845001444,1.4032899352927286,128.05,126.66000000000001
2024-12-09,130.25,131.02,127.52,129.25,14026247.0,1807958204.0,886557181.0,0.015821029145778247,-0.6304297685861382,128.472,126.15600000000002
2024-12-10,137.27,138.15,130.27,130.56,24668777.0,3284302074.0,886557181.0,0.027825364825509208,1.013539651837525,129.46,126.2005
2024-12-11,129.65,130.68,124.13,124.63,25269114.0,3178328581.0,886557181.0,0.028502520245222627,-4.541973039215696,128.556,125.84350000000002
2024-12-12,124.13,127.93,124.05,127.05,15825641.0,1992953428.0,886557181.0,0.0178506714954915,1.9417475728155331,128.31199999999998,125.84849999999999
2024-12-13,125.54,128.11,123.65,124.06,20089117.0,2512476343.0,886557181.0,0.022659696893256566,-2.353404171585982,127.11000000000001,125.94449999999999
2024-12-16,122.25,125.15,119.74,123.67,16153504.0,1983537600.0,886557181.0,0.018220487461146625,-0.31436401741092856,125.994,125.9605
2024-12-17,123.75,124.14,121.66,122.05,11427136.0,1400080159.0,886557181.0,0.0128893389449631,-1.3099377375272891,124.29199999999999,125.6905
2024-12-18,121.74,123.1,120.95,121.44,14308466.0,1739968744.0,886557181.0,0.016139360558628198,-0.49979516591560635,123.654,125.423
2024-12-19,120.79,131.15,119.76,129.04,33519717.0,4248731813.0,886557181.0,0.037808860746230875,6.258234519104078,124.05199999999999,125.43700000000001
2024-12-20,128.25,133.55,128.03,131.32,33184363.0,4349429405.0,886557181.0,0.03743059524098536,1.766893986360829,125.50399999999999,125.79549999999999
2024-12-23,132.35,141.78,131.32,136.97,49768040.0,6872295632.0,886557181.0,0.05613630013561415,4.302467255558939,128.164,126.71900000000001
2024-12-24,138.77,141.49,134.77,141.03,32539814.0,4488752108.0,886557181.0,0.03670357050551035,2.9641527341753626,131.95999999999998,127.854
2024-12-25,147.79,161.54,147.79,156.91,48673433.0,7606391118.0,886557181.0,0.05490162850533608,11.260015599517835,139.054,129.52700000000002
2024-12-26,155.31,160.92,154.81,159.5,36154165.0,5704294979.0,886557181.0,0.04078040962819746,1.6506277483907983,145.14600000000002,131.1895
2024-12-27,159.5,160.99,155.1,155.36,31031859.0,4904550635.0,886557181.0,0.03500265934905331,-2.5956112852664526,149.954,132.65449999999998
2024-12-30,155.31,159.5,151.63,154.31,27532213.0,4270340687.0,886557181.0,0.031055202743882574,-0.675849639546866,153.422,134.01299999999998
2024-12-31,153.79,155.18,149.88,150.09,22446078.0,3396781825.0,886557181.0,0.025318251863553513,-2.73475471453567,155.23399999999998,135.2365
2025-01-02,148.6,149.77,137.68,139.36,38644594.0,5449063430.0,886557181.0,0.043589511007525186,-7.149043906989128,151.724,135.747
2025-01-03,139.67,140.08,135.85,135.88,19919539.0,2741766652.0,886557181.0,0.022468419890899288,-2.4971297359357214,147.0,136.1275
2025-01-06,138.01,142.08,133.6,134.84,19911463.0,2719449703.0,886557181.0,0.022459310495393753,-0.7653812187223941,142.89600000000002,136.36599999999999
2025-01-07,135.84,148.92,134.3,147.89,35828473.0,5096022844.0,886557181.0,0.04041304246116078,9.678137051320078,141.61200000000002,137.298
2025-01-08,145.54,151.6,145.09,150.19,32891375.0,4877719726.0,886557181.0,0.03710011683950254,1.5552099533437058,141.632,138.27949999999998
2025-01-09,150.19,151.18,146.07,148.49,20943110.0,3106013725.0,886557181.0,0.023622965837778263,-1.131899593847785,143.458,139.4725
2025-01-10,149.42,153.97,146.92,146.99,32695512.0,4892245269.0,886557181.0,0.03687919143931676,-1.0101690349518466,145.68,140.46949999999998
2025-01-13,146.99,146.99,141.54,143.69,21789659.0,3121265214.0,886557181.0,0.02457783825677455,-2.2450506837199846,147.45,141.451
2025-01-14,145.79,146.84,138.56,144.34,32829793.0,4699483490.0,886557181.0,0.037030654878875774,0.4523627253114393,146.74,142.4845
2025-01-15,144.3,151.57,141.15,147.49,32141098.0,4708994718.0,886557181.0,0.03625383527292189,2.1823472356935048,146.2,143.75650000000002
2025-01-16,147.48,148.28,133.05,133.07,51585061.0,7111707016.0,886557181.0,0.05818582501561171,-9.776934029425732,143.116,144.338
2025-01-17,130.26,135.09,129.39,132.04,29516716.0,3889296127.0,886557181.0,0.03329364042453117,-0.7740287066957285,140.126,144.488
2025-01-20,133.26,136.43,131.66,134.17,22901899.0,3072481176.0,886557181.0,0.0258323991850899,1.6131475310511956,138.22199999999998,144.6305
2025-01-21,134.87,135.26,131.68,133.29,22317588.0,2968710571.0,886557181.0,0.025173320433575057,-0.6558843258552605,136.012,144.4465
2025-01-22,132.96,135.15,131.31,132.73,22348615.0,2972590593.0,886557181.0,0.025208317612172158,-0.4201365443769256,133.06,144.0315
2025-01-23,134.1,136.18,130.41,130.8,25493131.0,3371067304.0,886557181.0,0.02875520219828889,-1.4540797106908587,132.606,142.726
2025-01-24,130.83,133.81,130.27,131.26,20550057.0,2710711734.0,886557181.0,0.023179618236040207,0.3516819571865337,132.45,141.314
2025-01-27,128.35,130.98,126.26,128.25,17585705.0,2263675771.0,886557181.0,0.019835951224447868,-2.293158616486357,131.266,139.95850000000002
2025-02-05,136.27,141.16,132.92,139.47,50016968.0,6830831679.0,886557181.0,0.05641708067107744,8.748538011695906,132.502,139.21650000000002
2025-02-06,139.28,142.14,137.15,141.09,35885630.0,5018503370.0,886557181.0,0.040477513203967835,1.161540116154014,134.17399999999998,138.7665
2025-02-07,141.28,144.57,137.57,139.98,39442073.0,5544944265.0,886557181.0,0.044489034486767075,-0.7867318732723838,136.01,138.79749999999999
2025-02-10,141.07,143.99,140.28,142.58,31023235.0,4404750551.0,886557181.0,0.03499293183210932,1.8574082011716175,138.274,139.1325
2025-02-11,142.76,143.96,137.8,140.28,26601503.0,3719734380.0,886557181.0,0.030005400181852455,-1.6131294711740907,140.68,139.4045
2025-02-12,143.28,146.84,140.06,141.36,28461623.0,4038758765.0,886557181.0,0.03210353895943459,0.7698887938409005,141.058,139.078
2025-02-13,140.78,140.78,135.27,135.32,28433220.0,3890415550.0,886557181.0,0.032071501544805606,-4.272778720996051,139.90400000000002,138.3345
2025-02-14,135.32,137.67,134.48,136.16,19071311.0,2587908539.0,886557181.0,0.02151165362902858,0.6207508128879713,139.14000000000001,137.71800000000002
2025-02-17,137.57,144.8,137.57,141.89,37889071.0,5359928275.0,886557181.0,0.04273731216892596,4.208284371327853,139.002,137.46300000000002
2025-02-18,141.28,142.18,136.65,137.74,20451747.0,2846087146.0,886557181.0,0.023068728603530424,-2.9248009021072496,138.494,137.1655
2025-02-19,137.77,139.72,136.32,137.64,25133034.0,3454393505.0,886557181.0,0.02834902760772968,-0.07260055176421254,137.75,136.8305
2025-02-20,138.44,140.8,135.58,136.42,21313758.0,2918970392.0,886557181.0,0.024041041521945555,-0.8863702412089447,137.96999999999997,136.277
2025-02-21,139.35,160.33,139.35,157.27,78244142.0,11800501912.0,886557181.0,0.08825617081093837,15.283682744465633,142.192,137.487
2025-02-24,156.18,157.73,151.82,154.37,37496451.0,5784547209.0,886557181.0,0.042294452973361006,-1.8439626120684172,144.68800000000002,138.6035
2025-02-25,151.3,161.61,149.51,156.21,39484960.0,6095226351.0,886557181.0,0.04453740925707983,1.191941439398847,148.382,139.7055
2025-02-26,158.6,168.84,153.08,165.33,51813707.0,8350170495.0,886557181.0,0.05844372829009886,5.83829460341847,153.92000000000002,141.3075
2025-02-27,165.38,172.24,162.92,170.33,49023076.0,8200020910.0,886557181.0,0.05529601141429365,3.0242545212605165,160.70200000000003,143.1875
2025-02-28,169.84,169.84,158.14,160.32,42343127.0,6871976442.0,886557181.0,0.04776130396038155,-5.876827335172907,161.31199999999998,144.6635
2025-03-03,160.37,162.41,149.81,151.23,39622103.0,6082397394.0,886557181.0,0.04469210091480834,-5.669910179640725,160.68400000000003,145.662
2025-03-04,147.79,156.31,147.29,151.8,30038785.0,4549771068.0,886557181.0,0.0338825127625919,0.3769093433842574,159.802,146.8395
2025-03-05,151.26,155.1,150.43,154.26,23075773.0,3515640782.0,886557181.0,0.02602852189857791,1.620553359683785,157.58800000000002,147.579
2025-03-06,159.32,166.99,156.02,163.35,39824198.0,6474314876.0,886557181.0,0.044920055754418396,5.892648774795806,156.19199999999998,148.692
2025-03-07,161.82,164.57,159.02,160.12,21462920.0,3469333054.0,886557181.0,0.024209290116843574,-1.977349250076521,156.152,149.699
2025-03-10,160.11,165.15,158.31,163.32,22279780.0,3594917068.0,886557181.0,0.02513067456615638,1.9985011241568706,158.57,150.73600000000002
2025-03-11,159.22,160.92,155.31,158.32,24857197.0,3910331002.0,886557181.0,0.028037894828128407,-3.0614744060739607,159.87399999999997,151.63799999999998
2025-03-12,163.2,169.62,160.82,162.74,36404461.0,6009882144.0,886557181.0,0.04106273321133925,2.791814047498753,161.57,152.707
2025-03-13,165.06,165.06,154.48,155.8,24918589.0,3939397186.0,886557181.0,0.028107142476577605,-4.26447093523411,160.06,153.73100000000002
2025-03-14,156.3,159.62,154.61,157.19,25552591.0,4015842407.0,886557181.0,0.028822270630279853,0.8921694480102715,159.474,154.78249999999997
2025-03-17,158.98,159.12,154.59,155.1,16664155.0,2593589291.0,886557181.0,0.01879648076529426,-1.3296011196641033,157.82999999999998,155.443
2025-03-18,155.39,157.53,153.33,153.71,15152308.0,2346101805.0,886557181.0,0.017091179593073536,-0.896196002578975,156.90800000000002,156.24150000000003
2025-03-19,153.1,154.85,152.1,153.14,12026350.0,1838231196.0,886557181.0,0.013565227666911199,-0.370828182941918,154.988,157.0165
2025-03-20,151.31,154.0,149.32,151.96,13659444.0,2075479483.0,886557181.0,0.015407290463309664,-0.7705367637455773,154.21999999999997,157.79350000000002
2025-03-21,151.8,152.93,144.29,146.09,21389642.0,3156244397.0,886557181.0,0.02412663554974916,-3.8628586470123794,152.0,157.2345
2025-03-24,146.09,149.64,144.79,149.3,16019181.0,2351207291.0,886557181.0,0.018068976647316784,2.197275651995345,150.84,156.981
2025-03-25,149.2,150.58,141.28,142.3,20801565.0,3009241925.0,886557181.0,0.02346330890528312,-4.688546550569328,148.558,156.2855
2025-03-26,142.58,143.7,141.08,141.33,12282265.0,1742009996.0,886557181.0,0.013853889250714896,-0.6816584680252924,146.196,155.0855
2025-03-27,142.07,145.17,141.68,142.44,15199574.0,2174122876.0,886557181.0,0.017144493695099853,0.7853958819783458,144.292,153.691
2025-03-28,142.0,143.08,140.29,141.27,10550895.0,1489494102.0,886557181.0,0.011900975172406843,-0.8213984835720223,143.32800000000003,152.7385
2025-03-31,140.1,142.6,139.27,141.58,11682710.0,1640783302.0,886557181.0,0.013177615894806,0.21943795568768465,141.78400000000002,152.256
2025-04-01,142.67,144.4,141.97,142.19,14002343.0,1998597253.0,886557181.0,0.01579406641792234,0.4308518152281282,141.762,151.77550000000002
2025-04-02,141.48,142.9,140.96,142.11,7610829.0,1078637132.0,886557181.0,0.008584701768943204,-0.05626274702861256,141.918,151.168
2025-04-03,140.29,145.67,140.29,142.3,14092663.0,2017350133.0,886557181.0,0.015895943659385913,0.13369924706212455,141.89000000000001,150.1155
2025-04-07,135.82,140.5,128.32,136.73,37756549.0,5125057018.0,886557181.0,0.04258783280894772,-3.9142656359803407,140.982,148.946
2025-04-08,138.27,139.24,130.81,134.5,28559669.0,3809132621.0,886557181.0,0.03221413081081343,-1.6309515102757133,139.56599999999997,147.505
2025-04-09,132.26,143.02,131.92,141.76,33654470.0,4678045506.0,886557181.0,0.03796085658235732,5.397769516728612,139.48,146.67700000000002
2025-04-10,144.06,144.79,140.4,141.55,21648120.0,3073650387.0,886557181.0,0.024418188092032386,-0.14813769751691463,139.368,145.6175
2025-04-11,142.78,153.18,141.3,147.21,31677305.0,4642397826.0,886557181.0,0.03573069586359822,3.9985870717061056,140.35,145.188
2025-04-14,148.29,151.56,145.49,150.45,21568350.0,3207569485.0,886557181.0,0.024328210816218068,2.2009374363154643,143.094,144.85100000000003
2025-04-15,149.98,151.73,147.77,150.7,13290169.0,1984973804.0,886557181.0,0.01499076346661502,0.16616816218013586,146.334,144.631
2025-04-16,155.31,156.01,149.32,154.81,22077419.0,3356369613.0,886557181.0,0.02490241968949773,2.7272727272727337,148.94400000000002,144.68599999999998
2025-04-17,152.79,158.08,152.3,154.31,16359547.0,2523530427.0,886557181.0,0.018452895482214814,-0.322976551902332,151.496,144.7445
2025-04-18,153.05,153.1,148.09,149.94,12958745.0,1939699702.0,886557181.0,0.014616930839568712,-2.8319616356684674,152.04199999999997,144.6435
2025-04-21,150.98,155.18,150.09,154.03,13158995.0,2017079669.0,886557181.0,0.014842804595138686,2.727757769774586,152.75799999999998,145.0405
2025-04-22,154.99,157.58,152.38,152.4,17660103.0,2732403145.0,886557181.0,0.019919869105431115,-1.0582354086866141,153.098,145.19549999999998
2025-04-23,152.4,153.84,148.75,149.3,14664934.0,2192327187.0,886557181.0,0.016541441786595827,-2.034120734908129,151.996,145.5455
2025-04-24,149.3,151.65,148.35,148.6,8782467.0,1311540473.0,886557181.0,0.009906261195802102,-0.46885465505693835,150.854,145.909
2025-04-25,149.37,149.98,146.95,147.5,9015608.0,1334717423.0,886557181.0,0.010169234645227019,-0.7402422611036297,150.366,146.16199999999998
2025-04-28,148.26,150.05,147.44,148.9,8606360.0,1276793402.0,886557181.0,0.009707619750248236,0.9491525423728886,149.34,146.5435
2025-04-29,148.35,151.02,145.95,150.4,9126561.0,1356820472.0,886557181.0,0.010294385061215808,1.0073875083948858,148.94,146.9845
2025-04-30,149.8,152.58,148.7,148.9,11490290.0,1723056252.0,886557181.0,0.012960574056869548,-0.9973404255319118,148.85999999999999,147.32
2025-05-06,151.4,151.4,147.84,150.31,12535282.0,1870456686.0,886557181.0,0.014139282009831241,0.9469442578911913,149.202,147.73
2025-05-07,153.72,153.72,149.7,151.1,12674245.0,1910156347.0,886557181.0,0.014296026552629097,0.5255804670347919,149.922,148.17000000000002
2025-05-08,149.8,150.28,146.2,146.29,16494739.0,2427864592.0,886557181.0,0.018605386492267326,-3.183322303110525,149.4,148.648
2025-05-09,145.9,146.56,144.17,144.17,9502054.0,1375398296.0,886557181.0,0.010717925705911123,-1.449176293663279,148.154,149.13150000000002
2025-05-12,143.89,145.97,143.08,143.99,11402035.0,1642442800.0,886557181.0,0.012861026050388509,-0.12485260456404079,147.17199999999997,149.243
2025-05-13,144.83,144.99,142.28,142.45,10043497.0,1436862794.0,886557181.0,0.011328651118330967,-1.0695187165775555,145.6,149.288
2025-05-14,143.69,145.79,142.98,144.51,11853435.0,1708402763.0,886557181.0,0.013370186665940502,1.44612144612144,144.28199999999998,149.153
2025-05-15,144.5,145.27,141.98,142.39,8599990.0,1227878124.0,886557181.0,0.00970043465250551,-1.4670265033561725,143.502,148.75
2025-05-16,142.46,143.12,137.5,138.93,13572217.0,1885082866.0,886557181.0,0.015308901998505159,-2.4299459231687526,142.454,148.1615
2025-05-19,139.24,141.11,138.52,140.35,7996708.0,1114671081.0,886557181.0,0.009019957394039765,1.0220974591520715,141.726,147.4385
2025-05-20,140.29,141.2,139.24,139.4,7864040.0,1098006993.0,886557181.0,0.008870313352072437,-0.6768792304951865,141.11599999999999,146.693
2025-05-21,138.94,140.26,138.46,139.29,6152054.0,855266332.0,886557181.0,0.0069392636277117925,-0.07890961262554397,140.07199999999997,146.1605
2025-05-22,138.95,140.0,136.43,137.1,8607536.0,1184784350.0,886557181.0,0.009708946229831508,-1.5722593150979902,139.01399999999998,145.314
2025-05-23,137.11,140.23,135.81,136.56,9965739.0,1368973474.0,886557181.0,0.01124094329568123,-0.3938730853391581,138.54000000000002,144.522
2025-06-10,148.47,148.47,140.45,142.43,60907734.0,8730159987.0,886557181.0,0.0687014163387618,4.298476859988276,138.956,144.1785
2025-06-11,140.55,141.45,135.84,135.93,31970969.0,4367176606.0,886557181.0,0.036061936765249665,-4.563645299445341,138.262,143.54500000000002
2025-06-12,135.93,137.0,132.43,136.52,18755783.0,2532497846.0,886557181.0,0.021155751035533035,0.4340469359229049,137.708,142.996
2025-06-13,135.44,138.4,134.86,137.5,19493023.0,2656599455.0,886557181.0,0.021987327402855923,0.7178435394081362,137.788,142.426
2025-06-16,137.13,139.42,136.17,138.79,14870806.0,2048039605.0,886557181.0,0.0167736569267042,0.9381818181818158,138.23399999999998,141.8455
2025-06-17,138.64,138.64,135.81,136.13,13154446.0,1789374772.0,886557181.0,0.01483767351042414,-1.9165645939909215,136.974,141.207
2025-06-18,136.56,136.83,134.64,135.11,11917781.0,1608698271.0,886557181.0,0.013442766304771491,-0.7492837728641621,136.81,140.447
2025-06-19,134.67,136.79,134.01,134.58,10646916.0,1435641243.0,886557181.0,0.012009282907156329,-0.3922729627710786,136.422,139.621
2025-06-20,134.93,135.91,133.93,133.93,9018692.0,1209991161.0,886557181.0,0.010172713270256619,-0.4829840986773748,135.708,139.003
2025-06-23,133.43,134.79,133.32,134.01,9057194.0,1209231346.0,886557181.0,0.010216141941102838,0.05973269618455568,134.752,138.495
2025-06-24,134.43,138.56,134.03,137.58,19608053.0,2674750709.0,886557181.0,0.022117076506991826,2.6639802999776308,135.042,138.17450000000002
2025-06-25,136.98,138.69,136.17,138.43,16995590.0,2332328874.0,886557181.0,0.01917032579988769,0.6178223579008435,135.70600000000002,137.9735
2025-06-26,139.24,147.15,138.55,142.2,29916733.0,4273947686.0,886557181.0,0.03374484313155657,2.723398107346653,137.23,137.858
2025-06-27,143.31,143.75,139.32,139.44,17061097.0,2388931718.0,886557181.0,0.019244214998919512,-1.940928270042186,138.33200000000002,137.7105
2025-06-30,139.6,143.22,139.13,141.74,15404465.0,2173041988.0,886557181.0,0.01737560230759667,1.6494549627079858,139.87800000000001,137.851
2025-07-01,141.52,141.54,136.64,136.94,19541139.0,2683905185.0,886557181.0,0.02204160026988716,-3.386482291519688,139.75,137.6805
2025-07-02,136.74,137.22,135.93,135.99,10266933.0,1395235281.0,886557181.0,0.011580677727317398,-0.6937344822549929,139.262,137.51
2025-07-03,136.23,136.86,135.53,135.79,9140742.0,1238216535.0,886557181.0,0.0103103806453743,-0.14706963747335156,137.98000000000002,137.33499999999998
2025-07-04,135.79,137.74,135.33,135.99,11151327.0,1514571791.0,886557181.0,0.012578237748209046,0.14728625082849334,137.29000000000002,137.2795
2025-07-07,135.99,136.75,135.26,136.46,7232237.0,981568198.0,886557181.0,0.008157665579835847,0.3456136480623595,136.23399999999998,137.27450000000002
2025-07-08,136.59,137.64,135.82,137.34,10073586.0,1375161421.0,886557181.0,0.011362590271546173,0.6448776198153316,136.31400000000002,137.02
2025-07-09,137.63,137.82,135.81,135.82,9061980.0,1234160610.0,886557181.0,0.010221540352059931,-1.106742391146065,136.28000000000003,137.0145
2025-07-10,135.94,136.53,135.44,135.54,10940466.0,1480661392.0,886557181.0,0.01234039522150123,-0.20615520541893417,136.23000000000002,136.9655
2025-07-11,135.89,139.39,135.44,137.87,20963941.0,2880699145.0,886557181.0,0.023646462348151688,1.7190497270178628,136.60600000000002,136.984
2025-07-14,137.44,138.12,136.43,136.53,9621070.0,1313903137.0,886557181.0,0.010852170853940666,-0.9719300790599905,136.62,136.871
2025-07-15,136.53,138.08,136.29,137.14,13308344.0,1816701018.0,886557181.0,0.015011264118337789,0.4467882516662858,136.57999999999998,136.92149999999998
2025-07-16,137.14,139.59,136.94,138.0,15745373.0,2169023139.0,886557181.0,0.01776013249618019,0.6270963978416422,137.016,137.06599999999997
2025-07-17,138.0,138.44,136.25,138.44,17159059.0,2347195047.0,886557181.0,0.019354712101756693,0.31884057971014457,137.596,137.259
2025-07-18,137.94,138.6,136.74,137.41,12068745.0,1654756451.0,886557181.0,0.013613047481479934,-0.7440046229413522,137.504,137.43300000000002
2025-07-21,137.66,138.78,136.61,137.11,13169501.0,1804042300.0,886557181.0,0.014854654930599452,-0.21832472163596517,137.62,137.588
2025-07-22,136.94,138.08,135.63,135.77,22006605.0,2995090613.0,886557181.0,0.02482254441295874,-0.9773174823134778,137.346,137.4975
2025-07-23,135.83,136.7,135.28,135.6,20382472.0,2760903353.0,886557181.0,0.022990589255629752,-0.1252117551742038,136.866,137.35600000000002
2025-07-24,135.88,138.22,135.87,137.14,19830632.0,2706856454.0,886557181.0,0.022368136455261537,1.1356932153392174,136.60600000000002,137.103
2025-07-25,137.3,143.45,136.55,141.94,35889525.0,5000457426.0,886557181.0,0.04048190660360801,3.500072918185815,137.512,137.228
2025-07-28,141.46,141.75,139.14,140.38,18647934.0,2607009431.0,886557181.0,0.021034101803750434,-1.099055939129212,138.166,137.16
