"V1","V2","V3","V4","V5","V6","V7","V8","V9","V10","V11","V12","V13","V14","V15","V16","V17","V18"
0.507964714772999,0.558424246503032,0.361275413018162,0.251823543155714,0.387839612452355,0.33012205326778,0.275826567459332,0.194013643351626,0.468787071130503,0.248659660332181,0.521763425396434,0.390216691888578,0.239199665789412,0.55091096381578,0.339351991010398,0.644609156735682,0.40642047098248,0.101996778889433
0.454752881927782,0.499987245552325,0.323288709345018,0.225241007547411,0.347091365338336,0.295376844487246,0.246739073893793,0.173475503636782,0.419636097566333,0.222407498690969,0.467122163733912,0.349221434032843,0.213935598888368,0.493251631555575,0.303646072370949,0.57725946400827,0.363741859251853,0.0911243090624824
0.407110112162865,0.447659844214788,0.289292412639733,0.201461850342303,0.310620317612461,0.264285108657599,0.220716107924228,0.155109415403689,0.375633689483464,0.198924253176601,0.418197894231329,0.312529017415629,0.191337348150158,0.441621485587196,0.271693521768989,0.516940152777476,0.325540790159555,0.0814096510068903
0.365662967422608,0.402133312306921,0.259726383866846,0.180788393976588,0.278899963713023,0.237247378428344,0.198089993071966,0.13914590478153,0.337356326372573,0.178508299444621,0.37563485196068,0.280615950326121,0.171691499632475,0.396702147163403,0.243906510200626,0.464453488614782,0.292314334029426,0.0729708722306307
0.330422243433874,0.363421994759855,0.234592522125391,0.163217679857699,0.251933635959893,0.214263988480962,0.178858673677324,0.125580300347627,0.304812207548633,0.161156567643929,0.339444781070516,0.253485697547898,0.154994662136352,0.358507418879331,0.220285822131433,0.419820357661411,0.26406687633111,0.0658024015317849
0.301009383621551,0.331111956629513,0.213616399783963,0.14855458001217,0.229427889502922,0.195082918632853,0.162809485020797,0.114260125786052,0.27765038846733,0.146676248332888,0.309239430402485,0.230843116284008,0.141060968797969,0.326628621016637,0.200572786277751,0.382566831129377,0.240491715888397,0.0598212928897235
0.276830908811188,0.304552619180521,0.196371600757166,0.136498671149155,0.210925920625396,0.179313477653817,0.149614251395162,0.104952144213627,0.255321843088526,0.134770582139036,0.284409689582265,0.212228686770532,0.129604623829754,0.300423666344316,0.184366116746442,0.351945165713294,0.221110831862692,0.054902617668845
0.257198615127371,0.282988865835521,0.182365280996176,0.126703926176571,0.195899402240926,0.166504503105957,0.13889465292123,0.0973883749818899,0.237190413915021,0.125097803100595,0.264249043617842,0.197110909230297,0.12029660867386,0.279147393189072,0.171202293832587,0.327086241679725,0.205371107731473,0.0509036918220239
0.241404064466791,0.265642947761459,0.171091110455894,0.118815587919184,0.183805327125513,0.156192728736171,0.130262622112529,0.0912944856238117,0.222601546099297,0.117307548078158,0.248030090998256,0.18494349623077,0.112799703208228,0.262032366858334,0.160605286661967,0.307094135994713,0.192703903622873,0.0476789788843682
0.228759746781472,0.2517597702827,0.162058465586849,0.112490454928676,0.174117365602412,0.147929439327842,0.123342580676765,0.0864053853156151,0.210920249839152,0.111060885509792,0.235046833465762,0.17519692417769,0.106787746067609,0.248333551794634,0.152113959690583,0.291098459208471,0.182557929184191,0.0450882406689401
0.218619127296151,0.240628971644826,0.15480659306061,0.107406683512948,0.166341091908653,0.141293390054049,0.117782195478733,0.0824727368460652,0.201549572765134,0.106039991825151,0.224635278434898,0.167373754838072,0.101954935650805,0.237350087630742,0.14529536051525,0.278279911587883,0.174415214036175,0.0430004338243792
0.210385757025911,0.231594978809843,0.148910994895014,0.103268167819223,0.160020860028535,0.135896617984961,0.113257195719752,0.0792682914519312,0.193938979054687,0.101952474039405,0.216182807655616,0.161015555151755,0.0980199810051859,0.228435204016003,0.139750701109345,0.267881961025495,0.167798327651817,0.0412954107290283
0.203518942414125,0.224063282521668,0.143987361972014,0.0998072080204009,0.15474404861069,0.131388012376159,0.109474315862308,0.0765859031651522,0.18758955168017,0.0985340018575909,0.209134012040312,0.155707170084915,0.094728626238278,0.221002405302659,0.135119035494892,0.259218160207992,0.162274842942478,0.0398649243200562
0.197540654856098,0.217508082317491,0.139696373564084,0.096787770728044,0.15014623907655,0.127457672515153,0.10617489035657,0.0742439932076542,0.182060334036926,0.0955515241749001,0.202997801876645,0.151081934699101,0.0918567359436415,0.214533005770887,0.131081748175871,0.251681057314409,0.157462780175942,0.0386138617015912
0.192045570319338,0.211483384182982,0.135750696315898,0.0940102631305547,0.145918760842512,0.123843268966704,0.103140111693908,0.0720891699955072,0.176977552027971,0.0928079796198842,0.19735773523081,0.146829268357326,0.0892148158734953,0.208587069402194,0.127369103990295,0.244755112664652,0.153038535527639,0.0374620718446892
0.186713485187888,0.205636723510759,0.131923643274233,0.0913174425571877,0.141818025300985,0.120337914557085,0.100197538060007,0.0700007120488104,0.172046019875005,0.0901481275155897,0.191884790564005,0.142704069229774,0.08665360921616,0.202816937790961,0.123768352159175,0.238032668799973,0.148746688698432,0.0363466319505308
0.181321163150892,0.199722271503868,0.128057407884335,0.0886000151823565,0.137674408018175,0.116797642139,0.0972272644828856,0.0678948035000175,0.167060014556945,0.0874640713900104,0.186349557289224,0.138535654638684,0.0840693956573669,0.196980148533559,0.120131427638399,0.231229224612184,0.144409340232679,0.0352239739154213
0.175749454381828,0.193608743081967,0.124067938532519,0.0857998956315447,0.133397523748851,0.113145813391826,0.0941655311766109,0.0657269690917214,0.161909788030323,0.0846984728721095,0.180629569881475,0.13423307205104,0.0814070689793702,0.190947225222174,0.116379497446058,0.224192706772552,0.139931668358773,0.0340710666519798
0.169981819889806,0.187277841167401,0.1199437353469,0.0829092562220175,0.128974968957839,0.109371982490712,0.0910037129815948,0.063491279953564,0.156580158209325,0.0818436090258704,0.174707809712481,0.129783836859474,0.0786592189009888,0.184700133262601,0.112501804142549,0.216901790764941,0.13530063494609,0.0328849198027986
0.164092317150242,0.180811087243948,0.11573721701536,0.0799644453643825,0.124463073438557,0.105523986280547,0.0877816756155953,0.0612156331581322,0.151139394040763,0.0789353649723528,0.168660374448168,0.125244629018243,0.075860345796521,0.178319282190389,0.108547541472417,0.209450766539463,0.13057530763024,0.0316800579363235
0.158224065629962,0.174366150754411,0.111549398699824,0.0770353036917355,0.119970452914749,0.101693942094709,0.0845760743943345,0.0589535188367474,0.145719339846328,0.0760426841360865,0.162634359385331,0.120724744954018,0.0730767119674135,0.171960173105983,0.104611461107907,0.202022220313348,0.125869625375723,0.0304841910139014
0.15256201061513,0.168146876840067,0.107510592484997,0.0742117645658392,0.115637274411861,0.0980006297737706,0.0814856628383395,0.0567737264622839,0.140490301551317,0.0732543389433939,0.156819873336646,0.116365234468697,0.0703936210749634,0.165823833979352,0.100815756630075,0.194852383224537,0.121330659433106,0.0293328416160315
0.147305227306418,0.162372785238958,0.103760834962819,0.0715903037893662,0.111614216669908,0.0945716373241863,0.078616425282467,0.0547499566273333,0.13563552525848,0.0706655539744724,0.151421576104456,0.112317729770603,0.0679025596291221,0.160126736541411,0.0972917004679485,0.188195828331079,0.117116546393385,0.0282639500818527
0.142643527608112,0.157253290167882,0.100433395879035,0.0692625519554674,0.108044733543754,0.0915283269233627,0.0760690741539056,0.0529521071505817,0.131329653112651,0.0683667650934627,0.146634633123077,0.108726597335535,0.0656903947015129,0.155075371932576,0.0941641784803796,0.182295601102997,0.113377879262348,0.0273133700748815
0.138741169434056,0.152969732254635,0.0976433287620364,0.067307414046514,0.105052732261786,0.0889754057924443,0.0739303908159114,0.0514402571675877,0.127723731024876,0.0664358415094372,0.142627966614846,0.105716537999208,0.0638319020759451,0.150848532733546,0.0915409588902616,0.177362374552394,0.110244774286203,0.0265117769943035
0.135728037598759,0.149665636213423,0.0954813076360645,0.0657868530324105,0.102735932682993,0.0869953205787241,0.0722685853521425,0.0502614625985909,0.124937103212591,0.0649339250890473,0.139535184456677,0.103385903407111,0.0623857719292538,0.147587708379995,0.0895069217109625,0.173563120532994,0.107819895251429,0.0258830394483502
0.133696743775982,0.147443489163046,0.0940116419017435,0.0647445625473645,0.101163718994435,0.0856464619851354,0.0711318272316179,0.0494487645348938,0.123054759622712,0.0639041216455697,0.137451592497781,0.101804533050676,0.0613933556159329,0.145393911569684,0.0881222073491129,0.171017331852319,0.106176190330961,0.0254437374008849
0.132703182369824,0.146365328413248,0.0932727253093395,0.0642063186982856,0.100377609796383,0.0849635878473276,0.0705486199917321,0.0490214815582447,0.122127865432942,0.063371849657919,0.136434759379962,0.101014226200301,0.0608790050419581,0.144328261435674,0.087422647487626,0.169797659752713,0.105357376439474,0.0252033427560928
0.13276816465069,0.146454519222781,0.0932782411136163,0.0641808510552484,0.100392542363422,0.084958934596192,0.0705287467753098,0.0489858976524622,0.122175282384656,0.0633457013751893,0.136506190128838,0.101030033211785,0.060850904123583,0.144413740032472,0.0874209044148446,0.169931933055943,0.105379278424519,0.0251646022050339
0.133878526231117,0.147696952978913,0.0940179939758362,0.0646604543489256,0.101197755924119,0.0856229879535204,0.0710639316265428,0.0493357507909732,0.123184604493196,0.063818047914608,0.137652458620691,0.101841143368856,0.0613016540631029,0.145636377127375,0.0881072599658903,0.171404507192667,0.106230747866342,0.0253238157778134
0.135987200174774,0.150041105165312,0.0954580132735907,0.0656210973776698,0.102756891213263,0.0869245895422159,0.072127948687908,0.0500523369050405,0.125112241353841,0.0647651480586852,0.139825276768398,0.103410984058933,0.0622083817131207,0.147945310559188,0.0894497212848989,0.174156291576982,0.107873759517541,0.0256709166217068
0.139012864888576,0.153397624386617,0.0975403573372126,0.067022325792688,0.105007768226551,0.0888107709965973,0.0736765049939486,0.0511044562920953,0.127883110070484,0.0661470535989252,0.14294112654842,0.105676996115099,0.0635326524590967,0.151252384174064,0.0913938462232366,0.178084233015442,0.11024317001673,0.0261894694476113
0.142840650932956,0.157640090006579,0.100183660330365,0.0688076748103492,0.107862963566773,0.0912072641452558,0.0756476839300994,0.0524487485955548,0.131391301226723,0.0679080179330053,0.14688198090252,0.108551213853201,0.065220866421806,0.155432898015989,0.093863264508558,0.183042155974091,0.113247316119751,0.0268568677064341
0.147325757645595,0.162608982309749,0.103285717081306,0.0709064794177448,0.111212582614663,0.0940208658282513,0.0779639257273965,0.0540310917657369,0.135503420556069,0.0699782838051281,0.151499017104876,0.111923053995283,0.0672059789993385,0.160329525888258,0.0967621077826528,0.188845335163509,0.116770917771703,0.0276450739102169
0.152301439643895,0.168120479567339,0.106729122962842,0.0732377755922018,0.114930323140191,0.0971445816451316,0.0805363088508476,0.0557895908703946,0.140065947198775,0.0722779344685633,0.156620824770552,0.115665417227195,0.0694112024380278,0.165760991633933,0.0999803002460023,0.195280680318524,0.12068143845416,0.0285221688903912
0.157591580646461,0.173980325985412,0.110390112185439,0.0757163843827076,0.118882986753271,0.100465676957206,0.0832712350914909,0.0576592231371783,0.144916805727992,0.0747228986892443,0.162066333154264,0.11964425996464,0.0717557746012094,0.171535744131651,0.103401842659981,0.202122823531807,0.124839068431182,0.0294547394326967
0.163026228741099,0.180000979406239,0.114149446905323,0.0782603854325434,0.122942204252205,0.103875588630249,0.0860786475149796,0.059577531585303,0.149899654141482,0.0772323263637055,0.167660786708957,0.123730394653275,0.0741620421719357,0.177468864504701,0.106915013264885,0.209154035034352,0.129109036481432,0.0304107895802596
0.168456690719898,0.186018284169618,0.11790297019675,0.0807983401455498,0.126995805089369,0.107279524295111,0.0888799785661984,0.0614901171151305,0.154877757950497,0.0797357163812032,0.173251270340936,0.127810932437028,0.0765623039217195,0.183398503477077,0.110422249149811,0.216183608365215,0.133373552152318,0.0313625352722819
0.173765947448755,0.191902988140735,0.121568859351251,0.0832742355922581,0.13095563826016,0.110603053267403,0.0916135959307519,0.0633543861208013,0.159743554767081,0.0821777945795263,0.178717425403804,0.131797154956018,0.0789034917854166,0.18919723396872,0.113846933034703,0.223061272854808,0.137540025087876,0.0322882968256944
0.178870878273364,0.197563220536538,0.125089133454054,0.085648481645499,0.134759207226076,0.11379346637248,0.0942359094200952,0.0651402894346958,0.16442068419202,0.084519496518009,0.183973743092413,0.135626160723141,0.0811481108408006,0.194774490992253,0.117134796683005,0.229680111093986,0.141542789724887,0.033172850592918
0.18371501600049,0.202936510972355,0.128424538324923,0.0878943733909148,0.138364170318679,0.116815111083749,0.0967174885116143,0.0668276122996158,0.168857313127763,0.0867344752949294,0.188962118322341,0.139255331090079,0.0832708828178486,0.200068700370664,0.120249122748808,0.235967317807252,0.145337336388991,0.0340060242191274
0.188253522785141,0.207973208825021,0.13154400885216,0.0899908534665141,0.141736995400261,0.119639797954717,0.099035105277731,0.068400457304235,0.173012315847105,0.0888019585103703,0.193636400571898,0.142650912521103,0.0852518856887973,0.205030930240694,0.123160871862099,0.241864947568422,0.148888399655229,0.0347798713549666
0.192434691569906,0.212616052386697,0.134411730457853,0.091913651521456,0.14483902156825,0.12223502994791,0.101161985888127,0.0698405045837249,0.176838269242938,0.0906980044668341,0.197943367815678,0.145773988667015,0.0870681584880869,0.209604748482059,0.125836566491711,0.247306164077462,0.15215531873377,0.0354852382237837
0.196183670138213,0.216782180316893,0.136975783538231,0.0936275282794363,0.147614219786147,0.124553678684114,0.103059271714218,0.0711211235176423,0.180266500008696,0.0923878491305326,0.201805983163588,0.14856816173879,0.088686355494038,0.2137084897449,0.128227662046417,0.252194306588466,0.155079177854286,0.0361087780864384
0.199393921161295,0.220353680559651,0.139162213673911,0.0950822460032688,0.1499827951935,0.126528600295428,0.104671577306419,0.0722043247774447,0.183199247753247,0.093821930766007,0.205114606355895,0.150953112835459,0.0900589325400944,0.217225940411997,0.130265001430851,0.256391869419677,0.157576079941381,0.0366314199113189
0.201930265924509,0.223180936188978,0.140877196336551,0.0962140766469551,0.15184351107611,0.128074613310868,0.105928642573677,0.0730419215211177,0.185512474066694,0.0949373791020895,0.20773012012029,0.152826940164208,0.0911255794103811,0.220009639467768,0.13186084828619,0.25972436351876,0.159539581964035,0.0370289772932067
0.203644557129778,0.225099933603001,0.142018002667943,0.096953313788839,0.153085501181693,0.129098475462192,0.106753596896389,0.0735812445294089,0.187070270886073,0.0956654283683073,0.209500049450313,0.154078047246041,0.0918203375381354,0.221897942723478,0.132919156355669,0.262000433973139,0.160853101041687,0.0372750610949448
0.204401620555983,0.225960934331775,0.14249109733837,0.0972366323295367,0.153607776486681,0.129515336713622,0.107076566918135,0.0737745248371041,0.187748692891497,0.0959436129672415,0.210285248395157,0.154604776029467,0.0920833059518048,0.222743287198827,0.133352508956159,0.263045226629973,0.161410409969418,0.0373458353994953
0.204109897558017,0.225662362602066,0.14223347008896,0.0970216235487675,0.153342227655029,0.129268121080511,0.10685068853503,0.0735899096584706,0.187463894308611,0.0957301084958137,0.209991428029526,0.15433855922826,0.0918744030635167,0.222445594296657,0.13310207729241,0.262739860160788,0.161139812742774,0.0372255788230059
0.202749252416347,0.224181579280074,0.141231944261848,0.0962999160588737,0.152274457103761,0.128345058469045,0.106066571002354,0.0730213870417177,0.186197647072973,0.0950166763079993,0.208597773080262,0.15326488908474,0.091185784772381,0.220982600792653,0.132155677504953,0.261057309813908,0.160026046686233,0.0369116705509097
0.200388605643565,0.221594423633724,0.139535359036081,0.0951054094495998,0.150456936379135,0.126790731063386,0.104761385887716,0.0720949892290434,0.184013503321247,0.0938367849219198,0.206175095594518,0.151436562287707,0.0900496310105627,0.218429115476465,0.130559152670124,0.258085242054973,0.158124125305568,0.0364176762166309
0.197188646699875,0.218078264683978,0.137256341563375,0.0935153978946809,0.14801094321364,0.12470765552797,0.103020128163523,0.0708695982822325,0.18105925014701,0.0922667157271398,0.20288863956583,0.148975631914068,0.088539198255093,0.214960019646126,0.128418010867076,0.254029659431081,0.155561392228824,0.0357736974528764
0.193389047152644,0.213897909490423,0.134562294016655,0.0916443484797398,0.145116867602007,0.122248067062794,0.100968784659164,0.0694321868022217,0.177555133711382,0.090419421593131,0.198984937563776,0.146063652510346,0.0867629180167435,0.210836369874812,0.125888973290297,0.249198573610471,0.152527350263931,0.0350239145761323
0.189283732603396,0.209378292199007,0.131658098295777,0.0896320580917376,0.141995579925634,0.119598185467527,0.0987613037351429,0.0678888103469742,0.173771128029072,0.0884328398461028,0.194766377533122,0.142922928391658,0.0848531759330558,0.206378472387163,0.12316377844361,0.243970257059525,0.14925409194907,0.0342219996847122
0.185190299057697,0.204870667302265,0.12876479004051,0.0876290967952576,0.13888544241244,0.116958829896205,0.0965635665578238,0.0663535613796572,0.169998841181003,0.0864555290963717,0.190559739530204,0.139793376001162,0.0829525261567303,0.201932557335629,0.120449222963776,0.238753892953328,0.145992144159793,0.0334255231702022
0.181419836175454,0.200719231886207,0.126098563407899,0.0857825108708646,0.136019666602651,0.114526345567628,0.0945376348947998,0.0649377387829147,0.1665238098999,0.0846325634462783,0.186685145572735,0.136909733605233,0.0812001562168277,0.197837878889852,0.117947520081645,0.233950687725522,0.142986668972551,0.0326904924139309
0.178251608921754,0.197233103527458,0.123853197032404,0.0842238851290463,0.133607351221659,0.112476648335911,0.0928285901065908,0.0637408208122893,0.163602267414326,0.0830937554496277,0.183430003739115,0.134482474616991,0.0797205894315887,0.194399096856183,0.115839865729434,0.229921191367103,0.140457526552504,0.0320668200280331
0.175914339938065,0.19466558633622,0.12218710121476,0.0830605728823866,0.131819497397325,0.110953474383104,0.0915548564507285,0.0628438490326232,0.161443980409584,0.0819450050912009,0.181029740676098,0.132683730186567,0.0786153889898443,0.191865843901794,0.11427433287179,0.22696108641781,0.138584565146053,0.031595021952667
0.174573393916627,0.193199957469961,0.121214488501807,0.0823697460793703,0.130779466957615,0.110060379945037,0.0908016281945434,0.0623049553291579,0.160200509976694,0.0812624316420991,0.179654604933525,0.131637683535525,0.0779575335726308,0.190418720971616,0.113357626302963,0.225284560347237,0.137497578448211,0.0313040044772896
0.174321763189073,0.19293945382925,0.120999198450976,0.0821942596020972,0.130556301037989,0.109855154521657,0.0906162936811527,0.0621562668684248,0.15995696544986,0.0810882956530639,0.179400380414849,0.131413843083547,0.0777875113740825,0.190159433356486,0.113149322120125,0.225012563910014,0.137269267909786,0.0312095505484679
0.175172654152601,0.193899026492219,0.121549642625763,0.0825392829206875,0.131159245380301,0.110345253295726,0.0910047036171373,0.0624013947687087,0.160725230011034,0.0814276781976277,0.180280746234581,0.132021530017055,0.0781101411889122,0.191102669604011,0.113657156291357,0.226163123855905,0.137909472375705,0.0313131032886623
0.177052565579456,0.195997636747916,0.122814097249864,0.0833691722539767,0.132532649366438,0.111483546659568,0.0919277033173991,0.0630131069482919,0.162437639609132,0.0822453975328969,0.182220142050093,0.133404741927029,0.0788916216861111,0.193168514623217,0.114832639379353,0.228642282237911,0.139359789710122,0.0316006447208896
0.179795692657605,0.199052017535493,0.124676920264928,0.084604973546918,0.134551861544467,0.113164909985858,0.0932983596197992,0.0639314795046979,0.164941879694459,0.0834635481857299,0.185047997246421,0.13543801940405,0.0800571780548659,0.196176307351654,0.116567536398415,0.232236741289394,0.141489245505143,0.0320418165017246
0.183142735237364,0.202775309977243,0.126957824126568,0.0861240001364679,0.137022422555026,0.115225587365917,0.0949814753813651,0.06506361635055,0.167999922857969,0.0849610867722015,0.188497492775151,0.137925631718162,0.0814906719528013,0.199843303200974,0.118693203927798,0.236612194661309,0.144093428942548,0.0325898271772835
0.186748901793208,0.206785883825422,0.129417517636587,0.0877637268075273,0.139686133274018,0.11744833444671,0.0967978654560836,0.0662866273970682,0.171295400131744,0.0865776757778789,0.192213788216822,0.140607683144346,0.0830382950591219,0.203793372821324,0.120985880674159,0.24132354620696,0.146900859544312,0.0331829886256898
0.190205998958997,0.210631762957688,0.1317730905916,0.0893322774600358,0.142237642991486,0.119576398546502,0.0985359087576021,0.0674555794113992,0.174453886522824,0.0881240313762871,0.19577674876104,0.143176809089693,0.0845184994024837,0.207581078933102,0.12318108290176,0.245843354618694,0.149590420207719,0.0337487326018144
0.193081026578449,0.213833344858807,0.133724797256207,0.0906266143499672,0.14435334974844,0.121337833863221,0.0999716026021728,0.0684172481843188,0.177078313911685,0.0893998677559244,0.198740665320803,0.14530726637629,0.0857392107453056,0.210733779932027,0.124998649245273,0.249611658519912,0.151821744483199,0.0342105121297614
0.19496858508656,0.215941440963347,0.134992352032092,0.0914571350388579,0.145730581048452,0.122478434786603,0.100895696294118,0.0690286869186409,0.178797034668356,0.0902181610777225,0.20068819815704,0.146694372886156,0.0865210988811827,0.2128088288956,0.126176667725974,0.252103728295499,0.153276424522841,0.0344970849871467
0.195548139807617,0.216600725589655,0.135354522265555,0.0916744560344909,0.146130348748292,0.122797644932583,0.101143250182982,0.0691774193705162,0.179316318833568,0.0904315688726777,0.201289327585927,0.147097546303026,0.0867229102556388,0.213456098601654,0.126508473309207,0.252904183949516,0.153702988519057,0.034552577532131
0.194632693814961,0.215603697195423,0.134682709760327,0.0911920788771896,0.145413628564823,0.122178997092691,0.10061866471191,0.0687985007661093,0.178464952876994,0.0899547861159873,0.200351468556775,0.146376825867211,0.0862628992162491,0.212471152563941,0.125874015975719,0.25177008593046,0.152955077247389,0.0343449531962571
0.192195613443318,0.212920459383557,0.132959367038943,0.0899987542918879,0.143561276630978,0.12060678453975,0.0993093519833515,0.0678837882686196,0.176218791155397,0.0887767379809889,0.197847101494853,0.144512923713294,0.0851305096427282,0.209824584165243,0.12425704730985,0.248665826948299,0.151012416401861,0.0338705694991486
0.188368099359054,0.208695989761938,0.130276089425266,0.0881570771171833,0.140672005066112,0.118164292326483,0.0972842169626874,0.0664808192158842,0.172698387760617,0.0869591899192179,0.193911187545931,0.141605190108727,0.0833850305604156,0.205659315293212,0.121743310251316,0.243760067065858,0.147978711804941,0.0331535420956049
0.183408886879834,0.203216633438119,0.126812518261193,0.0857891089685289,0.136939633470601,0.115014627949424,0.0946778197981978,0.0646819137716073,0.168141173202425,0.0846225621864722,0.188809993832251,0.137848716795682,0.0811419834229671,0.200257568499578,0.118500799836334,0.23738670912013,0.144057741366015,0.0322402426134609
0.177655999956397,0.196856691754614,0.122802881297455,0.0830536702592188,0.132616980034336,0.111370350335478,0.0916653351877657,0.062607014547989,0.162857192903266,0.0819235281436518,0.182891438549779,0.133497990362421,0.0785516344576074,0.193988227089394,0.114748479268816,0.229982586676517,0.139515385057028,0.0311906969604416
0.171474194932966,0.190020208411044,0.118499613379119,0.0801217004372154,0.127976586170221,0.107460465285084,0.0884353677138455,0.060385093421265,0.157180913142287,0.0790307085430042,0.176530991841008,0.128827356939609,0.0757756857263279,0.187249466318887,0.110722278045178,0.222019494244296,0.13463831438337,0.030069298640231
0.165210195419886,0.183091363530669,0.114142419272916,0.0771553394082188,0.123277305479484,0.103502370003881,0.0851668629083937,0.0581383855399351,0.151430186790247,0.076104037767447,0.170085590750375,0.124097389083043,0.0729674911313215,0.180419870662165,0.10664618500294,0.213946229296091,0.12969884240073,0.0289369577452376
0.159162727017611,0.176401249577191,0.109937606066259,0.0742939825673386,0.118741974170163,0.0996831205725158,0.0820137071806018,0.0559718954330989,0.145878798354437,0.0732810097569644,0.163862785565121,0.119532406960401,0.0702588718018388,0.173825696695164,0.102712944124257,0.206149741711514,0.124931425481359,0.0278458952478251
0.153568596455028,0.170212417860202,0.106048523706026,0.0716478609850101,0.114547073401383,0.0961507776348062,0.0790976296862462,0.0539685824729829,0.140743722443816,0.0706703471232546,0.158106401323117,0.115310070786825,0.0677540504068619,0.167725648737444,0.0990751329289996,0.198937030172808,0.12052177805355,0.0268372750048419
0.148601847013927,0.164717914774933,0.102595043890146,0.0692977339503606,0.110822152423877,0.0930139488636476,0.0765078504615331,0.0521891536433258,0.136184369119114,0.0683516994322682,0.152995661010105,0.111560798910588,0.0655293664319621,0.16230993306751,0.0958446863167661,0.192533966850126,0.11660625595067,0.0259411307080404
0.144381144176287,0.160049442726909,0.0996587168371057,0.067298413491138,0.107655385881133,0.0903464780182438,0.0743049601162659,0.0506747404805316,0.13230937040339,0.0663791210402466,0.148652782824745,0.108373361028639,0.0636366146229961,0.15770830316621,0.0930977239584384,0.187094790973276,0.113277694751529,0.0251777242366179
0.140980610562134,0.156289349602312,0.0972902978017828,0.0656838811395601,0.105101693515078,0.0881942796348092,0.0725265597842621,0.0494507705590857,0.12918652422056,0.0647861191474583,0.145154130083111,0.105803051113135,0.0621078879539331,0.154001876808289,0.0908815895057184,0.182716086622514,0.110593946085509,0.0245594920792844
0.138440466968768,0.153482409066038,0.0955171267882197,0.0644722962436058,0.103190704210909,0.0865820375115549,0.0711927839287888,0.0485307522180862,0.126852556600767,0.0635905945559443,0.142541163004832,0.103879703892154,0.0609603167816698,0.15123474622886,0.0892217504307859,0.179450526201878,0.108586252173397,0.0240929423692573
0.136775261175513,0.151644931686714,0.0943488323579054,0.0636698647574091,0.101932912109484,0.0855183812749119,0.0703105671658387,0.0479191969854638,0.125320669946471,0.0627986582020355,0.140828908168932,0.102613891552597,0.0601997294292449,0.149422957478882,0.0881271304250971,0.177317502258902,0.107265719713892,0.0237801182412755
0.135978713377938,0.150770128666117,0.0937806930252036,0.0632731211664147,0.101323303938209,0.0849989377159651,0.0698761604223435,0.0476133443534914,0.124584988611565,0.0624068823249455,0.140010945324795,0.10200057493424,0.0598228115640728,0.148559796758151,0.0875932523848106,0.176309384224566,0.106627134024135,0.0236194627387852
0.136025120473222,0.150829662376767,0.0937946202800358,0.0632696020750225,0.101342417832321,0.0850072252394286,0.0698758719379111,0.0476036742699042,0.124621850071264,0.0624029651897237,0.140060851610989,0.10202016914538,0.0598177444465473,0.148617319138262,0.0876031590642156,0.176393320064994,0.106650071018944,0.0236060798825066
0.136867880827389,0.151772004923892,0.0943581539572853,0.0636371774923135,0.101955255030159,0.085513746368678,0.0702853262337003,0.0478734088566299,0.125388457310362,0.0627650718417422,0.140930681070748,0.102637447734347,0.0601635739041118,0.149544731996929,0.0881264769183714,0.17750930662128,0.107297749942154,0.0237314934821865
0.138436145402576,0.153518719031929,0.0954221659072468,0.064342510965511,0.103108795869526,0.0864739096259661,0.0710677609217376,0.0483973587667547,0.126819814721923,0.0634603156472428,0.142547514908481,0.103799041823262,0.0608287557034678,0.15126473126803,0.089117273554443,0.179565829928887,0.108514417263005,0.0239830810630349
0.140630976732533,0.155960192697284,0.0969182254599935,0.065339292390078,0.104729150103846,0.0878256451669203,0.0721720722287165,0.049140598944249,0.128825213474,0.0644430156523125,0.14480950485692,0.105430571093607,0.0617694861109255,0.153669299543023,0.090511599498774,0.182434865803297,0.110222345560913,0.0243434237259753
0.143322732952607,0.158952732052089,0.098756809996941,0.0665670411585349,0.106719620246953,0.0894877864369112,0.0735314903363633,0.0500575736454028,0.13128583935339,0.0656535164774734,0.147583177899158,0.107434693899077,0.0629285717105003,0.156616842486021,0.0922258193499203,0.185948468523744,0.112319793197663,0.0247898690416154
0.146351602160677,0.162319148362752,0.100827685709669,0.0679513717228793,0.108961110213847,0.091360418193178,0.0750638702500775,0.0510923009560185,0.134055266188559,0.0670184505426483,0.150703985033801,0.109691518399896,0.0642356816474409,0.15993276800102,0.0941569695041029,0.189899447511772,0.114681432443164,0.025294638170128
0.149533093756898,0.165854844171783,0.103003700432471,0.0694065565339222,0.111316221949728,0.0933283155034439,0.0766745211089776,0.0521803035297576,0.136964488833179,0.0684532660537365,0.153981954787305,0.112062726465833,0.0656097713356749,0.163415483506663,0.0961863016988137,0.194048479905798,0.117162659672165,0.0258257861686167
0.152669613142287,0.169340649518043,0.105148760846584,0.0708409041916083,0.113637875478552,0.0952681726145131,0.0782621467099384,0.0532526534695073,0.139832526289686,0.0698675313840863,0.157213611787964,0.11440025145181,0.0669641667912859,0.166849043628373,0.0981867329414353,0.198139125467444,0.119608667501846,0.0263492057894869
0.155567886119213,0.172562150670333,0.107129829544159,0.0721648394190098,0.115782275383325,0.097059471779423,0.0797277726906148,0.0542420447323049,0.142482379839139,0.0711729039334465,0.160199920212116,0.116559331740767,0.0682142020664245,0.170022194306029,0.100034047589326,0.201920445303061,0.121868093142821,0.0268316302274709
0.158060137415388,0.175333187986972,0.108831496379719,0.0733007093311626,0.117624661949842,0.0985976817638089,0.0809855830967156,0.055090158856761,0.144760426089676,0.0722928012838619,0.162768094420482,0.118414367852254,0.0692864874230022,0.172751523971134,0.101620501332786,0.205174507706467,0.123809599491592,0.0272442704745586
0.160025122032686,0.177519195393393,0.110170437604563,0.0741925063747668,0.119074943473479,0.0998073520815814,0.0819736670419441,0.0557549638616924,0.146555671822756,0.073171989904776,0.164793259316588,0.119874660128406,0.0701280976980568,0.174904457986695,0.102868318531729,0.207743717316678,0.12533833283655,0.0275664145138266
0.161404153376405,0.179054993432224,0.111106422144004,0.0748132600545113,0.120089598510397,0.100652077163863,0.0826621913160333,0.0562162580411872,0.147814424124558,0.0737838745055503,0.166214959393201,0.120896391475865,0.0707135563650387,0.176416787826368,0.103739964120416,0.209551660163483,0.126408455610467,0.0277881548441524
0.162207813419201,0.179952246989925,0.111646899992078,0.075168104616609,0.120676642163981,0.101138645655429,0.0830567960149923,0.0564779631928736,0.148546425953074,0.0741335227527597,0.167044072512056,0.121487627616162,0.07104773216068,0.177300016980586,0.104242422519748,0.210611855984856,0.127028378790114,0.0279115075446229
0.16251112902044,0.180294126482738,0.111843654097458,0.0752920049216644,0.120892013482564,0.101314000716951,0.0831960873114678,0.0565664051103008,0.148820429940169,0.0742554217539166,0.167357845699521,0.121704680751798,0.0711636869281814,0.177636099060876,0.104424066770853,0.211021532058282,0.127256963520897,0.0279495493029984
0.162437973157441,0.180218011501604,0.111782044145241,0.0752425006484042,0.120827953724465,0.101255491478704,0.083143624081107,0.0565248543117146,0.148749907211453,0.074206321643707,0.16728383361225,0.121640410112889,0.0711158156670594,0.177560395125319,0.104364612305741,0.210941395594731,0.127191290749702,0.0279237102045708
0.162138175537837,0.179890100900328,0.111565244282911,0.0750890886800799,0.120595970978119,0.101056592498575,0.0829761875026465,0.0564055455157285,0.148472083387947,0.0740547639204361,0.166976327595689,0.121407072242474,0.0709698102026545,0.177236657494366,0.104160398732609,0.210565924059997,0.126948730387171,0.0278598262023569
0.161762337679417,0.179477470738341,0.111296913110339,0.0749015587313714,0.120308107490828,0.100811205980358,0.0827708916069366,0.0562609153744275,0.14812487623381,0.0738695777321776,0.166590419324209,0.121117462344765,0.0707916346521959,0.176829499810791,0.103908209962047,0.210090658773734,0.126647221926063,0.0277838110279545
0.161439323281573,0.179123095989462,0.111065714394364,0.0747395816526074,0.120060205304976,0.100599642761302,0.0825936761166892,0.0561357850169335,0.147826286204901,0.0737096118284013,0.166258818398122,0.120868067188062,0.0706376857966725,0.176479787773882,0.103690823916586,0.20968295980526,0.126387657088784,0.0277177994138564
0.161260210399645,0.178928038904204,0.110934289928788,0.0746452984241013,0.119919983103755,0.100478637487761,0.082491113996982,0.0560617989160256,0.147659705994215,0.0736164260122272,0.166075323871301,0.120727061462011,0.0705477900902919,0.17628709118699,0.103566719890422,0.209461144952798,0.126241326214207,0.0276774075041027
0.161270851362806,0.178943187041313,0.110934156395493,0.0746398970962059,0.11992151632908,0.100476730060334,0.0824866256117365,0.0560548598523773,0.147667112655083,0.0736109156331072,0.166087160242105,0.12072875045221,0.0705419699487353,0.176301544884547,0.103565316911671,0.209484805953709,0.126244105053737,0.0276704736097498
0.161473657323788,0.179171227293584,0.111066946471091,0.0747244575090347,0.120066575784533,0.10059539299574,0.0825814095522556,0.056115768548753,0.147850705869067,0.0736941449952546,0.16629681370166,0.120874917389121,0.0706212433934025,0.176525794472853,0.103688134734011,0.209757108650566,0.126397861829831,0.0276973803397166
0.161837993124413,0.179578175649718,0.111311568540005,0.0748847752256808,0.120332365290905,0.100815518455451,0.0827597718437166,0.0562338500760679,0.148182428900378,0.0738521050184235,0.166672736338362,0.121142613006137,0.0707721840346688,0.176926356474822,0.103915479566209,0.210238283191105,0.12667860138117,0.0277528491066686
0.162317518010072,0.180112616545385,0.111636138476123,0.075099392120576,0.120684419327658,0.1011082261026,0.0829980000693556,0.0563929862235345,0.14861984767342,0.0740636332040445,0.167167204310723,0.121497139930546,0.0709745110989649,0.177452573884725,0.104217583887952,0.210868144288869,0.127050042249647,0.0278289195583615
0.162871798588293,0.180729685205723,0.112012844422355,0.0753495962668864,0.121092672588762,0.101448326088868,0.0832754149679655,0.0565791245891987,0.149125939906739,0.0743102756097068,0.167738576533338,0.121908230452764,0.0712105400814848,0.178060244331499,0.104568483448523,0.211594168589212,0.127480533815556,0.0279186552509069
0.163488644332941,0.181415853594236,0.11243330439247,0.0756297504197209,0.121548063231705,0.101828227400822,0.083585786005142,0.0567880328254499,0.149689544526749,0.0745864727861787,0.168374297981682,0.12236676166315,0.0714749435513836,0.178736039719881,0.104960353632007,0.212400516140792,0.127960535919795,0.0280199683662175
0.164203236250673,0.18221015877707,0.112921716490578,0.0759561342523647,0.122076750245304,0.102269846552904,0.0839471047449232,0.057031936136742,0.150342874287152,0.0749082799204375,0.169110600562202,0.122899068676244,0.0717831071672568,0.179518420712062,0.105415784812796,0.213332888260375,0.128517587045812,0.028138892474241
0.165110644338471,0.183218094864589,0.113543463111513,0.0763727290786234,0.122749416126634,0.102832399199891,0.0844079789468576,0.0573438592166129,0.151172975379074,0.0753190716565442,0.170045395135569,0.123576310049137,0.0721765962042013,0.18051132319546,0.105995813948486,0.214514795487247,0.129226098434594,0.0282917229176275
0.166369862214364,0.184616090621796,0.114407884348644,0.0769530825241961,0.123684265407682,0.103614911645644,0.0850496936458788,0.0577790258844193,0.152325421127178,0.0758913810137102,0.171342426865872,0.124517486529581,0.072724917666411,0.181888569671663,0.10680251343515,0.216152800944527,0.130210511000721,0.0285057068187344
0.168199618125816,0.186646859713826,0.115665400341159,0.0777983750954614,0.12504391300264,0.104753615380291,0.0859840736995267,0.0584134085580679,0.154000477560573,0.076724992703957,0.173226960672577,0.125886308382551,0.0735236933755735,0.183889288386999,0.107976305263666,0.218531073912447,0.131642019023396,0.0288183288619215
0.170868159885583,0.189608061979568,0.117500494128547,0.0790327056236627,0.127027796419741,0.106415593705543,0.0873482717074249,0.0593401912894596,0.156443753015226,0.0779422938055874,0.175975259972698,0.127883556339861,0.0746902051713895,0.186806742596562,0.109689411626157,0.221998108242668,0.13373058081875,0.0292755698171144
0.174680200165137,0.193837811900999,0.120122745622028,0.0807970686001903,0.129862480202618,0.108790664255061,0.0892981094226403,0.060665252118769,0.159934249018179,0.0796823344703928,0.179901140452977,0.130737320504616,0.0763577042471877,0.190974053847412,0.112137486855113,0.2269497463256,0.136714709821183,0.0299296830523242
0.179963933169981,0.199700265070027,0.123757917369378,0.0832433682783217,0.133792015755273,0.112083309070997,0.0920014592598751,0.0625026740816298,0.1647724773762,0.0820949249567399,0.185342597038834,0.134693294959549,0.0786697554917902,0.196750002277856,0.115531298177165,0.233812292227226,0.140851323547651,0.0308369864574829
0.187059743377885,0.207573081628048,0.128640205385421,0.0865292174801916,0.139069560364357,0.116505660192276,0.0956324927762277,0.0649708459755808,0.171270126952635,0.0853355065781263,0.192650173325393,0.14000634002655,0.0817753235639454,0.204506676252465,0.12008949433818,0.243027821253297,0.146406917969577,0.0320559460328257
0.196310526694971,0.217836678767214,0.135005599234172,0.0908134828250043,0.145950195314121,0.122271489956022,0.100366754019282,0.0681891237388461,0.179741206883024,0.0895607587857979,0.202176991568179,0.146933251688196,0.0858245644189999,0.214618884654514,0.126032409817053,0.255041583845412,0.153650004179467,0.0336455362743909
0.208052048034411,0.230863523875488,0.143085266657869,0.0962518461179397,0.154683770650336,0.129590223411612,0.106376250833174,0.0722745037761372,0.190493222980882,0.0949242221771126,0.214268820244481,0.155725557847499,0.0909646320616631,0.227453609189733,0.133575891869705,0.270289457468117,0.16284357319049,0.0356636062314271
0.222600838873313,0.24700469861264,0.153097244852335,0.10299122557569,0.165505919664658,0.138659416730444,0.11382328636703,0.0773374395744173,0.203816101265673,0.101570797030475,0.229251608263099,0.16662047201052,0.0973344076231596,0.243356767834565,0.142923546502081,0.289182204572218,0.174235634141089,0.038164822132323
0.240236869384169,0.266570666052349,0.165234534852862,0.111161775217856,0.178625185637005,0.149653977208641,0.122851614630275,0.0834758385737716,0.219966326077527,0.109628853333573,0.24741363798226,0.179827933105013,0.105056939336193,0.262634266772064,0.154255626059267,0.312082946176405,0.18804566016786,0.0411977105931867
0.261178490690551,0.289803463091267,0.179647873844842,0.120865299930578,0.194204396432314,0.16271056172098,0.133573635874601,0.0907663653145808,0.23914399882281,0.119198805777428,0.268979718077774,0.195511854529009,0.114228494504379,0.285524603869419,0.167712947423159,0.33927460109941,0.204444979627441,0.0448003698403258
0.285547778425062,0.316838246286825,0.196421895929762,0.132159215790337,0.212334893905486,0.177905984763308,0.146052670671474,0.0992523956489607,0.261461104930344,0.130337295206275,0.294075492093175,0.213764180083262,0.124903400462529,0.312160982194532,0.18337463632462,0.370914868532289,0.223529646793971,0.0489945236519672
0.313325400412649,0.347653220336715,0.215544072352238,0.145035641900344,0.233002961044536,0.195229083152924,0.160279856555964,0.108928309119819,0.286900184076866,0.143036568341466,0.32268095995828,0.234571085403987,0.137074282957468,0.342521976761786,0.201229128266571,0.406977621928448,0.245285101195873,0.0537777609197336
0.344295736552173,0.382008760217112,0.236866924955381,0.159395950927153,0.256048982210763,0.214546482915826,0.176146030225088,0.119720362491779,0.315264068128102,0.157199378282375,0.354573963123073,0.257771863996163,0.150648010495085,0.37637155310613,0.221138885815711,0.447181669255989,0.269543180279294,0.0591140774408828
0.377985759411904,0.419379623396399,0.260065918618232,0.17502239152791,0.281121938859258,0.235564445491686,0.193410379599676,0.131465352969926,0.346119896954499,0.172610996546031,0.389267247505077,0.283013117917933,0.165418868537433,0.413192276098033,0.242801076897213,0.490911447145133,0.295934226184798,0.0649233128809773
0.413605768233798,0.458889234427969,0.284598593180367,0.191550519470127,0.307635253140901,0.257791828086479,0.211669996643244,0.143889875021476,0.37874482021208,0.188912021777038,0.425947439366218,0.309704306111077,0.181042494587195,0.452120558307955,0.265709404163592,0.537140169269452,0.323840617007132,0.071070864026566
0.450006512740169,0.49926217170199,0.309674933017858,0.208449163739014,0.334734787794316,0.280513213582519,0.230337764572466,0.156595221841912,0.412086694961599,0.205578618667218,0.463430904760246,0.336985531562004,0.197016931056799,0.491899839519881,0.289126419286167,0.584374312548123,0.35236310096124,0.0773601671363059
0.485674074903651,0.53881856172783,0.334253682568382,0.225017830696267,0.361294900047001,0.302785534111457,0.248639521697861,0.169055372422264,0.44475934784921,0.221919953862713,0.500158497723852,0.363723571836996,0.21268015620503,0.530875053429046,0.312080055119458,0.630647184795161,0.380316667833532,0.0835316269856559
0.518787378877941,0.575537964799172,0.357081741391652,0.240413092804532,0.385961065343098,0.323473712974315,0.265643257109457,0.18063674573392,0.475095182317005,0.237104216832426,0.534254807086905,0.388554792938365,0.227235008213181,0.567055559814133,0.333400375677742,0.673593844916812,0.406275445677181,0.0892722902814686
0.547357952971294,0.607214506621187,0.376790181535543,0.253713105265807,0.407253700936058,0.341337601589501,0.280330434033292,0.190646605742192,0.501273113177898,0.250222244079869,0.563672106665272,0.409989674141141,0.239810147978651,0.598267978391129,0.351809194657419,0.710632808273629,0.428682017249241,0.0942396821857503
0.569453210122141,0.631704636718792,0.392047812886724,0.264020912288766,0.423734177744118,0.355171062961727,0.291710161291969,0.198410635325363,0.521523005268218,0.260389400635463,0.586420306702636,0.426579937797388,0.249557691252154,0.622400288224471,0.366063436050904,0.739256110391907,0.446022188177297,0.098100087436062
0.583474295925896,0.647235369713978,0.40175242760292,0.270593207248432,0.434211531579011,0.363975216727637,0.298961466059254,0.203369681678028,0.534380121659924,0.266872568068691,0.600853085621064,0.437126649676263,0.255774910955575,0.637705526189957,0.375133695602043,0.757390062584451,0.457042577863171,0.100576362713952
0.588427776533734,0.652705622402597,0.405217961267957,0.27296645546223,0.437944725583398,0.36712802281232,0.301572621295673,0.205174580777935,0.538933979668983,0.269214535277503,0.605947659537251,0.44088383755784,0.258023461737411,0.643098692886828,0.378379016669913,0.763747802555738,0.460963502950719,0.10149487361667
0.584114278939292,0.64789535326626,0.40230463819964,0.271044733939409,0.434783252765471,0.364502250485256,0.299438143503991,0.203752274119831,0.535001199208274,0.267320636751706,0.601499010979347,0.437700032711216,0.256212433995761,0.638362829014565,0.375668456528167,0.758073823720613,0.457626932731313,0.1008183130665
0.571171082548608,0.633512641631532,0.393448670172983,0.265119999702343,0.425199150465304,0.356492473667548,0.292881112018403,0.199321185727781,0.523164627303883,0.261478751367072,0.588163705243715,0.428050492032947,0.250617547973085,0.624195424842651,0.367408881167997,0.741198771096957,0.447530128809074,0.0986534813203659
0.550949412437835,0.611057397457953,0.379578155692797,0.255815722894953,0.410196017218193,0.343938971605529,0.282590815376721,0.192349009291515,0.504661077984612,0.252303720127897,0.567333483041968,0.412945596492829,0.241827911041914,0.602074161286095,0.354466503564938,0.714879646422098,0.43172981721811,0.0952305934662938
0.525262260657212,0.582541490930193,0.361939741423838,0.243970351591317,0.391121602061126,0.32797076138157,0.269493939251256,0.18346524011772,0.481150466005013,0.240622420721932,0.540875535436577,0.393742176395353,0.230635893075414,0.573981179176967,0.338005081345683,0.681472068211907,0.411644876773463,0.0908601641079745
0.496078215730349,0.550149061720765,0.341887947641072,0.230495515757046,0.369440077289397,0.309814766901524,0.254597876972755,0.173354660020634,0.4544354416042,0.227333924631716,0.510817197635779,0.371914252539354,0.217903108986121,0.542068398903922,0.319289224833982,0.643532657550804,0.388816615968875,0.0858803971384583
0.465243422272161,0.515928108005565,0.320693693846301,0.216247042687462,0.346525100635827,0.290622342150633,0.238848228220977,0.162660385522568,0.426206735571188,0.213282285404327,0.479059630630588,0.348844709666676,0.204438494932727,0.508353648586747,0.299505604158564,0.603458161333468,0.364690958797752,0.0806092253074133
0.434289360805208,0.481577329360979,0.299411792255814,0.201935600809808,0.323516637428777,0.271349187809799,0.223030105255519,0.151916651487557,0.397867064729381,0.199168407342019,0.447179893741705,0.325681160363956,0.190913830838598,0.474510635815672,0.279639195975677,0.563236139108602,0.340467762427535,0.0753109967748804
0.40434579121619,0.448349649247184,0.27882079856159,0.188086040240172,0.301255998067814,0.252700808491675,0.207723251798141,0.141518172954969,0.370451335777993,0.185509940048054,0.416341319373241,0.303270550429787,0.17782528776458,0.441773877636982,0.26041708414876,0.524332229748334,0.317032471133383,0.0701812259078994
0.376145035583861,0.417057053105025,0.259425766040732,0.175039108807516,0.280288858489393,0.235134961172189,0.193303977685173,0.131721359398867,0.344630506711699,0.172642966055041,0.387297946326409,0.282162203419617,0.165495031244997,0.410943455118524,0.242310997961895,0.487695967690771,0.294959326018686,0.0653471018202108
0.350086188162595,0.388141878998059,0.241502314710236,0.162981032165076,0.260912921967297,0.218901546239272,0.179977868478553,0.122666490890818,0.320770349386971,0.1607511706907,0.360460659067303,0.262655805213547,0.154099167798021,0.382455245309233,0.225578436908793,0.453844320027927,0.274561555200349,0.0608783880476151
0.32632572177545,0.361777359934734,0.225158941169788,0.151985426214307,0.243245280624299,0.204099039709847,0.167826107284252,0.114409188165953,0.299014407962894,0.149907176298062,0.335990501928405,0.244869219275635,0.143707354681311,0.356479978306276,0.210320838817834,0.42297940175473,0.255962289311547,0.0568029493595001
0.304868317329567,0.337968387684928,0.210399540190408,0.142055393626549,0.227289992716955,0.190731131219807,0.156851988405333,0.106952043590816,0.279367179893191,0.140114059455661,0.313892216244239,0.228806518000962,0.134322589252928,0.333022516220497,0.196541955665602,0.395106404091955,0.23916569504301,0.0531223856473079
0.285642131642695,0.316634996452924,0.197175251292496,0.133158459000636,0.212994113422857,0.178753700391586,0.147019510876672,0.100270885422749,0.261763057137558,0.131339806291022,0.294091747589549,0.214414389265513,0.125914232996944,0.312004108951764,0.184196268541471,0.370131269987738,0.224115948811692,0.0498250307209657
0.26855205080462,0.297671417663906,0.18542116673756,0.125251321672762,0.200287359538781,0.168108082803687,0.138280718260583,0.0943333969418745,0.246115111335616,0.123541725936963,0.276491080559888,0.201622066630529,0.118441412696796,0.293320581994924,0.173223270412176,0.347929767675731,0.210738980751788,0.0468951795465649
0.253511156760251,0.280980966173687,0.175078040406861,0.118294507765114,0.189105562726192,0.158740747770348,0.130591878287341,0.0891101450590591,0.232343926054188,0.116680902168418,0.26100063759717,0.190364939213586,0.111866874210194,0.276876711662426,0.163567743949238,0.328388280626903,0.198967154498786,0.0443185627324735
0.240454540752493,0.266491348279614,0.166101832556532,0.112258822895865,0.179400977873904,0.150611953646062,0.123920605344473,0.0845794430789306,0.220390258420301,0.11072855821998,0.247553499938679,0.180594928603221,0.106163085058259,0.262601309805544,0.155188679642122,0.311421694421692,0.188750112334221,0.0420847674899644
0.22934116538591,0.254156718442299,0.158465011768847,0.107126243357161,0.171143685762229,0.143696932132548,0.118246841091652,0.0807280282968764,0.210216750698016,0.105666936205763,0.236107322821728,0.172281900552274,0.101313078733379,0.250449251495426,0.14806049490521,0.296975787909248,0.180056248499484,0.0401875823805709
0.220149294690581,0.243952606940083,0.152153415151711,0.102887806358837,0.164318198032448,0.137983045381721,0.113560522116386,0.0775494791452838,0.201803746994371,0.101487216547178,0.226639628637975,0.16541024702018,0.0973084611612922,0.24039647778596,0.142170103499574,0.285021292285539,0.172869134578893,0.0386242180077147
0.212869726731194,0.235868414122354,0.147161586111234,0.0995404681746767,0.158918418835729,0.133465561579179,0.109858109156997,0.075041853004714,0.195143094475133,0.0981864192629946,0.219140838282197,0.159973814044947,0.0941464406829979,0.232432600314717,0.137512561790275,0.275545110044605,0.167182216619323,0.0373941378371602
0.207499336652034,0.229900251401768,0.143488320550356,0.0970840988585242,0.154942832947575,0.13014361807579,0.107139268276832,0.0732054245804583,0.190232227229849,0.0957644398194983,0.213607622808534,0.15597105770505,0.0918269866131896,0.226553847202298,0.134086908704841,0.268541943895133,0.162993751455578,0.0364979362095118
0.204035834347635,0.226045130831036,0.141133046649822,0.0955190364304344,0.152390595433398,0.128016939056979,0.105404170713472,0.0720408436816402,0.1870693617029,0.0942216366895599,0.210037506212533,0.153401107738852,0.0903505163639443,0.222757337507058,0.131892783570238,0.264007505951356,0.160302692421185,0.035936422443158
0.202473519315763,0.224296261926386,0.14009288880353,0.0948441000935074,0.151258361298893,0.127083172442041,0.104651300377011,0.0715476370252762,0.185649604635591,0.093556871569319,0.208424495384271,0.152260576164852,0.0897160162219424,0.221036446469502,0.130927682350677,0.261933024549664,0.159105354337446,0.0357098738800167
0.202799297819682,0.224638641334447,0.14035990796802,0.0950547192479901,0.151537306756101,0.127335385596675,0.104875390131058,0.0717227954148041,0.185961299935422,0.0937656636949633,0.208754980675234,0.15254055888619,0.0899192711722109,0.221376459025124,0.131184377886781,0.262300097053106,0.159392280850795,0.0358173291115034
0.204988254426091,0.227044151267338,0.141918028235288,0.0961408461685303,0.15320981292921,0.128759275099829,0.106065120454761,0.0725591955893923,0.187981965249375,0.0948381306237315,0.211003178380391,0.154223297604409,0.0909508895551798,0.223749738883408,0.132648045950716,0.265074973281492,0.161144757547393,0.0362557960639203
0.20899848574924,0.231465843618298,0.144739446180456,0.0980845136702226,0.156245592628853,0.131329905696899,0.108200427734223,0.0740437516159742,0.191673549946314,0.0967565786542742,0.215125814529306,0.15727828124304,0.0927939912533864,0.228110094700378,0.135292906755306,0.270201893274231,0.164330740295519,0.0370193218294641
0.214765516551561,0.237831765014927,0.148780743137135,0.100857185819242,0.160597498201701,0.135008177818027,0.111249585825476,0.0761554069671193,0.196977307634094,0.0994928888983071,0.221056379704453,0.161658026491396,0.095421699324011,0.234386693354107,0.13907858743147,0.277595895312975,0.16890044938282,0.0380979790317862
0.222197212149801,0.246039335374903,0.153979332507955,0.104417329427832,0.16619769300254,0.139737597002637,0.115166532916543,0.0788632898411882,0.203809121139845,0.103006120930735,0.228699895727079,0.167294224543446,0.0987948396611935,0.24247851815659,0.143946796180604,0.287136276865171,0.174782347446245,0.0394769295570767
0.231170435684463,0.255951662287865,0.160251107792068,0.108708793680509,0.172955120764012,0.145442130948544,0.119889091416423,0.0821254754888546,0.21205642532902,0.107240913437312,0.237929479253896,0.174095194462412,0.102860404448385,0.252250734349179,0.149819117455055,0.29866232129574,0.181880483658841,0.0411357879681171
0.241530538718418,0.267396995233772,0.167490048419775,0.11366051328778,0.180755089402615,0.152025841920542,0.125338648771558,0.0858887458896178,0.221577727027761,0.112127190359129,0.248585822276328,0.18194546504259,0.107551267312357,0.263534148643141,0.156596636407094,0.311972693251649,0.190074062453308,0.0430484813157379
0.253093984964335,0.280171649561086,0.175569995747419,0.119187682459721,0.189461197432794,0.15937448833242,0.131421460750831,0.0900894598141842,0.23220499847283,0.117581317949095,0.260479897557857,0.190707714756188,0.112787289982814,0.276128088242222,0.164161591911523,0.326828884129672,0.19921947602396,0.0451836641303305
0.265653094498204,0.294045276989941,0.184347901819007,0.125193929902635,0.19891884927908,0.167358463656462,0.138031058170425,0.0946551801527459,0.243748016805729,0.123508249400898,0.27339784622269,0.20022631101756,0.118477376378596,0.289805592641119,0.172380406954308,0.3429613933531,0.209154007287115,0.0475055139305504
0.278980488590252,0.308765802639059,0.193666875037579,0.131573359172236,0.208958550406913,0.175835552064326,0.145050504265379,0.0995062011981721,0.255998430335228,0.129803536759305,0.287105556683242,0.210330627728644,0.124521399710052,0.304318277052203,0.181106529905956,0.360075516962555,0.219699300607856,0.049974478626516
0.292829992117196,0.324060439689273,0.203356770566765,0.138210923668247,0.219396552460796,0.18465145577201,0.152352815375358,0.104555817893363,0.268730575414919,0.136353699965004,0.301349597522641,0.220835695356567,0.130810553839801,0.319397330213269,0.190180980415366,0.377852558936795,0.230662045723196,0.0525473938240787
0.306931177401123,0.339629668202571,0.213230362962629,0.144979797561262,0.230030732647395,0.193636310468808,0.15979807061995,0.109708321638373,0.281696457425315,0.143033632144508,0.315851607038383,0.231538054035212,0.13722486121176,0.334747577471594,0.199428763407623,0.395942840276286,0.241829651520779,0.0551764563939871
0.32097672263636,0.355133268544947,0.223074514471232,0.151735335079214,0.240631077312848,0.202596653245408,0.167226763768373,0.114854409449291,0.29461413322358,0.149700638740858,0.330295289992106,0.24220617574801,0.143627450395176,0.350033711909823,0.20865060049918,0.413949454976903,0.252960249197324,0.0578068908318217
0.334605037114485,0.370171128684993,0.232638029406408,0.15830675797391,0.250926596280667,0.211304374926299,0.174450656277523,0.119864863758984,0.307151741565209,0.156186234674951,0.344308546577004,0.25256729438416,0.149856680807224,0.364861372876836,0.217611557561343,0.431405953308151,0.263768947107078,0.0603737330549875
0.347384309523347,0.384265640023482,0.241620465709129,0.164489470958987,0.260593276874344,0.219486534030194,0.181244328855522,0.124584694834457,0.318912829843131,0.162288560255872,0.357447069467002,0.262295282906049,0.155718858721956,0.378759788264015,0.226030562080824,0.447755901416752,0.273915183530548,0.062798831104496
0.358806988412552,0.396855645850111,0.249668173174579,0.170042275525642,0.269249838683156,0.226821728293982,0.187342136311667,0.128830981441518,0.329431248887518,0.167769629185145,0.369188678620242,0.271006382781424,0.160985587575665,0.391175802064473,0.233576675835412,0.462345925027941,0.282998283549855,0.0649896951630051
0.368304289844109,0.407312545127592,0.256384256943043,0.174694060240725,0.276468508088354,0.232949114685744,0.192445605164425,0.13239788696814,0.338184432177806,0.172361926119455,0.378948263899489,0.278270051363471,0.165400088972198,0.401489739549963,0.239878393535262,0.474444572312613,0.290568804227922,0.0668419616860376
0.375287462415976,0.414985975620907,0.261357194244335,0.178163220033896,0.281805901271506,0.237494384051517,0.196244848416066,0.135071332971372,0.344631252616063,0.175787563947852,0.386120255201175,0.283640048264195,0.168695578032078,0.409060430628937,0.244550398414381,0.483295610015607,0.296161009660195,0.0682467457341203
0.379215844885025,0.4192790895072,0.264208187470812,0.180189903413805,0.284854092132029,0.240112779972205,0.198454094714659,0.136653428356082,0.348274507385953,0.177790099867284,0.39014864953759,0.286705836505977,0.170625792479662,0.413299407973122,0.247237862574184,0.48820572259326,0.299346547107128,0.0691029600611813
0.379682363681182,0.419743054192255,0.264650797504696,0.180576728193516,0.28530489101981,0.240543309044149,0.198856518473067,0.136993372047437,0.348739459958781,0.178174710407017,0.390614965750738,0.287157277849002,0.171003553336423,0.413764064225705,0.247672261049686,0.488654496119361,0.299801985925093,0.0693329712866767
0.376498056715378,0.416170403863289,0.262550063598597,0.179229266360841,0.283013532849936,0.238662524243971,0.197348782566321,0.136018246052587,0.345851539029082,0.176848142799731,0.387325178303779,0.28484873045047,0.169739123125465,0.410249686582844,0.24572673378838,0.484402935794201,0.297375710157528,0.068898282397647
0.369752669646243,0.40866186884253,0.257965104275713,0.176185373266015,0.278044521242516,0.234523332459531,0.193973263905594,0.1337554089053,0.339692109291948,0.173847663064777,0.380372016107369,0.279845183591711,0.166868015435797,0.402855356839018,0.241456015862354,0.475570983566892,0.292136035651481,0.0678110438798398
0.359831696330197,0.397645011298557,0.25116145486948,0.171623937989706,0.270684825720708,0.228366318762324,0.188927597327409,0.13033931615988,0.330614265868384,0.169349701461298,0.370152440252178,0.272435531615817,0.16255932621891,0.392002350222364,0.235108062541066,0.462658855743806,0.284385006314452,0.0661377327243024
0.347381543804042,0.383835515919553,0.242587238242831,0.165848951541084,0.261418091199807,0.220598196637233,0.18254703996714,0.125999613747137,0.319210978328566,0.163654143943389,0.357331753571082,0.263106607170224,0.157100690854805,0.378396005483475,0.227101826569945,0.446501628085905,0.274631222786946,0.0639933516765993
0.333229775086155,0.368148870609648,0.232817906038606,0.159252046136707,0.250864991388921,0.21174166366517,0.175263150572433,0.121032852928625,0.30624193702496,0.15714737818539,0.342761508207639,0.252483140821509,0.150862842378853,0.362938684333604,0.217975602270338,0.428166158214426,0.263527112915569,0.0615272830850764
0.31828020916298,0.351584335792482,0.222483263751555,0.152262808866763,0.239704526178591,0.202369109007571,0.167549043757025,0.115764855191686,0.292537246377937,0.150253271873531,0.327371568592465,0.241248544641711,0.144252573708042,0.34661540233753,0.208318757280699,0.40881589591271,0.25178620759318,0.0589043172063698
0.303407775165462,0.33510873214351,0.212194119812004,0.145298690843458,0.22859495964239,0.193035929911322,0.159864239902238,0.110512689102186,0.278900828880036,0.143383746744286,0.312061945281703,0.230065338057525,0.137665296820091,0.330379268108657,0.198703077235055,0.389575641106117,0.240100070792068,0.0562853827933223
0.289374187113057,0.319563316930786,0.202483285231869,0.138724590450485,0.218110264988847,0.184226852484539,0.15261020118566,0.105553921656582,0.266032902642633,0.136898893966317,0.297616067641839,0.219511184487379,0.131446747260667,0.315059672189725,0.189627512425475,0.37142330653751,0.229071549727306,0.0538118781955766
0.27677572279555,0.305606190456209,0.193768862650824,0.132827580671188,0.208700618324374,0.176322490133833,0.146102562699774,0.101107322928821,0.25448191942683,0.131082029915517,0.28464709526339,0.210039134651624,0.125869021123444,0.301305494490569,0.181483768638607,0.355123111591423,0.219173309570141,0.0515957539189915
0.266023611157509,0.293690757653262,0.186340250126989,0.127807124033566,0.200677383205278,0.169586544008586,0.140560422164475,0.0973253138605699,0.244626449320768,0.126130033154446,0.27357777842516,0.201962519967977,0.121121277023092,0.289563852445591,0.174543152907926,0.341200761141182,0.210732105669287,0.0497155297960168
0.257349826226908,0.28407226033911,0.180361891186801,0.123777422421186,0.19421721816187,0.164169141969967,0.136108985694497,0.094295634187295,0.236680413008952,0.122155655756557,0.264646452307797,0.195459092360717,0.117311933104475,0.280086522316481,0.16896003332008,0.329951274131809,0.203933144690969,0.048216995591946
0.250828064554167,0.276831068593572,0.175887667837761,0.120777071434131,0.189377644470618,0.160119865281106,0.132790245756929,0.0920485750860377,0.230712278697939,0.119197043482027,0.257928644963298,0.190586697569488,0.114477787075906,0.272952884625922,0.16478526917537,0.321466275978125,0.198836479084843,0.047116756486663
0.246400669608091,0.271902520357627,0.17287949801755,0.118781626035532,0.186117133230552,0.157404610930133,0.130576853344663,0.0905664436178601,0.226669739764413,0.117230129977712,0.253364796580832,0.187303495954582,0.112595898901999,0.26809932823305,0.161983585993519,0.315668867901186,0.195398141292952,0.0464069367288821
0.243905438933184,0.26910661013753,0.171225899447203,0.117716177852539,0.184315145443682,0.155922434952044,0.129385993400021,0.08979305486896,0.224404299686458,0.116181043667993,0.250787852535272,0.185488135066308,0.111595489183181,0.265348508666934,0.160450927325344,0.312348282973169,0.193491221097594,0.0460599206541184
0.243099774342287,0.268174723789842,0.170758739072527,0.117466721482304,0.183790207663667,0.155520755626745,0.129091919164718,0.0896423201181231,0.223693428229209,0.115937320690408,0.249948118592445,0.184957944298121,0.111368694374707,0.264435696961726,0.160030114996938,0.311191073920445,0.19292487288006,0.0460326544559475
0.243682275623334,0.268773532049857,0.171268234605393,0.117890352711896,0.184316095697506,0.156008976173498,0.129537193387905,0.0900059622631056,0.224260380068966,0.116357966130041,0.25053548205859,0.185485224646973,0.111780219151402,0.265032329827337,0.16052487943505,0.311808966662066,0.193461329503104,0.0462705229354005
0.245313114030698,0.270527518313197,0.172517143665246,0.118824940028933,0.185637133940378,0.157171378230774,0.130543341831334,0.0907608468210331,0.22579290447084,0.117282996506113,0.252200373157911,0.186812647622645,0.11267649371586,0.266768215893493,0.161713136274645,0.313765094288027,0.194831980955294,0.0467110506425547
0.247634425499353,0.273041508160407,0.174255012370092,0.120098869941725,0.187483548515028,0.158780080407707,0.131921578796961,0.0917763872544536,0.227961987231153,0.118543056239428,0.254574741414093,0.188668707420178,0.113894905506741,0.269253746498135,0.163360326489395,0.316600197755967,0.196753502413918,0.0472876636932754
0.250291010254626,0.275923515428937,0.176232688150916,0.121541009591977,0.189587093837301,0.160608249256414,0.133483761620344,0.0929221356270281,0.230440889703243,0.119969249808559,0.257293341403098,0.190783447305187,0.115273241705732,0.272102421636824,0.165233012558285,0.319859156126594,0.198944261728551,0.0479335712901235
0.252950476053942,0.278806952239439,0.178216492815707,0.122990472826678,0.19169630206407,0.16244301311336,0.135053118868374,0.0940752437626281,0.232923691625124,0.121402781209143,0.260014440585375,0.192903805494039,0.11665895042755,0.274952751878347,0.167112165015444,0.323116739525509,0.201140323123236,0.0485856066591586
0.25532121288398,0.281370425800023,0.180000920609825,0.124305406876033,0.193590134147674,0.164097044214246,0.136473892422572,0.095127196518308,0.235141853374335,0.122703627992994,0.262438291962508,0.194807351547194,0.117917478135661,0.277487783664847,0.168805074992048,0.326000524914925,0.203109765573015,0.0491877190328859
0.257166541926128,0.283353297781537,0.181418688377337,0.125369986480195,0.195088772058908,0.16541773874751,0.137619001550521,0.0959891932147666,0.236877270001832,0.123757447101339,0.264321668716934,0.19631314500023,0.118938911498207,0.279450448670255,0.170154792041868,0.328208864788905,0.204663994137812,0.049693792074208
0.258313960362163,0.284565822445034,0.182347366999687,0.126099075605489,0.196060725501173,0.166293289620037,0.138395138329891,0.0965957599948236,0.237970820584075,0.12448017933158,0.265487353566737,0.197288884560597,0.119642410560994,0.280653569078244,0.171046362578298,0.329522545397395,0.205665178549985,0.0500695679349848
0.258659245261375,0.284893608792893,0.182712413064924,0.126440421511868,0.196426061550679,0.166655483500608,0.138745148762493,0.0969064840317205,0.238326190478892,0.124820218591206,0.265828341107984,0.197654155373853,0.119978303578816,0.280984266692453,0.171409696719241,0.329809850271407,0.206029620254522,0.0502936135445557
0.258165881758138,0.284296925826737,0.182486914045151,0.126374586844593,0.19615609743279,0.166479504209758,0.138647928332249,0.0969060211195715,0.23790939039348,0.124758348594008,0.265307233012426,0.197380116993152,0.119928037172475,0.280403286894263,0.171219354810751,0.32902564175086,0.205727407114901,0.0503574000791594
0.256860615237884,0.282805737944397,0.181688597628622,0.125912990421775,0.195270151594553,0.165781241282302,0.138116241618971,0.0966026550170632,0.236744704725821,0.12430581256249,0.263951649600933,0.196486231209236,0.119502332139749,0.278940111432686,0.170491767763628,0.327205498302118,0.204778982248194,0.0502646328295642
0.254825911167885,0.28051133884699,0.180374646637642,0.125094422531649,0.193829937852699,0.164612594630341,0.137192869834371,0.0960256840083991,0.234907787490452,0.123500876756476,0.261846464536035,0.1950346184113,0.118737890840446,0.276684715760213,0.169280397054406,0.324455922126302,0.203249242235014,0.0500299681725679
0.252189916985647,0.277555243059896,0.178634729225425,0.123980310753578,0.191932045344976,0.16305514652937,0.135945391234795,0.0952218420543841,0.232516450389735,0.122404160045054,0.259123474684572,0.193122488172503,0.117692917046165,0.273776620353301,0.167669216979296,0.320941387788186,0.201239630657228,0.04967721990934
0.24911435057228,0.274115806474639,0.176582535345302,0.122648931087931,0.189698819116801,0.161212464188071,0.134459809983111,0.0942509001362047,0.22971953146821,0.12109292158185,0.255948942454625,0.190872961033412,0.116441632188172,0.270391700417404,0.165764790611803,0.316868784272894,0.19887855856744,0.0492371257569234
0.245780693783342,0.270392996130842,0.174346078985833,0.121188738098299,0.187267922084666,0.159201267671909,0.132833225704746,0.0931805776142106,0.226684190676504,0.119654477856121,0.252509400458241,0.188424564133244,0.115067952026253,0.266727167956502,0.16368718153606,0.312469742795243,0.196310447578854,0.0487447370346135
0.24237514802591,0.266591815336714,0.172057082483063,0.119691028045313,0.184780919900853,0.157141750094993,0.131165779917214,0.0920809248039217,0.223582051437353,0.118178960184275,0.248996188885832,0.185919744475856,0.113658526105273,0.262985224973004,0.161559996959531,0.307981441039742,0.193683754810859,0.0482365114929146
0.239072957867156,0.262905053410923,0.169839866578313,0.118242224801001,0.182371345190278,0.155147435420275,0.129552198283012,0.091018396898821,0.220574745242444,0.116751698596582,0.245589348860768,0.183492859241721,0.11229541450404,0.259356047639659,0.159499958884179,0.303626661790544,0.191138459166593,0.0477472208431878
0.23602288135351,0.25949621820639,0.167800294937958,0.116916167095575,0.180152831380781,0.153315074002491,0.128073344422015,0.0900499086245658,0.21779957636975,0.115445605776105,0.242441672171531,0.181258237084568,0.111048760907413,0.25600094775896,0.157606517853106,0.299594100225771,0.188793628235307,0.0473068220402147
0.233332778155641,0.256483719721003,0.166015461965651,0.115766875678879,0.17820805604217,0.151715204819004,0.126788309934494,0.0892172373760227,0.215356202403296,0.114314033561663,0.239663905070658,0.179299054900161,0.109969916365876,0.253036765341542,0.15595215595727,0.296020154254353,0.186735841477533,0.0469374842207963
0.231057532533704,0.253927641473245,0.164524992093803,0.114822407289065,0.176579425193747,0.150384178304284,0.125727704918695,0.0885422432669222,0.213295454524933,0.113384701338419,0.237312355877825,0.177657967186408,0.109085590429065,0.250522811169894,0.154574195030459,0.292973738682656,0.185009445380447,0.0466510184756666
0.229190855953079,0.251820794090513,0.16332505804039,0.114080573660523,0.175262685562237,0.149318653853277,0.12488899968315,0.0880235090581621,0.211611725972228,0.112655464983574,0.235380492169568,0.17633068208339,0.108393769704898,0.248452031541203,0.153469151798434,0.290446072383913,0.183609883086463,0.0464470316455146
0.227662877828018,0.250086141793244,0.162366492421478,0.113507495999471,0.174204936447348,0.148473831957274,0.12423497716465,0.087635154454168,0.210240695177144,0.11209288503005,0.233796485928158,0.175263964441458,0.10786232729416,0.246748458785733,0.152590933889428,0.288347838864529,0.182481638031942,0.046312209502211
0.226345640908607,0.24858291678933,0.1615585253354,0.113040083324475,0.173308680405698,0.147766828019861,0.123696482643515,0.0873286744691403,0.209064345214306,0.111634669465228,0.23242887755374,0.174359714646475,0.107431359652987,0.245273233086279,0.151854321022021,0.28651637196164,0.181522505123297,0.046221190430161
0.22506831599121,0.247123400372546,0.160779476249505,0.112593388507866,0.17244333031712,0.147086410776341,0.123180507778437,0.0870385523372141,0.207924965780936,0.111196933985152,0.231102218442803,0.173486548723712,0.10702016069341,0.243841150046701,0.151144985612704,0.284735122650815,0.180595669100187,0.0461394444696262
0.223642733008593,0.245501008421245,0.159894868564915,0.112073201109805,0.171464665833908,0.146309543945109,0.12258399323375,0.0866919419419633,0.206648702032176,0.11068663541861,0.229623300466485,0.172499374893153,0.106539178653167,0.242248365757172,0.15033650034715,0.282766110533762,0.179550099933857,0.0460283368408813
0.22189751358081,0.243527779461881,0.158781786181302,0.111393083365474,0.170240962938724,0.145323661786619,0.121812472447608,0.0862218249209129,0.205077079457935,0.110018395677731,0.227816206457075,0.171265681720209,0.105906205894991,0.240309385440675,0.149313230489074,0.280393135862683,0.178247921790897,0.0458520852558227
0.219716084261868,0.241076067966303,0.157356132843576,0.110493535919203,0.168682207698868,0.144051631853492,0.120801018644298,0.085581868330129,0.203102153622726,0.109133432396453,0.225561330674665,0.169694926594018,0.105064606169934,0.237898209345978,0.147995977588524,0.277469739528992,0.176594991854826,0.0455856896027929
0.217071279787216,0.238116435621842,0.155597591602466,0.109359654591793,0.166766812817719,0.142474646813961,0.119533512867246,0.0847601729503666,0.200698550984395,0.108017002846785,0.222830882528455,0.167765409257855,0.104000121428461,0.234985735271999,0.146365484717282,0.273962681555735,0.17456884286651,0.0452223488749334
0.214048610079128,0.234743051598658,0.153566589940283,0.108033267000762,0.164559736568788,0.14064782817716,0.118055851073707,0.0837887986771872,0.197945068373218,0.106710398903418,0.219712738505923,0.165542493692192,0.102752442426143,0.231664842175005,0.144478444516347,0.269980951275263,0.172237605521451,0.0447786986735258
0.210852550288717,0.231180436299339,0.15140917585375,0.106616633444053,0.16221762688039,0.138704780215501,0.116479913787039,0.0827467864349821,0.195030600155024,0.105314611970312,0.216416857760079,0.163183775897479,0.101418765363957,0.228157067284845,0.142472149493547,0.265783254206711,0.169765336602283,0.0442966257361302
0.207795017086068,0.2277706623908,0.149349130751442,0.10526718320289,0.159980284589711,0.136850458846218,0.114977735405231,0.0817562360584907,0.192243596779405,0.103985143619076,0.21326341075882,0.160930488802904,0.100148824202953,0.224799997702591,0.140557137622342,0.26176301141995,0.167403025275249,0.0438413843925384
0.205270624713262,0.224946081288383,0.147670542819791,0.104185500520378,0.158151916330092,0.135345290510106,0.113768307610471,0.0809731274705636,0.18994928081163,0.102920147228938,0.210657344156158,0.159088636880603,0.0991334974150337,0.222020373877942,0.139000853691038,0.258416753597341,0.165468921011141,0.0434968771833792
0.203726962141557,0.223196631082484,0.146696711183479,0.103600658150416,0.157078477087445,0.13448590721201,0.113101503760662,0.0805760454146852,0.188562228966124,0.102345947236401,0.209057846045515,0.158006198945675,0.0985908824124312,0.220301839685554,0.138107841962114,0.256306356235103,0.164324783640798,0.0433597645627555
0.203638487589725,0.223041153050776,0.146771548276559,0.103757236899502,0.157127711358693,0.134588146254676,0.113243865307514,0.0807561721636989,0.188522269781129,0.102504221274364,0.208951535276146,0.15805304754408,0.0987539639332107,0.220156642657795,0.138202272534112,0.25602595775081,0.164354972829474,0.0435342008139624
0.205489867018271,0.225009091696612,0.148247695708707,0.104907022407608,0.158676402164533,0.135976183775449,0.114469511909359,0.081710882488042,0.190279095881741,0.103643800706921,0.210835351662489,0.159608120434843,0.0998627248879537,0.222107577838984,0.139616773245886,0.258180866154334,0.165953091225762,0.0441284622719697
0.209770153618153,0.229634090120613,0.151482403583826,0.107306153282467,0.162105942403016,0.138978775261712,0.117057011396144,0.0836415611318333,0.194286897232788,0.106017855421811,0.215210575702696,0.163054964387493,0.102161440746363,0.226681670106327,0.142688563177666,0.263380157669365,0.169517340428444,0.0452538254529073
0.216974787830232,0.237456153769414,0.156839040452493,0.111216245766912,0.167803935405179,0.143930657960898,0.121290590868523,0.0867545133745836,0.201006232511785,0.109885007008048,0.222584873580412,0.168783343799694,0.10589975821689,0.234412313669532,0.147760887077378,0.272239115754945,0.175452184371321,0.0470251106527792
0.227608980458072,0.249025323306843,0.164689614209105,0.116906244214638,0.176166874561452,0.151174883851823,0.127462136833829,0.0912624470844106,0.210907185083353,0.11551115937388,0.233475759812679,0.177191934464306,0.111334466296448,0.245842901982945,0.155185404221603,0.285383392602586,0.184171139220324,0.0495615430328246
0.242183776578563,0.264897335030409,0.175412008419717,0.124650529394943,0.187597167503991,0.161060304579257,0.135869112701909,0.0973830389219271,0.224465740184862,0.123167632177693,0.248406550817913,0.188685328762283,0.118727704789789,0.261522548238352,0.165319599719444,0.303443980592608,0.196093649100575,0.0529860381855513
0.261194793628676,0.285610342441721,0.189374641821886,0.134718069195124,0.20248671593022,0.173927501919297,0.146802718004694,0.105330491311995,0.24214409534732,0.133120442529689,0.267884550633689,0.203657519045312,0.128336638148899,0.281983106605637,0.17851233786375,0.327030509873926,0.211627912803393,0.0574206597984632
0.285073465583358,0.311631621986054,0.206901079498267,0.147347221656923,0.221179084376272,0.19007627755741,0.160520436389495,0.115295823498348,0.264345447706122,0.145605406224344,0.292351051310948,0.222453848368506,0.140389449703074,0.30768655204388,0.195070497371741,0.356670260757827,0.231131350374623,0.0629758717643848
0.314102693491249,0.343265474093253,0.228208560189083,0.16270177309009,0.243903840893994,0.209709119173255,0.177198192977404,0.12741237269273,0.29133570028883,0.160784689333613,0.322094858862255,0.245304977571457,0.155043431403234,0.338934031839065,0.215200970832153,0.392702945168894,0.254842027891163,0.0697315682746224
0.348295094927097,0.380520428991217,0.253318922704712,0.180806974312591,0.270681493784706,0.232849198910945,0.196860816765608,0.141705448012746,0.323130349763039,0.178683582379635,0.357127513852522,0.272231287747517,0.172323969139384,0.375734710243101,0.238926562282954,0.435129240763987,0.28277942523355,0.0777091822219683
0.387244564502012,0.422947549288928,0.281949507867805,0.201470817931957,0.301207168147535,0.259239815733797,0.219296562031968,0.158030151690831,0.359356429708996,0.199112672677343,0.39703121402709,0.302925912639995,0.192049397979756,0.417646037396606,0.265982891369875,0.48342671494857,0.314623087605528,0.0868369430036109
0.429980557670708,0.469482015353832,0.313405298899568,0.224205631686932,0.334735771658203,0.288244794258228,0.243972130552396,0.176009122980749,0.399116758430886,0.221590309240242,0.440809611074995,0.336639283145746,0.213756080974273,0.463617216388489,0.295716336081295,0.53637003351822,0.349592946925651,0.0969146458753768
0.474874569876678,0.518342000119455,0.346508380495555,0.248175810327988,0.370007181326655,0.318783027928626,0.269976291104181,0.194990480276461,0.440902419233416,0.245290881813776,0.486792196848727,0.372103934418719,0.236648331637918,0.511889201930693,0.327017060909853,0.591917135659125,0.386371552058841,0.107589097712131
0.519658767399157,0.567050146745702,0.379608777081539,0.272203474351102,0.405258431054448,0.349337776438437,0.296026613963448,0.214051066291826,0.482609234283088,0.269050340748503,0.532653705335328,0.407546815658166,0.259603522951712,0.560015749537264,0.358328765846641,0.647235731280232,0.42311721803449,0.118354261687175
0.561603854540688,0.61262875190885,0.410711727184701,0.294857692875609,0.438360178949051,0.378073139311262,0.320567064846583,0.232065438520683,0.521702158397622,0.291454315252897,0.575596719163833,0.440826579326044,0.281256901033444,0.605056023035098,0.387768362256713,0.698927971633097,0.457606914852135,0.128587784747941
0.597859751744563,0.651972166685061,0.437724942690852,0.314630529061992,0.467081034361399,0.403061200081289,0.341959805898495,0.247843573611031,0.555531192982844,0.311012075419676,0.61270104129283,0.469699431914625,0.300169308170056,0.643942283680839,0.413359088277226,0.743456630179485,0.487512490020143,0.13762610468482
0.62589860442621,0.682330068899216,0.458782522994754,0.330169491955039,0.489433296907422,0.422580175097826,0.358737945261206,0.260313743385855,0.581742905373906,0.326386297048032,0.641377746015642,0.492166819815312,0.315048896587191,0.673957187201141,0.433336311313654,0.777696462453946,0.510761599689323,0.144865640126954
0.643944379559193,0.701775187401213,0.472561276586807,0.340506226476659,0.504010098879282,0.435406113771456,0.369853733166432,0.268703392594572,0.598680151269851,0.336619166592696,0.659809239589209,0.506814427530535,0.324969483773575,0.693195854482839,0.446446547016681,0.799466243170477,0.525889326480827,0.149864191526417
0.651260662204249,0.709515601868182,0.478495143056784,0.345213434430034,0.510213386111144,0.441011239208333,0.374848349264845,0.272664328463097,0.605650608452912,0.341287593837982,0.667243790441698,0.513041365361556,0.32952063909491,0.700874543529834,0.452150585723017,0.807882208857752,0.532275566515727,0.152412590470176
0.648212191330555,0.705959954867012,0.476824817131671,0.344444018060406,0.508305855162955,0.439610755253995,0.37389349418469,0.272305530302893,0.602985322714233,0.340542025506035,0.664058089064084,0.511112309839614,0.328845500161738,0.697395325862433,0.450671146459489,0.803429147180532,0.530198539658411,0.152555616651625
0.636096601212251,0.692532282962338,0.46847863406719,0.338848583695867,0.499282942526026,0.432054161593767,0.367700869680486,0.268129950586737,0.591883577837231,0.335025006085882,0.651584365170938,0.502028696756711,0.323562494019726,0.684163435545904,0.442881102427372,0.787746346000951,0.520700554884941,0.150559366076184
0.616819173184034,0.671316293218701,0.454836970414708,0.329408057355184,0.484620858539312,0.41960893539368,0.357339713835923,0.260903794330836,0.574111427079034,0.325705786987813,0.631776789227235,0.487275293636563,0.314605915414136,0.66323607307945,0.430081440022518,0.763220173624263,0.505324633727043,0.146840246490334
0.592519779149657,0.644648297183737,0.437459728794977,0.317238312390909,0.465985654225012,0.40370975478543,0.344024315331864,0.251502925977238,0.551655228960732,0.313687219346931,0.606829089762331,0.468527623467935,0.303039606174959,0.636920387086423,0.41374402529582,0.732519483190226,0.485810754564935,0.141880145234125
0.565249472475914,0.614764949603584,0.41784856269928,0.30341853532612,0.444979716392978,0.385739317679834,0.328927666494097,0.240777270452383,0.526420835361299,0.300036069206682,0.578843227150199,0.447397057542913,0.289893113610874,0.60742549204565,0.395286896478893,0.698194656628437,0.463831408885985,0.136150617047644
0.536752166384284,0.583565966855545,0.397285111458708,0.288873506272726,0.422969578568213,0.366878922378557,0.31305391286472,0.229457267939519,0.500030150733147,0.285666602053499,0.549605865015564,0.425257697945026,0.276049186493621,0.576627995943426,0.375921172614606,0.662408416157727,0.44081217313387,0.130059841691112
0.508360952289961,0.552501950978187,0.376752942604542,0.274315861937709,0.401003104918308,0.34803606903605,0.297176047618606,0.218107466943962,0.473724148832653,0.271283453458493,0.52048235140898,0.403163138498682,0.262188470505154,0.54596108014449,0.356576969064182,0.626809446917355,0.417845598194697,0.123925591545231
0.480987262611706,0.522563345554758,0.356927743193408,0.260237613122421,0.379799440764504,0.329834969979217,0.281827085477042,0.207119024520685,0.448352243366542,0.257373194439114,0.492405818508818,0.381836395042857,0.248781220490078,0.516403482014657,0.337893808975866,0.592521138820549,0.395681007201569,0.11796994231467
0.455169083921584,0.494333574125002,0.338211254108795,0.246933486369246,0.359785527177896,0.312647461992549,0.267325720801581,0.196727490231877,0.424416681134997,0.244227368111163,0.465926742094407,0.361706651063242,0.236109425687204,0.488531899641062,0.320252430422603,0.560203148206139,0.374762816634253,0.112328312389331
0.431146943649028,0.468072241752071,0.320786079221235,0.234539679939154,0.341154770529992,0.296643271732937,0.253818626754939,0.187042964826085,0.402142904106331,0.231980777556663,0.441290904421108,0.342968272090362,0.22430369638677,0.462603121124242,0.30382639994413,0.530146853207447,0.355291898915123,0.10706569017683
0.408945657777751,0.443804428238202,0.304675174198085,0.223076335944324,0.32393060283797,0.28184470291793,0.241326696665007,0.17808338735159,0.381555402472874,0.220653459332386,0.418523210347058,0.325644729418581,0.21338374393488,0.438642197432615,0.288638225480874,0.502377426219878,0.337291979074296,0.102194874798063
0.388449670269357,0.421402848279238,0.289796995377827,0.212487163513223,0.308025332636926,0.26817741352828,0.22978811451333,0.169805733345409,0.362547717946373,0.210189850191454,0.397504897566692,0.309647781162202,0.203296179700491,0.416523590476649,0.274611432348182,0.476747523067272,0.32067106199919,0.0976937719593781
0.369467054420989,0.400657543857228,0.276012600398394,0.202673473190819,0.293290351242104,0.255513844463448,0.219095297034092,0.162132924106901,0.34494198680922,0.200492436175781,0.37803909974851,0.294827955348696,0.193947009115526,0.396040021564527,0.261615083327621,0.453016577258675,0.305273798087898,0.0935204672753621
0.351781150467969,0.381332023368009,0.263163870305593,0.193521966004864,0.279556826000707,0.243708515915052,0.209125010147993,0.154975896152821,0.328537045859814,0.19144923300273,0.35990372020085,0.281015463302556,0.185228186319999,0.376957943435931,0.249499945135732,0.430914518751253,0.290923893025178,0.0896257256876233
0.335190055080482,0.363206111840083,0.251102940607355,0.184926286601486,0.266666989496587,0.232625254863584,0.19976168459189,0.148250807920603,0.313145280564911,0.182955105192856,0.342891844829599,0.268051654248046,0.177038231128605,0.359059892850137,0.238126371667414,0.410190269139619,0.27745668617625,0.0859628629504077
0.319533982353613,0.346105564968478,0.239712779430648,0.176802237456337,0.254495975706866,0.22215627807905,0.190913834909659,0.141891269008243,0.298618210935849,0.17492682009266,0.326839722819492,0.255810963325029,0.169296802058849,0.342173771379066,0.227383832323411,0.390645127386378,0.264741858131498,0.0824948790400161
0.304710110449695,0.329918062082235,0.228918542432162,0.169096319643899,0.242963827603939,0.212232767914835,0.182523237111613,0.135855288832329,0.284860430552933,0.16731150372999,0.311641929183077,0.244212977106654,0.161952896876534,0.326188669208069,0.217201720259106,0.372150668756127,0.252695888969156,0.0791986295090599
0.290674778998288,0.314595467557139,0.218689515399087,0.161787393234346,0.232037494777192,0.202826744350823,0.1745666598171,0.130126740091849,0.271831746731873,0.160088291448768,0.297253580703626,0.233224435929369,0.154986473396743,0.311057117664261,0.207551246050769,0.354651093521213,0.241284091783972,0.0760658618258336
0.277434078770898,0.30014352488123,0.209032336258954,0.154881897876306,0.221723575221829,0.193944852436893,0.167050643526366,0.124711650431662,0.259538468826414,0.153263606802227,0.283680680239806,0.22285193279178,0.148403902927788,0.296784916349478,0.198439057352641,0.338151401289414,0.230513019567524,0.0731012417687925
0.265025614805542,0.286602026722922,0.199977505603621,0.148404054619571,0.212053951435708,0.185615908058927,0.160000879092906,0.119630427326452,0.248016421162978,0.146861472571533,0.270961442418469,0.213127471555178,0.142228608764095,0.283411539288937,0.189894476794198,0.322694878678292,0.220415493887491,0.0703179611683763
0.253495772904709,0.274020169972019,0.191562385942585,0.142383370815023,0.203067729128899,0.177875155884929,0.153448703142159,0.114907856737264,0.237309713136129,0.140911149766054,0.259143034723157,0.204090311287605,0.136489107670036,0.270985772895592,0.181953385238661,0.308335247472682,0.211031808218532,0.0677319633691457
0.242877465812326,0.262432488599482,0.183814415165503,0.136842188647157,0.19479343561187,0.170748689998505,0.147417671817071,0.110563070168772,0.227449914934365,0.135434815818942,0.248258824804405,0.195769074419223,0.131207077493244,0.259541916957344,0.174642282777421,0.295109564415242,0.202391223520277,0.0653560542358114
0.2331727945878,0.251840155512203,0.17673789381818,0.131785779307219,0.187235037664197,0.164241158453322,0.141912908095572,0.106601501564797,0.2184397936313,0.130437758263442,0.238310667430771,0.188167696296708,0.126387849912532,0.249081287267958,0.167965719742695,0.283017257531295,0.194497454352179,0.0631950921869398
0.224343570866623,0.242200819779911,0.170306616173315,0.127196703587295,0.180364175609159,0.15832887014202,0.136915068177182,0.103010241790863,0.210244380221095,0.125902788021738,0.229259237639526,0.181257624098114,0.122014982365025,0.239562153743482,0.161899261393709,0.272008831205743,0.187320629638653,0.06124311353302
0.216310750887229,0.23342808930915,0.164463203914737,0.123034127590209,0.174119509777039,0.152959117222733,0.132379655525242,0.0997573755698073,0.202790370328692,0.121789555615417,0.221023477455794,0.174977164571849,0.118049576169924,0.230899215473038,0.156388813231831,0.261985444792323,0.180796649651716,0.0594827794557803
0.208962054297284,0.22539984640843,0.159124660313589,0.11923778821803,0.168412653427601,0.148055281968976,0.128241339079998,0.0967950853970074,0.195973197638135,0.118038469956512,0.213488405848535,0.169237450736602,0.114434055397947,0.22297181292299,0.151355860751428,0.252808404928183,0.174833382478163,0.0578870626229064
0.202165683099789,0.217973121534266,0.154192623638164,0.115735520943207,0.16313906750133,0.143526328890812,0.124422091815269,0.0940656703257956,0.18966984419162,0.114578144977855,0.206519155137189,0.163933393693396,0.111099369964731,0.215638630778884,0.146707188194539,0.244315975881819,0.169322003417725,0.0564227089564644
0.195787221354418,0.211002357850178,0.14956614368705,0.112452757065741,0.158191603655342,0.139278669072761,0.120841426249816,0.0915092090877538,0.183754663199976,0.111334798648822,0.199978246306009,0.158957293775183,0.107974099537833,0.208755760765805,0.14234701472327,0.236343924415687,0.164151068449934,0.0550547484094075
0.189706511320933,0.204357602805466,0.14515456094714,0.109322193184605,0.153474129384678,0.135228149614207,0.117426789357675,0.0890714187187213,0.17811521478003,0.108241825771415,0.193742827503735,0.15421253188697,0.104993735723625,0.20219469900781,0.138189249228479,0.228745901844857,0.159220654739439,0.0537512043126209
0.183831586549634,0.197939481698668,0.140888255534365,0.106291953126459,0.148912874071363,0.131310088480329,0.114122311967075,0.0867103417620772,0.172665373656552,0.105247881485236,0.187718894084703,0.149624968492155,0.102108529629868,0.195857166178716,0.134167738391532,0.221410143121562,0.154454118415345,0.052487180074262
0.178107562966844,0.191688702775178,0.136725633626487,0.103330993095918,0.144463775785309,0.127485827823478,0.110894576077448,0.0844008330695557,0.167353730388898,0.102322237920981,0.181850349412285,0.145150322286429,0.0992887023941647,0.189684522303118,0.130242949574797,0.214269982213394,0.149805688953684,0.0512476868932753
0.172519575377328,0.18558912834367,0.132655608877319,0.100431156294545,0.140115053430151,0.123745103275826,0.10773477160187,0.0821363425019352,0.162166416414155,0.0994568249336284,0.176121979126895,0.140776750259621,0.0965264437695206,0.183660818422845,0.126404374016455,0.20730713299968,0.14526310235705,0.0500288797568685
0.167090095103338,0.179664792911274,0.128695786437895,0.097605994378522,0.135885234572714,0.120104410551138,0.104657379143292,0.0799280663530475,0.157124653842448,0.0966650697780478,0.170556686930217,0.136522861528835,0.0938348061761473,0.177809859355587,0.122668839413432,0.200548195055827,0.140845519502358,0.0488377121070869
0.161871949493967,0.173972307366384,0.1248873183409,0.0948870518264132,0.131817672461814,0.116602261518916,0.101696135586356,0.0778020147904713,0.152278257984211,0.0939782237528795,0.16520834509474,0.132432204218817,0.0912441581262899,0.172187699039856,0.119075646825642,0.194056022668828,0.13659780816589,0.0476903097641048
0.156938877534557,0.168590635177493,0.121287807526906,0.0923186290811596,0.127973014276573,0.113292606285544,0.0988983795398694,0.0757948101139187,0.147696807269751,0.0914401808848475,0.160152135666223,0.128565694966381,0.0887971696903508,0.166872531993215,0.115679838442538,0.187918197003423,0.132582709475966,0.0466095360716003
0.152375469773649,0.163610234596132,0.117963666401936,0.089952076021161,0.124421108967587,0.110237728859943,0.0963189081848653,0.0739490679600734,0.143460213548753,0.0891018295514739,0.155474270722691,0.124993486735357,0.0865433388737737,0.161953953344082,0.112544933105568,0.182234838322137,0.128872434160421,0.0456222548470184
0.148267973078978,0.15912315887579,0.114983069511542,0.0878404787961559,0.121233558169148,0.107501679606424,0.0940142713201067,0.0723090670957663,0.139650084860946,0.0870157917025932,0.151262602947823,0.1217874840857,0.0845338883708191,0.157523163006202,0.109736215591897,0.177107535268215,0.125540936135411,0.0447567199292273
0.144696873299433,0.15521509172894,0.112410214899207,0.0860342904310478,0.118477662250013,0.105144914023593,0.092038090547655,0.0709171631981543,0.136342742629752,0.0852320950599548,0.147599057319125,0.119015261282382,0.0828175629415569,0.153665081780516,0.107315262664306,0.172630474117588,0.122657641283104,0.0440403759329951
0.141731576115904,0.151959655718145,0.110301157721234,0.0845781181912407,0.116212036136322,0.103220387907718,0.0904376284866732,0.0698111285399105,0.133604199377111,0.0837949896808023,0.14455420904703,0.116735658848203,0.0814375339321178,0.150452714544597,0.105335960014108,0.168884133502007,0.120282913558238,0.0434981921191112
0.139427015336163,0.14941480349439,0.108701101115917,0.0835085934519689,0.11448376988166,0.101771005596834,0.0892515249185433,0.0690223642816207,0.131486941184145,0.0827408357878955,0.142183831737127,0.114995932636751,0.0804293413011624,0.147943573326604,0.10384190333429,0.165931321360007,0.118465126365544,0.0431515077663316
0.137821696174762,0.147620757679065,0.107642776972366,0.0828530548856669,0.11332674349908,0.100828081383069,0.0885084086997149,0.0685747704208169,0.130028055266555,0.0820967965986571,0.140526911843206,0.113830062881856,0.0798196156437989,0.146177632239707,0.102864835442647,0.163814949852713,0.117238932680018,0.0430172657397797
0.136936541895199,0.146598818089732,0.107145435548013,0.0826286843697493,0.112760586948019,0.100410366475718,0.0882259976598732,0.0684839805491563,0.129248110291277,0.0818799791767459,0.139604484109839,0.113257711624898,0.079625234118219,0.145176140315375,0.102423661868901,0.162556784098973,0.116624205406531,0.0431074588190281
0.136773930689722,0.146350377373246,0.10721397073213,0.0828417357951252,0.112789785866145,0.100523199635294,0.0884103009405065,0.0687566661250011,0.129150212619941,0.0820966669196114,0.139418662249881,0.113283326785856,0.0798525642164141,0.144940640056574,0.102523593675887,0.162156429722305,0.116625130489311,0.0434286071667508
0.137316443501596,0.14685563182453,0.107837806086315,0.0834865676296555,0.113402538515634,0.10115743017875,0.0890546150747598,0.0693896704803513,0.1297187861602,0.082741357150917,0.139951376196669,0.113894996606463,0.0804965167208637,0.145451683486237,0.103155059171045,0.162589989897733,0.117229044706565,0.0439811155590997
0.138525050697065,0.148071697744017,0.108989324291976,0.084544307747412,0.114569136182703,0.102287908503106,0.0901381317637133,0.0703688280031297,0.13091781776373,0.08379543374469,0.141162538982487,0.115062825786137,0.0815392420444048,0.146666958623391,0.104292175907403,0.163808073436925,0.118404783261242,0.0447584153373168
